Age at Diagnosis,Type of Breast Surgery,Cancer Type,Cancer Type Detailed,Cellularity,Chemotherapy,Pam50 + Claudin-low subtype,Cohort,ER status measured by IHC,ER Status,Neoplasm Histologic Grade,HER2 status measured by SNP6,HER2 Status,Tumor Other Histologic Subtype,Hormone Therapy,Inferred Menopausal State,Integrative Cluster,Primary Tumor Laterality,Lymph nodes examined positive,Mutation Count,Nottingham prognostic index,Oncotree Code,PR Status,Radio Therapy,Sex,3-Gene classifier subtype,Tumor Size,Tumor Stage,Target_10yr_Mortality,Synthetic_Survival_Months,Synthetic_Event
75.65,Mastectomy,Breast Cancer,Breast Invasive Ductal Carcinoma,High,0.0,claudin-low,1.0,Positive,Positive,3.0,Neutral,Negative,Ductal/NST,1.0,Post,4ER+,Right,10.0,5.0,6.044,IDC,Negative,1.0,1,ER-/HER2-,22.0,2.0,0,69.10049278396507,0
48.87,Mastectomy,Breast Cancer,Breast Invasive Ductal Carcinoma,High,1.0,LumB,1.0,Positive,Positive,2.0,Neutral,Negative,Ductal/NST,1.0,Pre,3,Right,1.0,2.0,4.03,IDC,Positive,0.0,1,ER+/HER2- High Prolif,15.0,2.0,0,78.7033240677329,0
47.68,Mastectomy,Breast Cancer,Breast Mixed Ductal and Lobular Carcinoma,Moderate,1.0,LumB,1.0,Positive,Positive,2.0,Neutral,Negative,Mixed,1.0,Pre,9,Right,3.0,1.0,4.05,MDLC,Positive,1.0,1,ER+/HER2- High Prolif,25.0,2.0,0,74.90934838886794,0
76.97,Mastectomy,Breast Cancer,Breast Mixed Ductal and Lobular Carcinoma,High,1.0,LumB,1.0,Positive,Positive,3.0,Neutral,Negative,Mixed,1.0,Post,9,Right,8.0,2.0,6.08,MDLC,Positive,1.0,1,ER+/HER2- High Prolif,40.0,2.0,1,52.45033283551515,1
78.77,Mastectomy,Breast Cancer,Breast Invasive Ductal Carcinoma,Moderate,0.0,LumB,1.0,Positive,Positive,3.0,Neutral,Negative,Ductal/NST,1.0,Post,7,Left,0.0,4.0,4.062,IDC,Positive,1.0,1,ER+/HER2- High Prolif,31.0,4.0,1,114.67714509227095,1
56.45,Breast Conserving,Breast Cancer,Breast Invasive Ductal Carcinoma,Moderate,1.0,LumB,1.0,Positive,Positive,2.0,Loss,Negative,Ductal/NST,1.0,Post,3,Right,1.0,4.0,4.02,IDC,Positive,1.0,1,ER+/HER2- High Prolif,10.0,2.0,0,104.63677755436062,0
70.0,Mastectomy,Breast Cancer,Breast Invasive Lobular Carcinoma,High,1.0,Normal,1.0,Negative,Negative,3.0,Neutral,Negative,Lobular,0.0,Post,4ER-,Left,0.0,5.0,6.13,ILC,Negative,1.0,1,ER-/HER2-,65.0,3.0,1,91.05534571563174,1
89.08,Breast Conserving,Breast Cancer,Breast Mixed Ductal and Lobular Carcinoma,Moderate,0.0,claudin-low,1.0,Positive,Positive,2.0,Neutral,Negative,Mixed,1.0,Post,3,Left,1.0,1.0,4.058,MDLC,Negative,1.0,1,ER+/HER2- High Prolif,29.0,2.0,1,76.65511629327995,1
86.41,Breast Conserving,Breast Cancer,Breast Invasive Ductal Carcinoma,Moderate,0.0,LumB,1.0,Positive,Positive,3.0,Gain,Negative,Ductal/NST,1.0,Post,9,Right,1.0,4.0,5.032,IDC,Negative,1.0,1,ER+/HER2- High Prolif,16.0,2.0,1,28.850013167783143,1
84.22,Mastectomy,Breast Cancer,Breast Invasive Lobular Carcinoma,High,0.0,Her2,1.0,Negative,Positive,2.0,Loss,Negative,Lobular,0.0,Post,3,Left,0.0,5.0,3.056,ILC,Negative,0.0,1,ER+/HER2- High Prolif,28.0,2.0,1,28.847408196309885,1
85.49,Mastectomy,Breast Cancer,Breast Invasive Ductal Carcinoma,Moderate,0.0,LumA,1.0,Positive,Positive,2.0,Neutral,Negative,Ductal/NST,1.0,Post,3,Left,0.0,1.0,3.0439999999999996,IDC,Positive,1.0,1,ER+/HER2- Low Prolif,22.0,4.0,0,62.011946084146764,0
70.91,Breast Conserving,Breast Cancer,Breast Invasive Ductal Carcinoma,High,0.0,LumB,1.0,Positive,Positive,1.0,Gain,Negative,Ductal/NST,1.0,Post,4ER+,Left,0.0,3.0,2.042,IDC,Positive,1.0,1,ER+/HER2- High Prolif,21.0,1.0,0,94.193381092279,0
45.27,Mastectomy,Breast Cancer,Breast Invasive Ductal Carcinoma,High,1.0,claudin-low,1.0,Negative,Negative,3.0,Neutral,Negative,Ductal/NST,0.0,Pre,4ER-,Right,3.0,5.0,5.038,IDC,Positive,1.0,1,ER+/HER2- High Prolif,19.0,2.0,0,105.74752114444144,0
83.02,Mastectomy,Breast Cancer,Breast Invasive Ductal Carcinoma,High,0.0,LumA,1.0,Positive,Positive,3.0,Gain,Positive,Ductal/NST,1.0,Post,5,Left,24.0,2.0,6.072,IDC,Positive,1.0,1,ER+/HER2- High Prolif,36.0,2.0,1,18.273030114165543,1
70.02,Breast Conserving,Breast Cancer,Breast Invasive Ductal Carcinoma,High,0.0,LumB,1.0,Positive,Positive,2.0,Neutral,Negative,Ductal/NST,1.0,Post,7,Right,0.0,5.0,3.0460000000000003,IDC,Negative,1.0,1,ER+/HER2- High Prolif,23.0,2.0,0,112.60593820570497,0
66.91,Mastectomy,Breast Cancer,Breast Invasive Ductal Carcinoma,Moderate,0.0,LumB,1.0,Positive,Positive,3.0,Gain,Negative,Ductal/NST,1.0,Post,10,Right,0.0,3.0,4.072,IDC,Positive,1.0,1,ER+/HER2- High Prolif,36.0,2.0,0,80.52490492295445,0
75.58,Mastectomy,Breast Cancer,Breast Invasive Ductal Carcinoma,High,0.0,LumA,1.0,Positive,Positive,3.0,Neutral,Negative,Ductal/NST,1.0,Post,8,Left,0.0,5.0,4.034,IDC,Positive,1.0,1,ER+/HER2- High Prolif,17.0,1.0,0,109.27543828032077,0
45.43,Breast Conserving,Breast Cancer,Breast Invasive Ductal Carcinoma,High,1.0,LumB,1.0,Positive,Positive,3.0,Neutral,Negative,Ductal/NST,1.0,Pre,10,Right,0.0,5.0,4.046,IDC,Positive,1.0,1,ER+/HER2- High Prolif,23.0,2.0,0,66.63790421731244,0
52.14,Mastectomy,Breast Cancer,Breast Invasive Ductal Carcinoma,High,1.0,Basal,1.0,Negative,Negative,3.0,Neutral,Negative,Ductal/NST,0.0,Post,10,Right,0.0,3.0,4.034,IDC,Negative,1.0,1,ER+/HER2- High Prolif,17.0,1.0,0,110.7871375040711,0
61.49,Breast Conserving,Breast Cancer,Breast Invasive Ductal Carcinoma,High,0.0,LumB,1.0,Positive,Positive,2.0,Neutral,Negative,Ductal/NST,1.0,Post,7,Left,1.0,3.0,4.032,IDC,Positive,1.0,1,ER+/HER2- High Prolif,16.0,2.0,0,67.64931973991895,0
68.42,Mastectomy,Breast Cancer,Invasive Breast Carcinoma,High,0.0,LumB,1.0,Positive,Positive,2.0,Neutral,Negative,Ductal/NST,1.0,Post,8,Left,0.0,5.0,4.1,BRCA,Negative,1.0,1,ER+/HER2- High Prolif,50.0,2.0,0,83.83723743362204,0
50.42,Mastectomy,Breast Cancer,Breast Invasive Ductal Carcinoma,High,1.0,Her2,1.0,Negative,Negative,3.0,Neutral,Negative,Ductal/NST,0.0,Post,10,Right,4.0,4.0,6.08,IDC,Negative,1.0,1,ER+/HER2- High Prolif,40.0,2.0,1,105.547023743693,1
64.85,Breast Conserving,Breast Cancer,Breast Invasive Lobular Carcinoma,Moderate,0.0,LumB,1.0,Positive,Positive,2.0,Neutral,Negative,Lobular,1.0,Post,2,Right,0.0,2.0,3.026,ILC,Positive,1.0,1,ER+/HER2- High Prolif,13.0,1.0,1,76.92042126826655,1
43.55,Breast Conserving,Breast Cancer,Breast Mixed Ductal and Lobular Carcinoma,High,0.0,LumB,1.0,Positive,Positive,3.0,Neutral,Negative,Mixed,1.0,Pre,3,Left,1.0,4.0,5.0280000000000005,MDLC,Positive,1.0,1,ER+/HER2- High Prolif,14.0,2.0,0,107.83772194677321,0
80.5,Mastectomy,Breast Cancer,Breast Invasive Ductal Carcinoma,High,0.0,LumB,1.0,Positive,Positive,2.0,Neutral,Negative,Ductal/NST,1.0,Post,8,Left,1.0,3.0,4.11,IDC,Positive,1.0,1,ER+/HER2- High Prolif,55.0,3.0,1,88.47183840197292,1
51.58,Breast Conserving,Breast Cancer,Breast Invasive Ductal Carcinoma,Moderate,1.0,LumB,1.0,Positive,Positive,2.0,Loss,Negative,Ductal/NST,1.0,Post,4ER+,Right,0.0,5.0,3.042,IDC,Positive,1.0,1,ER+/HER2- High Prolif,21.0,2.0,0,68.99504564092642,0
68.68,Mastectomy,Breast Cancer,Breast Invasive Ductal Carcinoma,Low,1.0,Basal,1.0,Negative,Negative,3.0,Neutral,Negative,Ductal/NST,0.0,Post,10,Right,0.0,1.0,4.078,IDC,Negative,1.0,1,ER-/HER2-,39.0,2.0,1,14.223125383946664,1
46.89,Mastectomy,Breast Cancer,Breast Invasive Lobular Carcinoma,Moderate,0.0,Normal,1.0,Positive,Positive,2.0,Neutral,Negative,Lobular,1.0,Pre,8,Right,0.0,3.0,3.068,ILC,Positive,1.0,1,ER+/HER2- Low Prolif,34.0,2.0,0,73.75508371395848,0
51.38,Mastectomy,Breast Cancer,Breast Invasive Lobular Carcinoma,High,1.0,LumB,1.0,Positive,Positive,2.0,Neutral,Negative,Lobular,1.0,Post,3,Right,16.0,4.0,5.08,ILC,Positive,1.0,1,ER+/HER2- High Prolif,40.0,2.0,0,103.33515410358397,0
65.59,Mastectomy,Breast Cancer,Breast Invasive Ductal Carcinoma,Moderate,0.0,LumB,1.0,Positive,Positive,3.0,Neutral,Negative,Ductal/NST,1.0,Post,1,Right,0.0,4.0,4.0360000000000005,IDC,Positive,0.0,1,ER+/HER2- High Prolif,18.0,2.0,0,103.20219219276446,0
43.15,Breast Conserving,Breast Cancer,Breast Invasive Ductal Carcinoma,Low,1.0,claudin-low,1.0,Positive,Positive,3.0,Neutral,Negative,Ductal/NST,1.0,Pre,4ER+,Right,0.0,2.0,4.0360000000000005,IDC,Negative,1.0,1,ER+/HER2- High Prolif,18.0,1.0,1,116.75026403349538,1
82.53,Mastectomy,Breast Cancer,Breast Invasive Ductal Carcinoma,High,0.0,Basal,1.0,Positive,Positive,3.0,Gain,Negative,Ductal/NST,0.0,Post,9,Left,0.0,7.0,4.09,IDC,Positive,0.0,1,ER+/HER2- High Prolif,45.0,2.0,1,101.90380520644555,1
45.73,Breast Conserving,Breast Cancer,Invasive Breast Carcinoma,Low,0.0,claudin-low,1.0,Positive,Negative,3.0,Neutral,Negative,Ductal/NST,0.0,Pre,3,Left,0.0,5.0,2.14,BRCA,Negative,0.0,1,ER+/HER2- High Prolif,70.0,0.0,0,98.46885797311784,0
54.23,Mastectomy,Breast Cancer,Breast Invasive Ductal Carcinoma,High,0.0,LumA,1.0,Positive,Positive,1.0,Neutral,Negative,Ductal/NST,1.0,Post,3,Right,0.0,4.0,2.0540000000000003,IDC,Positive,0.0,1,ER+/HER2- Low Prolif,27.0,2.0,0,101.636906668026,0
83.89,Mastectomy,Breast Cancer,Breast Invasive Lobular Carcinoma,High,0.0,LumA,1.0,Positive,Positive,3.0,Neutral,Negative,Lobular,1.0,Post,3,Right,14.0,8.0,6.3,ILC,Negative,1.0,1,ER+/HER2- Low Prolif,150.0,3.0,1,34.932623953253824,1
39.84,Mastectomy,Breast Cancer,Breast Invasive Ductal Carcinoma,Moderate,1.0,Basal,1.0,Negative,Negative,3.0,Neutral,Negative,Ductal/NST,0.0,Pre,10,Left,0.0,5.0,4.05,IDC,Negative,1.0,1,ER-/HER2-,25.0,2.0,1,31.637096458366866,1
42.55,Mastectomy,Breast Cancer,Breast Invasive Lobular Carcinoma,Moderate,1.0,Normal,1.0,Positive,Positive,2.0,Neutral,Negative,Lobular,1.0,Pre,6,Right,1.0,2.0,4.12,ILC,Positive,1.0,1,ER+/HER2- High Prolif,60.0,3.0,0,92.56346660085578,0
82.73,Mastectomy,Breast Cancer,Breast Invasive Ductal Carcinoma,High,0.0,LumB,1.0,Positive,Positive,2.0,Gain,Negative,Ductal/NST,1.0,Post,7,Left,1.0,2.0,4.046,IDC,Negative,1.0,1,ER+/HER2- High Prolif,23.0,2.0,1,31.807687064170853,1
72.1,Mastectomy,Breast Cancer,Breast Invasive Ductal Carcinoma,Moderate,0.0,LumB,1.0,Positive,Positive,3.0,Gain,Positive,Ductal/NST,1.0,Post,9,Left,1.0,3.0,5.052,IDC,Negative,1.0,1,ER+/HER2- High Prolif,26.0,2.0,1,44.858162239630076,1
78.73,Mastectomy,Breast Cancer,Breast Invasive Ductal Carcinoma,Moderate,0.0,LumA,1.0,Positive,Positive,2.0,Neutral,Negative,Ductal/NST,1.0,Post,8,Left,6.0,4.0,5.06,IDC,Negative,1.0,1,ER+/HER2- Low Prolif,30.0,2.0,0,75.10794353441716,0
58.95,Breast Conserving,Breast Cancer,Breast Invasive Ductal Carcinoma,Moderate,0.0,LumA,1.0,Positive,Positive,1.0,Neutral,Negative,Ductal/NST,1.0,Post,8,Right,1.0,5.0,3.04,IDC,Positive,1.0,1,ER+/HER2- Low Prolif,20.0,2.0,0,80.74175961023516,0
76.89,Mastectomy,Breast Cancer,Breast Invasive Ductal Carcinoma,Moderate,0.0,LumB,1.0,Positive,Positive,3.0,Neutral,Negative,Ductal/NST,1.0,Post,1,Right,0.0,8.0,4.05,IDC,Positive,0.0,1,ER+/HER2- High Prolif,25.0,2.0,1,68.6736946162817,1
61.95,Mastectomy,Breast Cancer,Breast Invasive Ductal Carcinoma,Moderate,0.0,LumA,1.0,Positive,Positive,2.0,Neutral,Negative,Ductal/NST,1.0,Post,8,Right,0.0,5.0,3.07,IDC,Positive,1.0,1,ER+/HER2- Low Prolif,35.0,2.0,0,70.89586300808554,0
52.11,Breast Conserving,Breast Cancer,Breast Invasive Ductal Carcinoma,High,1.0,Normal,1.0,Positive,Negative,2.0,Neutral,Negative,Ductal/NST,1.0,Post,3,Right,1.0,5.0,4.026,IDC,Negative,1.0,1,ER+/HER2- Low Prolif,13.0,2.0,0,114.5070336800177,0
57.4,Breast Conserving,Breast Cancer,Breast Invasive Ductal Carcinoma,Low,0.0,claudin-low,1.0,Positive,Positive,2.0,Neutral,Negative,Ductal/NST,1.0,Post,3,Left,0.0,4.0,3.028,IDC,Positive,1.0,1,ER+/HER2- Low Prolif,14.0,1.0,0,95.00350768596722,0
63.53,Mastectomy,Breast Cancer,Breast Invasive Ductal Carcinoma,Low,1.0,Her2,1.0,Negative,Negative,3.0,Gain,Positive,Ductal/NST,0.0,Post,5,Right,4.0,5.0,6.047999999999999,IDC,Negative,1.0,1,HER2+,24.0,2.0,1,58.6500620133485,1
56.75,Mastectomy,Breast Cancer,Breast Invasive Ductal Carcinoma,Low,0.0,LumA,1.0,Positive,Positive,1.0,Gain,Positive,Ductal/NST,1.0,Post,5,Left,0.0,5.0,2.0340000000000003,IDC,Negative,0.0,1,HER2+,17.0,1.0,0,84.0510850058184,0
69.16,Mastectomy,Breast Cancer,Breast Invasive Ductal Carcinoma,Moderate,1.0,LumA,1.0,Positive,Positive,3.0,Neutral,Negative,Ductal/NST,1.0,Post,8,Left,0.0,5.0,4.078,IDC,Negative,1.0,1,ER+/HER2- High Prolif,39.0,2.0,1,43.45274714138853,1
58.89,Breast Conserving,Breast Cancer,Breast Mixed Ductal and Lobular Carcinoma,Moderate,1.0,LumA,1.0,Positive,Positive,1.0,Neutral,Negative,Mixed,1.0,Post,8,Left,1.0,3.0,3.16,MDLC,Negative,1.0,1,ER+/HER2- Low Prolif,80.0,2.0,0,87.72034821864796,0
73.11,Mastectomy,Breast Cancer,Breast Invasive Ductal Carcinoma,High,0.0,LumB,1.0,Positive,Positive,3.0,Neutral,Negative,Ductal/NST,1.0,Post,8,Left,3.0,1.0,5.044,IDC,Negative,1.0,1,ER+/HER2- High Prolif,22.0,2.0,1,78.08011263001698,1
51.33,Breast Conserving,Breast Cancer,Breast Invasive Ductal Carcinoma,Moderate,0.0,LumA,1.0,Positive,Positive,2.0,Loss,Negative,Ductal/NST,1.0,Post,3,Left,0.0,2.0,3.036,IDC,Positive,0.0,1,ER+/HER2- Low Prolif,18.0,1.0,0,116.83700037670891,0
74.07,Breast Conserving,Breast Cancer,Breast Invasive Ductal Carcinoma,High,0.0,LumB,1.0,Positive,Positive,2.0,Neutral,Negative,Ductal/NST,1.0,Post,8,Right,1.0,1.0,4.053999999999999,IDC,Negative,1.0,1,ER+/HER2- High Prolif,27.0,2.0,0,69.2010841869648,0
85.39,Breast Conserving,Breast Cancer,Breast Invasive Ductal Carcinoma,High,0.0,LumA,1.0,Positive,Positive,3.0,Neutral,Negative,Ductal/NST,1.0,Post,9,Right,2.0,7.0,5.044,IDC,Negative,1.0,1,ER+/HER2- High Prolif,22.0,2.0,1,27.06533695042052,1
79.73,Breast Conserving,Breast Cancer,Breast Invasive Ductal Carcinoma,High,0.0,LumB,1.0,Positive,Positive,3.0,Neutral,Negative,Ductal/NST,1.0,Post,8,Left,6.0,5.0,6.0520000000000005,IDC,Positive,1.0,1,ER+/HER2- Low Prolif,26.0,2.0,0,95.17378992100784,0
62.4,Breast Conserving,Breast Cancer,Breast Invasive Lobular Carcinoma,Moderate,0.0,LumA,1.0,Positive,Positive,2.0,Neutral,Negative,Lobular,1.0,Post,3,Left,0.0,2.0,3.04,ILC,Positive,1.0,1,ER+/HER2- Low Prolif,20.0,1.0,0,90.35332073306796,0
81.0,Breast Conserving,Breast Cancer,Breast Invasive Ductal Carcinoma,High,0.0,LumB,1.0,Positive,Positive,3.0,Loss,Negative,Ductal/NST,1.0,Post,1,Left,2.0,5.0,5.044,IDC,Negative,1.0,1,ER+/HER2- High Prolif,22.0,2.0,0,96.68725412607887,0
79.28,Mastectomy,Breast Cancer,Breast Invasive Lobular Carcinoma,High,0.0,LumA,1.0,Positive,Positive,2.0,Neutral,Negative,Lobular,1.0,Post,2,Right,9.0,2.0,5.0760000000000005,ILC,Positive,1.0,1,ER+/HER2- High Prolif,38.0,2.0,1,43.55162204180356,1
77.13,Breast Conserving,Breast Cancer,Breast Invasive Ductal Carcinoma,Low,0.0,Basal,1.0,Negative,Negative,3.0,Loss,Negative,Ductal/NST,0.0,Post,10,Right,0.0,2.0,4.078,IDC,Negative,1.0,1,ER-/HER2-,39.0,2.0,1,51.5670790757187,1
67.7,Mastectomy,Breast Cancer,Breast Invasive Ductal Carcinoma,Moderate,0.0,LumB,1.0,Positive,Positive,3.0,Neutral,Negative,Ductal/NST,1.0,Post,2,Left,6.0,1.0,6.1,IDC,Positive,1.0,1,ER+/HER2- High Prolif,50.0,3.0,1,61.25555829543988,1
67.12,Mastectomy,Breast Cancer,Invasive Breast Carcinoma,High,0.0,claudin-low,1.0,Positive,Negative,3.0,Neutral,Negative,Ductal/NST,0.0,Post,4ER-,Left,0.0,5.0,1.056,BRCA,Negative,0.0,1,ER-/HER2-,28.0,2.0,0,61.08661102925043,0
50.43,Mastectomy,Breast Cancer,Breast Invasive Ductal Carcinoma,Moderate,1.0,Basal,1.0,Negative,Negative,3.0,Neutral,Negative,Ductal/NST,1.0,Post,10,Left,0.0,5.0,4.044,IDC,Negative,0.0,1,ER-/HER2-,22.0,2.0,0,112.3274345366491,0
36.66,Breast Conserving,Breast Cancer,Invasive Breast Carcinoma,High,0.0,Normal,1.0,Positive,Negative,3.0,Neutral,Negative,Ductal/NST,0.0,Pre,4ER-,Right,0.0,5.0,1.046,BRCA,Positive,0.0,1,ER+/HER2- High Prolif,23.0,2.0,0,115.92709694901674,0
84.73,Breast Conserving,Breast Cancer,Breast Invasive Ductal Carcinoma,High,0.0,Basal,1.0,Negative,Negative,3.0,Neutral,Negative,Ductal/NST,0.0,Post,10,Left,1.0,14.0,5.053999999999999,IDC,Negative,0.0,1,ER+/HER2- High Prolif,27.0,2.0,1,96.79900383044547,1
53.75,Mastectomy,Breast Cancer,Breast Invasive Ductal Carcinoma,Moderate,1.0,LumA,1.0,Positive,Positive,3.0,Gain,Positive,Ductal/NST,1.0,Post,5,Left,22.0,2.0,6.104,IDC,Negative,1.0,1,HER2+,52.0,3.0,1,33.56476847310285,1
76.4,Mastectomy,Breast Cancer,Breast Invasive Ductal Carcinoma,High,0.0,LumB,1.0,Positive,Positive,3.0,Neutral,Negative,Ductal/NST,1.0,Post,9,Right,2.0,9.0,5.0760000000000005,IDC,Positive,1.0,1,ER+/HER2- High Prolif,38.0,2.0,1,67.53731934867005,1
60.26,Breast Conserving,Breast Cancer,Breast Invasive Ductal Carcinoma,Low,0.0,claudin-low,1.0,Positive,Positive,3.0,Neutral,Negative,Ductal/NST,1.0,Post,4ER+,Left,0.0,1.0,4.034,IDC,Negative,1.0,1,ER+/HER2- Low Prolif,17.0,1.0,0,93.90799101535254,0
79.28,Breast Conserving,Breast Cancer,Breast Invasive Lobular Carcinoma,Low,0.0,Normal,1.0,Positive,Positive,2.0,Neutral,Negative,Lobular,1.0,Post,4ER+,Left,0.0,5.0,3.0780000000000003,ILC,Positive,0.0,1,ER+/HER2- Low Prolif,39.0,2.0,0,101.79904943261353,0
83.35,Mastectomy,Breast Cancer,Breast Invasive Ductal Carcinoma,Low,0.0,LumA,1.0,Positive,Positive,1.0,Neutral,Negative,Tubular/ cribriform,1.0,Post,3,Left,1.0,3.0,3.052,IDC,Negative,1.0,1,ER+/HER2- Low Prolif,26.0,2.0,1,75.98077343710058,1
48.11,Mastectomy,Breast Cancer,Breast Invasive Ductal Carcinoma,Low,1.0,LumA,1.0,Positive,Positive,2.0,Neutral,Negative,Ductal/NST,1.0,Pre,3,Right,1.0,7.0,4.04,IDC,Positive,1.0,1,ER+/HER2- Low Prolif,20.0,2.0,0,115.34996287063774,0
85.94,Mastectomy,Breast Cancer,Breast Mixed Ductal and Lobular Carcinoma,Low,0.0,LumA,1.0,Positive,Positive,2.0,Neutral,Negative,Mixed,1.0,Post,6,Left,2.0,3.0,4.088,MDLC,Positive,1.0,1,ER+/HER2- Low Prolif,44.0,2.0,1,17.016644573759756,1
74.63,Breast Conserving,Breast Cancer,Breast Invasive Ductal Carcinoma,High,0.0,LumB,1.0,Positive,Positive,3.0,Neutral,Negative,Ductal/NST,1.0,Post,1,Left,0.0,3.0,4.042,IDC,Positive,1.0,1,ER+/HER2- High Prolif,21.0,2.0,1,77.61484400535534,1
56.39,Mastectomy,Breast Cancer,Breast Invasive Ductal Carcinoma,Low,1.0,claudin-low,1.0,Negative,Negative,3.0,Gain,Negative,Ductal/NST,0.0,Post,4ER-,Right,7.0,5.0,6.068,IDC,Negative,1.0,1,ER-/HER2-,34.0,3.0,1,30.416605358227486,1
76.84,Mastectomy,Breast Cancer,Breast Invasive Ductal Carcinoma,Moderate,0.0,LumB,1.0,Positive,Positive,3.0,Gain,Negative,Ductal/NST,1.0,Post,9,Right,0.0,5.0,5.1,IDC,Positive,1.0,1,ER+/HER2- High Prolif,50.0,2.0,1,19.02557204241019,1
82.65,Mastectomy,Breast Cancer,Breast Invasive Lobular Carcinoma,High,1.0,Her2,1.0,Positive,Negative,2.0,Neutral,Negative,Lobular,0.0,Post,3,Right,2.0,7.0,4.09,ILC,Negative,1.0,1,ER+/HER2- High Prolif,45.0,2.0,1,114.47963802336,1
57.79,Mastectomy,Breast Cancer,Breast Invasive Ductal Carcinoma,Moderate,1.0,Normal,1.0,Positive,Positive,3.0,Neutral,Negative,Ductal/NST,1.0,Post,6,Right,6.0,2.0,6.096,IDC,Negative,1.0,1,ER+/HER2- Low Prolif,48.0,4.0,1,116.28825957205241,1
81.02,Breast Conserving,Breast Cancer,Breast Invasive Ductal Carcinoma,High,0.0,Basal,1.0,Negative,Negative,3.0,Neutral,Negative,Ductal/NST,0.0,Post,10,Right,0.0,2.0,4.05,IDC,Negative,1.0,1,ER+/HER2- High Prolif,25.0,2.0,1,99.3069135965778,1
62.55,Breast Conserving,Breast Cancer,Breast Mixed Ductal and Lobular Carcinoma,Moderate,0.0,claudin-low,1.0,Positive,Positive,1.0,Neutral,Negative,Mixed,1.0,Post,4ER+,Right,0.0,2.0,2.026,MDLC,Negative,1.0,1,ER+/HER2- Low Prolif,13.0,1.0,0,102.43431805880391,0
75.18,Mastectomy,Breast Cancer,Breast Invasive Ductal Carcinoma,High,0.0,LumB,1.0,Positive,Positive,3.0,Gain,Negative,Ductal/NST,1.0,Post,6,Right,21.0,2.0,6.056,IDC,Negative,1.0,1,ER+/HER2- High Prolif,28.0,2.0,0,69.15234257485568,0
43.37,Mastectomy,Breast Cancer,Breast Invasive Ductal Carcinoma,High,1.0,LumB,1.0,Positive,Positive,3.0,Neutral,Negative,Ductal/NST,1.0,Pre,8,Right,4.0,3.0,6.0360000000000005,IDC,Positive,1.0,1,ER+/HER2- High Prolif,18.0,2.0,0,94.57730161000879,0
57.56,Breast Conserving,Breast Cancer,Breast Mixed Ductal and Lobular Carcinoma,High,0.0,LumA,1.0,Positive,Positive,3.0,Neutral,Negative,Mixed,1.0,Post,3,Right,1.0,1.0,5.038,MDLC,Positive,1.0,1,ER+/HER2- Low Prolif,19.0,2.0,0,96.40290278297135,0
69.86,Mastectomy,Breast Cancer,Breast Invasive Ductal Carcinoma,Moderate,0.0,Basal,1.0,Negative,Negative,3.0,Neutral,Negative,Medullary,0.0,Post,10,Right,0.0,1.0,4.0760000000000005,IDC,Negative,1.0,1,ER+/HER2- High Prolif,38.0,2.0,0,85.44784027814316,0
49.5,Mastectomy,Breast Cancer,Breast Invasive Ductal Carcinoma,Moderate,1.0,Basal,1.0,Negative,Negative,3.0,Gain,Positive,Ductal/NST,0.0,Pre,5,Left,0.0,4.0,4.04,IDC,Negative,1.0,1,HER2+,20.0,1.0,0,104.18665413748337,0
46.0,Mastectomy,Breast Cancer,Breast Invasive Ductal Carcinoma,High,1.0,LumA,1.0,Positive,Positive,3.0,Neutral,Negative,Ductal/NST,1.0,Pre,4ER+,Right,1.0,3.0,5.06,IDC,Positive,1.0,1,ER+/HER2- High Prolif,30.0,2.0,0,116.06202088614089,0
86.24,Mastectomy,Breast Cancer,Breast Invasive Ductal Carcinoma,High,1.0,LumA,1.0,Positive,Positive,3.0,Neutral,Negative,Ductal/NST,1.0,Post,7,Right,1.0,2.0,5.05,IDC,Positive,1.0,1,ER+/HER2- High Prolif,25.0,2.0,1,44.89828707072403,1
79.38,Breast Conserving,Breast Cancer,Breast Invasive Ductal Carcinoma,Moderate,0.0,LumA,1.0,Positive,Positive,1.0,Neutral,Negative,Ductal/NST,1.0,Post,3,Right,0.0,3.0,2.02,IDC,Negative,1.0,1,ER+/HER2- Low Prolif,10.0,1.0,1,22.548588312689457,1
53.56,Breast Conserving,Breast Cancer,Breast Invasive Lobular Carcinoma,Low,0.0,Normal,1.0,Positive,Positive,2.0,Neutral,Negative,Lobular,1.0,Post,3,Left,0.0,1.0,3.052,ILC,Negative,1.0,1,ER+/HER2- Low Prolif,26.0,2.0,0,115.53411077440659,0
55.02,Mastectomy,Breast Cancer,Breast Invasive Ductal Carcinoma,High,1.0,claudin-low,1.0,Negative,Negative,3.0,Neutral,Negative,Medullary,0.0,Post,10,Left,2.0,7.0,5.07,IDC,Negative,1.0,1,ER-/HER2-,35.0,2.0,0,87.05036228424792,0
48.13,Mastectomy,Breast Cancer,Breast Mixed Ductal and Lobular Carcinoma,High,0.0,LumA,1.0,Positive,Positive,2.0,Gain,Negative,Mixed,1.0,Pre,8,Left,2.0,6.0,4.056,MDLC,Positive,0.0,1,ER+/HER2- Low Prolif,28.0,2.0,0,66.79428275044532,0
63.14,Mastectomy,Breast Cancer,Invasive Breast Carcinoma,High,0.0,claudin-low,1.0,Positive,Negative,2.0,Neutral,Negative,Ductal/NST,1.0,Post,4ER+,Left,0.0,5.0,5.01,BRCA,Negative,1.0,1,ER+/HER2- High Prolif,5.0,3.0,0,119.09047193774008,0
42.95,Mastectomy,Breast Cancer,Breast Invasive Ductal Carcinoma,Moderate,0.0,claudin-low,1.0,Positive,Negative,3.0,Neutral,Negative,Ductal/NST,0.0,Pre,9,Left,13.0,2.0,6.08,IDC,Negative,0.0,1,ER+/HER2- Low Prolif,40.0,2.0,1,85.89716686331295,1
41.41,Breast Conserving,Breast Cancer,Breast Invasive Ductal Carcinoma,High,1.0,Basal,1.0,Positive,Negative,3.0,Neutral,Negative,Ductal/NST,0.0,Pre,10,Left,0.0,4.0,4.053999999999999,IDC,Negative,1.0,1,ER-/HER2-,27.0,2.0,0,110.33388518675605,0
75.63,Mastectomy,Breast Cancer,Breast Mixed Ductal and Lobular Carcinoma,High,0.0,LumB,1.0,Positive,Positive,2.0,Neutral,Negative,Mixed,1.0,Post,3,Right,0.0,11.0,3.08,MDLC,Positive,1.0,1,ER+/HER2- High Prolif,40.0,2.0,0,67.47976087219601,0
43.39,Breast Conserving,Breast Cancer,Breast Invasive Ductal Carcinoma,High,1.0,LumB,1.0,Positive,Positive,3.0,Neutral,Negative,Ductal/NST,1.0,Pre,1,Left,2.0,2.0,5.04,IDC,Positive,1.0,1,ER+/HER2- High Prolif,20.0,2.0,0,115.25051295704233,0
37.24,Mastectomy,Breast Cancer,Breast Invasive Ductal Carcinoma,High,0.0,claudin-low,1.0,Positive,Negative,3.0,Gain,Negative,Ductal/NST,0.0,Pre,4ER+,Right,6.0,1.0,6.04,IDC,Negative,0.0,1,HER2+,20.0,2.0,1,59.53646932387694,1
77.72,Mastectomy,Breast Cancer,Breast Invasive Ductal Carcinoma,Moderate,0.0,Her2,1.0,Negative,Negative,3.0,Gain,Negative,Ductal/NST,0.0,Post,4ER-,Left,7.0,8.0,6.04,IDC,Negative,0.0,1,ER+/HER2- High Prolif,20.0,2.0,1,25.180129363236112,1
50.31,Breast Conserving,Breast Cancer,Breast Invasive Lobular Carcinoma,High,1.0,claudin-low,1.0,Positive,Positive,3.0,Neutral,Negative,Lobular,1.0,Post,4ER+,Right,0.0,6.0,2.04,ILC,Positive,1.0,1,ER+/HER2- Low Prolif,20.0,2.0,0,112.1937817237277,0
50.45,Mastectomy,Breast Cancer,Breast Invasive Ductal Carcinoma,High,1.0,LumA,1.0,Positive,Positive,3.0,Gain,Negative,Ductal/NST,1.0,Post,4ER+,Right,12.0,5.0,6.04,IDC,Negative,1.0,1,ER+/HER2- Low Prolif,20.0,2.0,1,65.47910629201718,1
44.01,Mastectomy,Breast Cancer,Breast Invasive Ductal Carcinoma,Moderate,0.0,LumA,1.0,Positive,Positive,3.0,Neutral,Negative,Ductal/NST,1.0,Pre,4ER+,Right,0.0,8.0,4.05,IDC,Positive,0.0,1,ER+/HER2- Low Prolif,25.0,2.0,0,91.13028342756432,0
59.15,Breast Conserving,Breast Cancer,Breast Invasive Ductal Carcinoma,Moderate,0.0,LumB,1.0,Positive,Positive,2.0,Gain,Positive,Ductal/NST,1.0,Post,1,Left,0.0,5.0,3.0380000000000003,IDC,Negative,0.0,1,HER2+,19.0,1.0,0,95.47652614469575,0
63.35,Mastectomy,Breast Cancer,Breast Invasive Lobular Carcinoma,Low,0.0,Normal,1.0,Positive,Positive,1.0,Neutral,Negative,Lobular,0.0,Post,4ER+,Left,1.0,1.0,3.034,ILC,Positive,0.0,1,ER+/HER2- Low Prolif,17.0,2.0,1,15.713960280443587,1
41.98,Mastectomy,Breast Cancer,Breast Invasive Ductal Carcinoma,High,0.0,Her2,1.0,Positive,Negative,3.0,Gain,Positive,Ductal/NST,0.0,Pre,5,Left,0.0,2.0,1.07,IDC,Negative,0.0,1,HER2+,35.0,0.0,0,83.94016223220781,0
44.73,Breast Conserving,Breast Cancer,Breast Invasive Ductal Carcinoma,High,0.0,LumA,1.0,Positive,Positive,2.0,Neutral,Negative,Ductal/NST,0.0,Pre,8,Right,0.0,3.0,3.028,IDC,Positive,0.0,1,ER+/HER2- Low Prolif,14.0,1.0,0,63.28569832932188,0
77.77,Breast Conserving,Breast Cancer,Breast Invasive Ductal Carcinoma,Moderate,0.0,LumA,1.0,Positive,Positive,2.0,Gain,Negative,Ductal/NST,1.0,Post,2,Left,0.0,9.0,3.034,IDC,Positive,0.0,1,ER+/HER2- Low Prolif,17.0,1.0,1,110.20660342450846,1
56.27,Mastectomy,Breast Cancer,Breast Mixed Ductal and Lobular Carcinoma,High,0.0,LumB,1.0,Positive,Positive,3.0,Neutral,Negative,Mixed,1.0,Post,8,Right,0.0,7.0,3.052,MDLC,Positive,1.0,1,ER+/HER2- High Prolif,26.0,2.0,1,39.94823801280182,1
52.55,Breast Conserving,Breast Cancer,Breast Invasive Ductal Carcinoma,Low,1.0,LumA,1.0,Positive,Positive,2.0,Neutral,Negative,Ductal/NST,1.0,Post,8,Left,1.0,3.0,4.04,IDC,Positive,1.0,1,ER+/HER2- Low Prolif,20.0,2.0,0,80.11183449875405,0
43.63,Mastectomy,Breast Cancer,Breast Invasive Ductal Carcinoma,Moderate,1.0,LumA,1.0,Positive,Positive,3.0,Gain,Positive,Ductal/NST,1.0,Pre,5,Right,0.0,1.0,4.053999999999999,IDC,Positive,1.0,1,HER2+,27.0,2.0,0,108.17120691588069,0
52.19,Mastectomy,Breast Cancer,Breast Invasive Ductal Carcinoma,High,1.0,claudin-low,1.0,Negative,Negative,3.0,Neutral,Negative,Ductal/NST,0.0,Post,10,Right,4.0,1.0,6.07,IDC,Negative,1.0,1,ER-/HER2-,35.0,2.0,0,60.27792138027617,0
77.85,Breast Conserving,Breast Cancer,Breast Mixed Ductal and Lobular Carcinoma,High,0.0,LumA,1.0,Positive,Positive,1.0,Neutral,Negative,Mixed,1.0,Post,3,Right,0.0,2.0,2.092,MDLC,Positive,1.0,1,ER+/HER2- Low Prolif,46.0,3.0,1,83.55240671023006,1
55.09,Mastectomy,Breast Cancer,Breast Invasive Ductal Carcinoma,Moderate,0.0,claudin-low,1.0,Positive,Positive,3.0,Neutral,Negative,Ductal/NST,0.0,Post,4ER+,Left,0.0,6.0,4.058,IDC,Negative,0.0,1,ER+/HER2- High Prolif,29.0,2.0,1,45.66479621765638,1
51.25,Breast Conserving,Breast Cancer,Breast Invasive Ductal Carcinoma,Moderate,0.0,LumB,1.0,Positive,Positive,2.0,Neutral,Negative,Ductal/NST,1.0,Post,8,Left,0.0,5.0,3.036,IDC,Positive,0.0,1,ER+/HER2- Low Prolif,18.0,1.0,0,80.00995030146865,0
53.72,Breast Conserving,Breast Cancer,Breast Invasive Ductal Carcinoma,High,1.0,LumB,1.0,Positive,Positive,2.0,Neutral,Negative,Ductal/NST,1.0,Post,8,Right,1.0,4.0,4.044,IDC,Positive,1.0,1,ER+/HER2- Low Prolif,22.0,2.0,0,83.8901216154566,0
67.83,Breast Conserving,Breast Cancer,Breast Invasive Ductal Carcinoma,Low,0.0,Normal,1.0,Positive,Positive,1.0,Neutral,Negative,Ductal/NST,1.0,Post,4ER+,Left,0.0,1.0,2.022,IDC,Positive,0.0,1,ER+/HER2- High Prolif,11.0,1.0,0,92.24373617627538,0
54.76,Breast Conserving,Breast Cancer,Breast Invasive Lobular Carcinoma,High,0.0,LumA,1.0,Positive,Positive,3.0,Neutral,Negative,Lobular,1.0,Post,3,Right,0.0,13.0,1.028,ILC,Negative,0.0,1,ER+/HER2- Low Prolif,14.0,1.0,0,115.19133698476563,0
66.75,Breast Conserving,Breast Cancer,Breast Invasive Ductal Carcinoma,Moderate,0.0,LumA,1.0,Positive,Positive,2.0,Neutral,Negative,Ductal/NST,1.0,Post,4ER+,Left,1.0,4.0,4.03,IDC,Positive,1.0,1,ER+/HER2- Low Prolif,15.0,2.0,0,80.78075966195767,0
53.45,Breast Conserving,Breast Cancer,Breast Invasive Ductal Carcinoma,High,0.0,Her2,1.0,Negative,Negative,3.0,Gain,Negative,Ductal/NST,0.0,Post,10,Right,0.0,2.0,4.022,IDC,Negative,1.0,1,ER-/HER2-,11.0,1.0,0,80.81719211377366,0
69.19,Breast Conserving,Breast Cancer,Breast Invasive Ductal Carcinoma,High,0.0,Normal,1.0,Positive,Positive,2.0,Neutral,Negative,Ductal/NST,1.0,Post,4ER+,Left,0.0,1.0,3.0239999999999996,IDC,Positive,0.0,1,ER+/HER2- Low Prolif,12.0,1.0,0,104.2500748865849,0
53.1,Breast Conserving,Breast Cancer,Breast Invasive Ductal Carcinoma,High,0.0,LumA,1.0,Positive,Positive,1.0,Neutral,Negative,Ductal/NST,1.0,Post,3,Right,0.0,3.0,2.0340000000000003,IDC,Positive,0.0,1,ER+/HER2- High Prolif,17.0,1.0,0,87.13307645338843,0
57.61,Breast Conserving,Breast Cancer,Breast Invasive Ductal Carcinoma,Moderate,1.0,LumA,1.0,Positive,Positive,2.0,Gain,Negative,Ductal/NST,1.0,Post,8,Right,0.0,1.0,3.05,IDC,Negative,1.0,1,ER+/HER2- High Prolif,25.0,2.0,1,68.16734628720357,1
38.99,Mastectomy,Breast Cancer,Breast Invasive Ductal Carcinoma,High,1.0,Basal,1.0,Negative,Negative,3.0,Gain,Negative,Ductal/NST,0.0,Pre,9,Left,9.0,2.0,6.0,IDC,Negative,0.0,1,ER-/HER2-,23.0,3.0,1,71.04471016907421,1
78.26,Mastectomy,Breast Cancer,Breast Invasive Ductal Carcinoma,High,0.0,LumA,1.0,Positive,Positive,3.0,Neutral,Negative,Ductal/NST,1.0,Post,3,Left,0.0,1.0,1.024,IDC,Positive,1.0,1,ER+/HER2- Low Prolif,12.0,1.0,0,73.47628937639892,0
63.93,Breast Conserving,Breast Cancer,Breast Invasive Ductal Carcinoma,High,0.0,LumB,1.0,Positive,Positive,1.0,Neutral,Negative,Ductal/NST,1.0,Post,8,Left,6.0,3.0,4.052,IDC,Positive,1.0,1,ER+/HER2- High Prolif,26.0,2.0,1,31.96428119675692,1
55.44,Mastectomy,Breast Cancer,Breast Invasive Ductal Carcinoma,High,0.0,Her2,1.0,Positive,Positive,3.0,Neutral,Negative,Ductal/NST,1.0,Post,7,Left,0.0,2.0,4.052,IDC,Negative,0.0,1,ER+/HER2- High Prolif,26.0,2.0,0,87.1463709679616,0
76.49,Mastectomy,Breast Cancer,Breast Mixed Ductal and Lobular Carcinoma,Moderate,0.0,LumA,1.0,Positive,Positive,3.0,Neutral,Negative,Mixed,1.0,Post,7,Left,0.0,1.0,1.054,MDLC,Positive,0.0,1,ER+/HER2- Low Prolif,27.0,1.0,0,68.45142122278799,0
83.93,Mastectomy,Breast Cancer,Breast Invasive Ductal Carcinoma,High,0.0,Her2,1.0,Positive,Positive,3.0,Neutral,Negative,Ductal/NST,0.0,Post,9,Left,1.0,4.0,5.062,IDC,Negative,0.0,1,ER+/HER2- Low Prolif,31.0,2.0,1,116.71513979857232,1
46.44,Breast Conserving,Breast Cancer,Breast Invasive Ductal Carcinoma,Moderate,0.0,claudin-low,1.0,Positive,Negative,2.0,Neutral,Negative,Ductal/NST,1.0,Pre,4ER+,Right,1.0,2.0,4.042,IDC,Negative,1.0,1,ER-/HER2-,21.0,2.0,0,70.5832191903734,0
84.88,Mastectomy,Breast Cancer,Breast Mixed Ductal and Lobular Carcinoma,Moderate,0.0,LumA,1.0,Positive,Positive,3.0,Gain,Negative,Mixed,1.0,Post,8,Left,0.0,7.0,1.06,MDLC,Positive,1.0,1,ER+/HER2- High Prolif,30.0,2.0,1,95.71434492300037,1
66.54,Mastectomy,Breast Cancer,Breast Invasive Ductal Carcinoma,High,0.0,LumB,1.0,Positive,Positive,3.0,Neutral,Negative,Ductal/NST,0.0,Post,9,Left,0.0,8.0,4.038,IDC,Positive,0.0,1,ER+/HER2- High Prolif,19.0,4.0,1,113.46588568893243,1
29.98,Mastectomy,Breast Cancer,Breast Invasive Ductal Carcinoma,High,0.0,LumB,1.0,Positive,Positive,3.0,Neutral,Negative,Ductal/NST,0.0,Pre,10,Left,0.0,4.0,4.0280000000000005,IDC,Positive,0.0,1,ER+/HER2- High Prolif,14.0,2.0,0,89.90206636436878,0
55.36,Mastectomy,Breast Cancer,Breast Invasive Ductal Carcinoma,Moderate,0.0,LumB,1.0,Positive,Positive,3.0,Neutral,Negative,Ductal/NST,0.0,Post,8,Right,8.0,5.0,6.056,IDC,Negative,0.0,1,ER+/HER2- High Prolif,28.0,1.0,0,85.13552697027288,0
68.66,Mastectomy,Breast Cancer,Breast Invasive Ductal Carcinoma,Moderate,0.0,LumA,1.0,Positive,Positive,2.0,Neutral,Negative,Ductal/NST,1.0,Post,8,Right,3.0,6.0,4.05,IDC,Negative,1.0,1,ER+/HER2- Low Prolif,25.0,2.0,0,114.890754064086,0
61.94,Breast Conserving,Breast Cancer,Breast Invasive Ductal Carcinoma,High,0.0,claudin-low,1.0,Positive,Positive,1.0,Neutral,Negative,Ductal/NST,1.0,Post,4ER+,Right,0.0,5.0,2.018,IDC,Negative,1.0,1,ER+/HER2- Low Prolif,9.0,1.0,0,81.74363394699799,0
34.3,Mastectomy,Breast Cancer,Breast Invasive Ductal Carcinoma,Moderate,1.0,Basal,1.0,Positive,Negative,3.0,Neutral,Negative,Ductal/NST,0.0,Pre,10,Left,3.0,2.0,5.106,IDC,Negative,0.0,1,ER-/HER2-,53.0,3.0,1,108.64135384618608,1
69.52,Breast Conserving,Breast Cancer,Breast Invasive Lobular Carcinoma,High,0.0,claudin-low,1.0,Positive,Positive,1.0,Loss,Negative,Lobular,1.0,Post,4ER+,Right,0.0,1.0,2.042,ILC,Positive,1.0,1,ER+/HER2- Low Prolif,21.0,2.0,0,94.8353010166826,0
47.64,Mastectomy,Breast Cancer,Breast Invasive Ductal Carcinoma,High,0.0,Normal,1.0,Positive,Positive,2.0,Neutral,Negative,Ductal/NST,1.0,Pre,7,Right,0.0,5.0,3.042,IDC,Positive,1.0,1,ER+/HER2- Low Prolif,21.0,2.0,0,97.93585727517183,0
51.81,Breast Conserving,Breast Cancer,Breast Mixed Ductal and Lobular Carcinoma,Low,1.0,claudin-low,1.0,Positive,Positive,3.0,Neutral,Negative,Mixed,1.0,Post,4ER+,Right,8.0,1.0,6.0360000000000005,MDLC,Positive,1.0,1,ER+/HER2- Low Prolif,18.0,2.0,0,60.78566739530002,0
60.3,Mastectomy,Breast Cancer,Breast Invasive Ductal Carcinoma,High,0.0,LumB,1.0,Positive,Positive,3.0,Neutral,Negative,Ductal/NST,0.0,Post,1,Right,0.0,5.0,6.066,IDC,Negative,0.0,1,ER+/HER2- High Prolif,33.0,4.0,1,76.57319771159719,1
62.92,Breast Conserving,Breast Cancer,Breast Invasive Ductal Carcinoma,Moderate,0.0,claudin-low,1.0,Positive,Positive,3.0,Neutral,Negative,Ductal/NST,0.0,Post,4ER+,Left,0.0,1.0,4.046,IDC,Negative,0.0,1,ER-/HER2-,23.0,2.0,0,99.81224232100263,0
77.54,Breast Conserving,Breast Cancer,Breast Invasive Ductal Carcinoma,High,0.0,LumB,1.0,Positive,Positive,2.0,Neutral,Negative,Ductal/NST,0.0,Post,7,Left,1.0,2.0,4.038,IDC,Negative,0.0,1,ER+/HER2- High Prolif,19.0,2.0,1,111.56241738249662,1
55.22,Mastectomy,Breast Cancer,Breast Invasive Ductal Carcinoma,Low,1.0,Normal,1.0,Positive,Positive,2.0,Gain,Positive,Ductal/NST,1.0,Post,1,Left,25.0,2.0,5.06,IDC,Negative,0.0,1,ER+/HER2- Low Prolif,30.0,2.0,1,21.557190221607307,1
75.91,Mastectomy,Breast Cancer,Breast Invasive Ductal Carcinoma,High,0.0,claudin-low,1.0,Positive,Negative,3.0,Neutral,Negative,Ductal/NST,1.0,Post,4ER+,Right,0.0,5.0,4.04,IDC,Negative,1.0,1,ER-/HER2-,20.0,2.0,1,33.16614914126768,1
49.92,Mastectomy,Breast Cancer,Breast Invasive Ductal Carcinoma,Moderate,0.0,LumA,1.0,Positive,Positive,1.0,Neutral,Negative,Ductal/NST,0.0,Pre,8,Left,0.0,3.0,2.05,IDC,Positive,0.0,1,ER+/HER2- Low Prolif,25.0,2.0,0,70.68215801218508,0
51.19,Breast Conserving,Breast Cancer,Breast Invasive Ductal Carcinoma,Moderate,1.0,LumB,1.0,Positive,Positive,3.0,Gain,Positive,Ductal/NST,1.0,Post,5,Right,1.0,1.0,5.052,IDC,Positive,0.0,1,HER2+,26.0,2.0,1,16.884547202338112,1
80.34,Mastectomy,Breast Cancer,Breast Invasive Ductal Carcinoma,High,0.0,Her2,1.0,Negative,Negative,3.0,Neutral,Negative,Ductal/NST,0.0,Post,9,Left,1.0,5.0,5.11,IDC,Negative,0.0,1,ER-/HER2-,55.0,2.0,1,47.13567572243255,1
47.13,Breast Conserving,Breast Cancer,Breast Invasive Ductal Carcinoma,Moderate,0.0,LumA,1.0,Positive,Positive,1.0,Loss,Negative,Tubular/ cribriform,1.0,Pre,4ER+,Left,1.0,4.0,3.018,IDC,Positive,0.0,1,ER+/HER2- Low Prolif,9.0,2.0,0,117.66421904816731,0
68.83,Breast Conserving,Breast Cancer,Invasive Breast Carcinoma,High,0.0,Basal,1.0,Positive,Negative,3.0,Neutral,Negative,Ductal/NST,0.0,Post,10,Left,0.0,5.0,1.05,BRCA,Negative,1.0,1,ER-/HER2-,25.0,0.0,0,68.91976366518678,0
82.46,Mastectomy,Breast Cancer,Breast Invasive Ductal Carcinoma,Moderate,0.0,LumA,1.0,Positive,Positive,3.0,Neutral,Negative,Ductal/NST,1.0,Post,7,Left,2.0,3.0,5.046,IDC,Positive,1.0,1,ER+/HER2- Low Prolif,23.0,2.0,0,84.87744742362142,0
81.53,Mastectomy,Breast Cancer,Breast Invasive Lobular Carcinoma,Moderate,0.0,LumA,1.0,Positive,Positive,3.0,Neutral,Negative,Lobular,1.0,Post,3,Right,5.0,7.0,6.058,ILC,Negative,1.0,1,ER+/HER2- Low Prolif,29.0,2.0,1,53.97714728646406,1
84.85,Mastectomy,Breast Cancer,Breast Invasive Ductal Carcinoma,High,0.0,LumB,1.0,Positive,Positive,3.0,Neutral,Negative,Ductal/NST,1.0,Post,6,Right,1.0,1.0,5.0280000000000005,IDC,Positive,1.0,1,ER+/HER2- High Prolif,14.0,2.0,1,41.30569543158076,1
60.62,Mastectomy,Breast Cancer,Breast Invasive Ductal Carcinoma,Low,1.0,Normal,1.0,Positive,Positive,3.0,Neutral,Negative,Ductal/NST,1.0,Post,8,Right,6.0,5.0,6.07,IDC,Positive,0.0,1,ER+/HER2- Low Prolif,35.0,2.0,1,101.50365098840837,1
82.53,Mastectomy,Breast Cancer,Breast Invasive Ductal Carcinoma,High,0.0,LumA,1.0,Positive,Positive,3.0,Neutral,Negative,Ductal/NST,1.0,Post,3,Left,2.0,21.0,5.07,IDC,Positive,1.0,1,ER+/HER2- High Prolif,35.0,2.0,1,50.52935928290764,1
41.63,Breast Conserving,Breast Cancer,Breast Invasive Ductal Carcinoma,Moderate,1.0,claudin-low,1.0,Positive,Positive,3.0,Gain,Positive,Ductal/NST,1.0,Pre,5,Right,6.0,5.0,6.02,IDC,Negative,1.0,1,HER2+,10.0,2.0,0,65.12098008471864,0
51.21,Mastectomy,Breast Cancer,Breast,Low,0.0,LumA,1.0,Positive,Positive,1.0,Neutral,Negative,Other,0.0,Post,3,Left,0.0,2.0,2.0380000000000003,BREAST,Negative,0.0,1,ER+/HER2- Low Prolif,19.0,1.0,0,119.81245511075684,0
89.43,Mastectomy,Breast Cancer,Breast Invasive Ductal Carcinoma,Low,0.0,LumA,1.0,Positive,Positive,1.0,Neutral,Negative,Ductal/NST,1.0,Post,8,Left,1.0,3.0,3.042,IDC,Positive,0.0,1,ER+/HER2- Low Prolif,21.0,2.0,1,42.34092704623712,1
67.38,Mastectomy,Breast Cancer,Breast Invasive Ductal Carcinoma,Moderate,0.0,LumA,1.0,Positive,Positive,2.0,Neutral,Negative,Ductal/NST,1.0,Post,3,Right,1.0,5.0,4.032,IDC,Positive,1.0,1,ER+/HER2- Low Prolif,16.0,2.0,0,90.13170061987455,0
77.94,Mastectomy,Breast Cancer,Breast Invasive Ductal Carcinoma,High,0.0,LumB,1.0,Positive,Positive,1.0,Neutral,Negative,Ductal/NST,1.0,Post,8,Left,0.0,5.0,2.094,IDC,Negative,0.0,1,ER+/HER2- High Prolif,47.0,2.0,0,95.72310103920263,0
70.49,Mastectomy,Breast Cancer,Breast Invasive Lobular Carcinoma,Moderate,0.0,LumB,1.0,Positive,Positive,2.0,Neutral,Negative,Lobular,1.0,Post,2,Right,0.0,5.0,3.0660000000000003,ILC,Positive,0.0,1,ER+/HER2- High Prolif,33.0,2.0,0,64.02458864330565,0
55.52,Breast Conserving,Breast Cancer,Breast Invasive Ductal Carcinoma,High,0.0,LumB,1.0,Positive,Positive,3.0,Neutral,Negative,Ductal/NST,1.0,Post,10,Right,1.0,3.0,5.046,IDC,Positive,0.0,1,ER+/HER2- High Prolif,23.0,2.0,0,104.99762822395067,0
73.48,Mastectomy,Breast Cancer,Breast Invasive Ductal Carcinoma,Moderate,0.0,Her2,1.0,Negative,Negative,3.0,Gain,Positive,Ductal/NST,0.0,Post,5,Left,5.0,4.0,6.1,IDC,Negative,0.0,1,HER2+,50.0,2.0,1,70.61117698109084,1
56.32,Mastectomy,Breast Cancer,Breast Invasive Ductal Carcinoma,Moderate,1.0,LumA,1.0,Positive,Positive,2.0,Gain,Negative,Ductal/NST,1.0,Post,6,Right,3.0,5.0,4.1,IDC,Negative,1.0,1,ER+/HER2- Low Prolif,50.0,2.0,0,72.59433558573515,0
50.82,Breast Conserving,Breast Cancer,Breast Invasive Ductal Carcinoma,High,0.0,Basal,1.0,Negative,Negative,3.0,Neutral,Negative,Ductal/NST,0.0,Post,10,Left,0.0,4.0,4.06,IDC,Negative,1.0,1,ER-/HER2-,30.0,2.0,0,113.88325736644282,0
76.68,Mastectomy,Breast Cancer,Breast Invasive Ductal Carcinoma,High,0.0,LumA,1.0,Positive,Positive,3.0,Neutral,Negative,Ductal/NST,0.0,Post,7,Right,0.0,4.0,4.078,IDC,Positive,0.0,1,ER+/HER2- Low Prolif,39.0,2.0,0,72.30837842892043,0
58.01,Mastectomy,Breast Cancer,Breast,High,0.0,Normal,1.0,Negative,Negative,3.0,Neutral,Negative,Other,0.0,Post,4ER-,Left,0.0,1.0,1.036,BREAST,Negative,0.0,1,ER-/HER2-,18.0,1.0,0,71.44126323981999,0
92.14,Mastectomy,Breast Cancer,Breast Mixed Ductal and Lobular Carcinoma,Moderate,0.0,LumB,1.0,Positive,Positive,2.0,Gain,Negative,Mixed,1.0,Post,2,Left,10.0,4.0,5.064,MDLC,Negative,1.0,1,ER+/HER2- High Prolif,32.0,2.0,1,27.219816297274367,1
46.86,Mastectomy,Breast Cancer,Breast Invasive Ductal Carcinoma,High,1.0,LumA,1.0,Positive,Positive,3.0,Neutral,Negative,Ductal/NST,1.0,Pre,8,Left,2.0,3.0,5.06,IDC,Positive,0.0,1,ER+/HER2- High Prolif,30.0,2.0,0,62.192980070885696,0
86.28,Mastectomy,Breast Cancer,Breast Invasive Ductal Carcinoma,High,0.0,LumA,1.0,Positive,Positive,2.0,Neutral,Negative,Ductal/NST,1.0,Post,8,Right,2.0,11.0,4.05,IDC,Negative,1.0,1,ER+/HER2- Low Prolif,25.0,2.0,1,98.63727392143629,1
47.64,Mastectomy,Breast Cancer,Breast Invasive Ductal Carcinoma,Moderate,1.0,LumA,1.0,Positive,Positive,3.0,Gain,Negative,Ductal/NST,1.0,Pre,6,Left,6.0,1.0,6.064,IDC,Positive,1.0,1,ER+/HER2- High Prolif,32.0,2.0,0,88.32401670659995,0
79.34,Mastectomy,Breast Cancer,Breast Invasive Ductal Carcinoma,High,0.0,LumB,1.0,Positive,Positive,3.0,Neutral,Negative,Ductal/NST,1.0,Post,10,Right,0.0,10.0,4.09,IDC,Positive,1.0,1,ER+/HER2- High Prolif,45.0,2.0,0,93.89046799575698,0
66.73,Mastectomy,Breast Cancer,Invasive Breast Carcinoma,Moderate,0.0,LumA,1.0,Positive,Positive,2.0,Neutral,Negative,Ductal/NST,1.0,Post,3,Right,0.0,5.0,3.05,BRCA,Positive,1.0,1,ER+/HER2- Low Prolif,25.0,2.0,0,63.94251836570114,0
69.62,Mastectomy,Breast Cancer,Invasive Breast Carcinoma,High,0.0,LumB,1.0,Positive,Positive,3.0,Neutral,Negative,Ductal/NST,1.0,Post,9,Right,2.0,9.0,5.0680000000000005,BRCA,Positive,1.0,1,ER+/HER2- High Prolif,34.0,2.0,0,106.53165700170064,0
62.81,Mastectomy,Breast Cancer,Metaplastic Breast Cancer,Low,1.0,claudin-low,1.0,Positive,Negative,3.0,Gain,Negative,Metaplastic,0.0,Post,10,Left,0.0,5.0,1.0,MBC,Negative,0.0,1,ER-/HER2-,23.0,2.0,1,20.05146951741525,1
74.76,Mastectomy,Breast Cancer,Breast Invasive Ductal Carcinoma,High,0.0,LumB,1.0,Positive,Positive,3.0,Neutral,Negative,Ductal/NST,1.0,Post,10,Right,1.0,1.0,5.044,IDC,Positive,1.0,1,ER+/HER2- High Prolif,22.0,2.0,0,87.19733008488166,0
90.43,Mastectomy,Breast Cancer,Breast Invasive Mixed Mucinous Carcinoma,Moderate,0.0,LumB,1.0,Positive,Positive,2.0,Neutral,Negative,Mucinous,0.0,Post,4ER+,Right,0.0,2.0,3.048,IMMC,Positive,0.0,1,ER+/HER2- Low Prolif,24.0,2.0,1,118.58378915285587,1
79.97,Mastectomy,Breast Cancer,Breast Invasive Ductal Carcinoma,High,0.0,Basal,1.0,Positive,Negative,3.0,Neutral,Negative,Ductal/NST,1.0,Post,10,Right,3.0,4.0,5.032,IDC,Negative,1.0,1,ER-/HER2-,16.0,2.0,0,91.4634161596548,0
67.01,Mastectomy,Breast Cancer,Invasive Breast Carcinoma,Moderate,0.0,LumA,1.0,Positive,Positive,2.0,Neutral,Negative,Ductal/NST,1.0,Post,8,Left,3.0,2.0,4.052,BRCA,Positive,1.0,1,ER+/HER2- High Prolif,26.0,2.0,0,86.44576481629369,0
54.96,Mastectomy,Breast Cancer,Breast Invasive Lobular Carcinoma,Moderate,0.0,Normal,1.0,Positive,Positive,2.0,Neutral,Negative,Lobular,0.0,Post,3,Right,0.0,3.0,3.0580000000000003,ILC,Positive,0.0,1,ER+/HER2- Low Prolif,29.0,2.0,0,84.04578365251956,0
70.51,Mastectomy,Breast Cancer,Breast Invasive Ductal Carcinoma,High,0.0,Normal,1.0,Positive,Positive,2.0,Neutral,Negative,Ductal/NST,1.0,Post,6,Left,3.0,4.0,4.06,IDC,Positive,0.0,1,ER+/HER2- High Prolif,30.0,2.0,1,95.402435084039,1
59.75,Breast Conserving,Breast Cancer,Breast Invasive Lobular Carcinoma,Moderate,0.0,Normal,1.0,Positive,Positive,2.0,Neutral,Negative,Lobular,1.0,Post,3,Right,2.0,2.0,4.058,ILC,Positive,1.0,1,ER+/HER2- Low Prolif,29.0,2.0,0,93.57841987849308,0
32.61,Mastectomy,Breast Cancer,Breast Invasive Ductal Carcinoma,High,0.0,Her2,1.0,Negative,Negative,3.0,Gain,Positive,Ductal/NST,0.0,Pre,5,Left,5.0,8.0,6.032,IDC,Negative,0.0,1,HER2+,16.0,2.0,1,33.46129360569062,1
52.24,Breast Conserving,Breast Cancer,Breast Invasive Ductal Carcinoma,Moderate,1.0,claudin-low,1.0,Positive,Positive,3.0,Neutral,Negative,Ductal/NST,1.0,Post,4ER+,Right,0.0,5.0,4.08,IDC,Negative,1.0,1,ER-/HER2-,40.0,1.0,0,69.31441475584275,0
81.88,Mastectomy,Breast Cancer,Breast Invasive Ductal Carcinoma,High,0.0,LumA,1.0,Positive,Positive,1.0,Neutral,Negative,Ductal/NST,1.0,Post,8,Left,0.0,3.0,2.044,IDC,Positive,1.0,1,ER+/HER2- Low Prolif,22.0,2.0,0,70.91568782971626,0
72.26,Mastectomy,Breast Cancer,Breast Invasive Ductal Carcinoma,High,0.0,LumB,1.0,Positive,Positive,3.0,Loss,Negative,Ductal/NST,1.0,Post,3,Right,1.0,3.0,5.06,IDC,Negative,0.0,1,ER+/HER2- High Prolif,30.0,2.0,0,111.70713726081104,0
49.05,Mastectomy,Breast Cancer,Breast Invasive Ductal Carcinoma,High,0.0,Basal,1.0,Negative,Negative,3.0,Neutral,Negative,Ductal/NST,0.0,Pre,10,Left,0.0,8.0,5.16,IDC,Negative,0.0,1,ER+/HER2- High Prolif,80.0,2.0,1,12.596388649349059,1
69.53,Mastectomy,Breast Cancer,Breast Mixed Ductal and Lobular Carcinoma,Moderate,0.0,LumB,1.0,Positive,Positive,3.0,Neutral,Negative,Mixed,0.0,Post,3,Left,0.0,5.0,1.0,MDLC,Negative,0.0,1,ER+/HER2- Low Prolif,23.0,1.0,0,116.76692772801796,0
61.32,Mastectomy,Breast Cancer,Breast Invasive Ductal Carcinoma,Moderate,1.0,claudin-low,1.0,Positive,Negative,3.0,Neutral,Negative,Ductal/NST,1.0,Post,4ER+,Left,0.0,5.0,4.026,IDC,Negative,1.0,1,ER-/HER2-,13.0,1.0,1,100.06983427312208,1
86.26,Mastectomy,Breast Cancer,Breast Invasive Ductal Carcinoma,High,0.0,LumA,1.0,Positive,Positive,2.0,Neutral,Negative,Ductal/NST,1.0,Post,7,Right,6.0,5.0,5.08,IDC,Negative,1.0,1,ER+/HER2- Low Prolif,40.0,2.0,1,88.34059313554265,1
73.01,Mastectomy,Breast Cancer,Breast Invasive Ductal Carcinoma,High,0.0,claudin-low,1.0,Negative,Negative,3.0,Neutral,Negative,Ductal/NST,0.0,Post,4ER-,Left,3.0,6.0,5.034,IDC,Negative,0.0,1,ER-/HER2-,17.0,2.0,1,90.73277414842663,1
58.16,Mastectomy,Breast Cancer,Breast Invasive Ductal Carcinoma,Moderate,0.0,LumA,1.0,Positive,Positive,2.0,Neutral,Negative,Ductal/NST,0.0,Post,8,Left,0.0,4.0,3.032,IDC,Positive,0.0,1,ER+/HER2- High Prolif,16.0,2.0,0,82.39855897678518,0
83.58,Mastectomy,Breast Cancer,Breast Invasive Ductal Carcinoma,High,0.0,LumB,1.0,Positive,Positive,1.0,Neutral,Negative,Ductal/NST,1.0,Post,7,Left,2.0,6.0,3.1,IDC,Positive,1.0,1,ER+/HER2- High Prolif,50.0,2.0,0,76.24468038861323,0
40.5,Mastectomy,Breast Cancer,Breast Invasive Ductal Carcinoma,High,0.0,Her2,1.0,Negative,Negative,3.0,Gain,Positive,Ductal/NST,0.0,Pre,5,Right,41.0,7.0,6.047999999999999,IDC,Negative,0.0,1,HER2+,24.0,2.0,1,95.29719744208214,1
52.79,Mastectomy,Breast Cancer,Breast Invasive Ductal Carcinoma,High,1.0,LumA,1.0,Positive,Positive,2.0,Neutral,Negative,Ductal/NST,1.0,Post,2,Left,1.0,6.0,4.0360000000000005,IDC,Positive,1.0,1,ER+/HER2- High Prolif,18.0,2.0,1,19.99682238728176,1
73.24,Mastectomy,Breast Cancer,Breast Mixed Ductal and Lobular Carcinoma,High,0.0,LumB,1.0,Positive,Positive,2.0,Neutral,Negative,Mixed,0.0,Post,2,Right,7.0,22.0,5.1339999999999995,MDLC,Negative,0.0,1,ER+/HER2- High Prolif,67.0,4.0,1,50.71429868278144,1
48.67,Mastectomy,Breast Cancer,Breast Invasive Ductal Carcinoma,High,1.0,LumA,1.0,Positive,Positive,2.0,Neutral,Negative,Ductal/NST,1.0,Pre,4ER+,Right,6.0,5.0,5.1,IDC,Negative,1.0,1,ER+/HER2- Low Prolif,50.0,3.0,0,98.63997259434095,0
76.84,Breast Conserving,Breast Cancer,Breast Invasive Mixed Mucinous Carcinoma,Low,0.0,claudin-low,1.0,Positive,Positive,2.0,Gain,Positive,Mucinous,1.0,Post,4ER+,Right,0.0,6.0,3.03,IMMC,Negative,1.0,1,ER-/HER2-,15.0,1.0,1,24.51385842871401,1
70.98,Breast Conserving,Breast Cancer,Breast Mixed Ductal and Lobular Carcinoma,Moderate,0.0,claudin-low,1.0,Positive,Positive,2.0,Neutral,Negative,Mixed,1.0,Post,4ER+,Right,0.0,2.0,3.018,MDLC,Negative,1.0,1,ER+/HER2- High Prolif,9.0,1.0,0,84.52405026588579,0
74.79,Mastectomy,Breast Cancer,Breast Invasive Ductal Carcinoma,High,1.0,LumB,1.0,Positive,Positive,3.0,Neutral,Negative,Ductal/NST,1.0,Post,2,Left,10.0,3.0,6.062,IDC,Positive,1.0,1,ER+/HER2- High Prolif,31.0,2.0,1,105.2151699945641,1
65.47,Mastectomy,Breast Cancer,Breast Invasive Lobular Carcinoma,High,1.0,LumB,1.0,Positive,Positive,3.0,Gain,Negative,Lobular,1.0,Post,1,Left,7.0,2.0,6.053999999999999,ILC,Negative,1.0,1,ER+/HER2- High Prolif,27.0,2.0,0,61.52318133962069,0
64.01,Mastectomy,Breast Cancer,Breast Invasive Ductal Carcinoma,Moderate,1.0,LumB,1.0,Positive,Positive,3.0,Neutral,Negative,Ductal/NST,1.0,Post,9,Left,16.0,1.0,6.093999999999999,IDC,Negative,1.0,1,ER+/HER2- High Prolif,47.0,2.0,1,79.31619769737625,1
78.41,Mastectomy,Breast Cancer,Breast Invasive Ductal Carcinoma,Moderate,0.0,LumB,1.0,Positive,Positive,3.0,Gain,Positive,Ductal/NST,1.0,Post,5,Right,6.0,1.0,6.044,IDC,Negative,1.0,1,HER2+,22.0,2.0,0,69.36915584197142,0
39.86,Breast Conserving,Breast Cancer,Breast Invasive Ductal Carcinoma,High,1.0,Basal,1.0,Negative,Negative,3.0,Neutral,Negative,Ductal/NST,1.0,Pre,10,Right,0.0,1.0,4.0360000000000005,IDC,Negative,1.0,1,ER-/HER2-,18.0,1.0,1,47.73698668408611,1
63.31,Breast Conserving,Breast Cancer,Breast Invasive Ductal Carcinoma,High,0.0,LumB,1.0,Positive,Positive,3.0,Gain,Positive,Ductal/NST,1.0,Post,5,Left,2.0,2.0,5.048,IDC,Positive,1.0,1,HER2+,24.0,2.0,1,18.864301830890554,1
72.69,Mastectomy,Breast Cancer,Breast Invasive Ductal Carcinoma,High,0.0,Normal,1.0,Negative,Positive,3.0,Neutral,Negative,Ductal/NST,0.0,Post,10,Right,1.0,3.0,5.046,IDC,Positive,1.0,1,ER-/HER2-,23.0,2.0,0,102.95833373084385,0
63.25,Breast Conserving,Breast Cancer,Breast Invasive Ductal Carcinoma,Moderate,0.0,LumA,1.0,Positive,Positive,2.0,Neutral,Negative,Ductal/NST,1.0,Post,4ER+,Right,0.0,2.0,3.0239999999999996,IDC,Positive,1.0,1,ER+/HER2- Low Prolif,12.0,1.0,0,99.53543651460907,0
57.15,Mastectomy,Breast Cancer,Breast Invasive Ductal Carcinoma,Moderate,1.0,Her2,1.0,Negative,Negative,3.0,Gain,Positive,Ductal/NST,0.0,Post,5,Right,2.0,13.0,5.056,IDC,Negative,1.0,1,HER2+,28.0,2.0,1,45.586090745291514,1
48.22,Breast Conserving,Breast Cancer,Breast Invasive Ductal Carcinoma,High,1.0,LumA,1.0,Positive,Positive,2.0,Neutral,Negative,Ductal/NST,1.0,Pre,7,Right,1.0,5.0,4.058,IDC,Negative,1.0,1,ER+/HER2- Low Prolif,29.0,2.0,0,61.62575955020901,0
83.9,Breast Conserving,Breast Cancer,Breast Invasive Ductal Carcinoma,High,0.0,LumB,1.0,Positive,Positive,3.0,Neutral,Negative,Ductal/NST,1.0,Post,9,Right,1.0,4.0,5.05,IDC,Positive,1.0,1,ER+/HER2- High Prolif,25.0,2.0,1,47.11979877888868,1
33.65,Breast Conserving,Breast Cancer,Breast Invasive Ductal Carcinoma,High,1.0,Her2,1.0,Positive,Positive,3.0,Gain,Positive,Ductal/NST,1.0,Pre,5,Right,0.0,6.0,4.042,IDC,Negative,1.0,1,HER2+,21.0,2.0,0,73.31832971597697,0
59.05,Breast Conserving,Breast Cancer,Breast Invasive Ductal Carcinoma,Moderate,1.0,LumA,1.0,Positive,Positive,2.0,Neutral,Negative,Ductal/NST,1.0,Post,3,Right,2.0,3.0,4.044,IDC,Negative,1.0,1,ER+/HER2- Low Prolif,22.0,2.0,0,73.86448779528429,0
65.02,Mastectomy,Breast Cancer,Breast Invasive Ductal Carcinoma,High,0.0,LumB,1.0,Positive,Positive,3.0,Neutral,Negative,Ductal/NST,1.0,Post,1,Left,0.0,4.0,4.038,IDC,Negative,0.0,1,ER+/HER2- High Prolif,19.0,1.0,1,90.79746726051091,1
74.58,Mastectomy,Breast Cancer,Breast Invasive Ductal Carcinoma,High,0.0,LumB,1.0,Positive,Positive,3.0,Loss,Negative,Ductal/NST,1.0,Post,8,Left,13.0,6.0,6.086,IDC,Positive,1.0,1,ER+/HER2- High Prolif,43.0,2.0,1,80.85620690636301,1
66.58,Breast Conserving,Breast Cancer,Breast Invasive Ductal Carcinoma,High,1.0,LumB,1.0,Positive,Positive,3.0,Neutral,Negative,Ductal/NST,1.0,Post,9,Left,11.0,1.0,6.062,IDC,Negative,1.0,1,ER+/HER2- High Prolif,31.0,2.0,1,107.81897619824326,1
66.83,Breast Conserving,Breast Cancer,Breast Invasive Ductal Carcinoma,Moderate,0.0,LumA,1.0,Positive,Positive,3.0,Loss,Negative,Ductal/NST,1.0,Post,9,Right,8.0,5.0,6.03,IDC,Positive,1.0,1,ER+/HER2- Low Prolif,15.0,3.0,0,100.31356461592371,0
40.68,Breast Conserving,Breast Cancer,Breast Invasive Ductal Carcinoma,Low,1.0,claudin-low,1.0,Positive,Negative,3.0,Gain,Positive,Ductal/NST,0.0,Pre,5,Right,0.0,5.0,6.034,IDC,Negative,1.0,1,HER2+,17.0,2.0,1,62.99921191749053,1
61.23,Breast Conserving,Breast Cancer,Breast Invasive Ductal Carcinoma,Moderate,1.0,claudin-low,1.0,Negative,Negative,3.0,Gain,Positive,Ductal/NST,0.0,Post,1,Left,15.0,1.0,6.1,IDC,Negative,1.0,1,ER+/HER2- High Prolif,50.0,3.0,0,61.18263226526185,0
56.28,Mastectomy,Breast Cancer,Breast Invasive Ductal Carcinoma,Moderate,1.0,Normal,1.0,Positive,Positive,3.0,Neutral,Negative,Ductal/NST,1.0,Post,1,Left,2.0,2.0,5.06,IDC,Positive,0.0,1,ER+/HER2- High Prolif,30.0,4.0,1,24.916178561336583,1
68.74,Mastectomy,Breast Cancer,Breast Invasive Ductal Carcinoma,Low,1.0,claudin-low,1.0,Positive,Positive,3.0,Neutral,Negative,Ductal/NST,1.0,Post,2,Left,16.0,3.0,6.106,IDC,Positive,1.0,1,ER+/HER2- High Prolif,53.0,3.0,1,89.03043702008345,1
80.38,Mastectomy,Breast Cancer,Breast Invasive Ductal Carcinoma,High,0.0,Her2,1.0,Negative,Negative,3.0,Gain,Positive,Ductal/NST,0.0,Post,5,Left,2.0,11.0,5.1,IDC,Negative,1.0,1,HER2+,50.0,2.0,1,94.16478525062493,1
56.41,Mastectomy,Breast Cancer,Breast Invasive Ductal Carcinoma,Moderate,0.0,LumB,1.0,Positive,Positive,3.0,Neutral,Negative,Ductal/NST,1.0,Post,6,Left,19.0,2.0,6.084,IDC,Negative,1.0,1,ER+/HER2- High Prolif,42.0,3.0,1,72.6179373375056,1
68.47,Mastectomy,Breast Cancer,Breast Invasive Ductal Carcinoma,Low,1.0,Her2,1.0,Negative,Negative,3.0,Neutral,Negative,Ductal/NST,0.0,Post,4ER-,Left,11.0,2.0,6.09,IDC,Negative,1.0,1,ER-/HER2-,45.0,3.0,0,66.24651491907443,0
55.28,Breast Conserving,Breast Cancer,Breast Invasive Ductal Carcinoma,Moderate,1.0,claudin-low,1.0,Negative,Negative,3.0,Neutral,Negative,Ductal/NST,0.0,Post,10,Right,0.0,2.0,4.032,IDC,Negative,0.0,1,ER-/HER2-,16.0,1.0,1,95.26445543509259,1
48.58,Breast Conserving,Breast Cancer,Breast Invasive Ductal Carcinoma,High,1.0,claudin-low,1.0,Negative,Negative,3.0,Neutral,Negative,Ductal/NST,0.0,Pre,10,Right,0.0,2.0,4.04,IDC,Negative,1.0,1,ER-/HER2-,20.0,1.0,1,65.3299244073542,1
58.96,Breast Conserving,Breast Sarcoma,Breast Angiosarcoma,High,0.0,claudin-low,1.0,Positive,Negative,3.0,Neutral,Negative,Ductal/NST,0.0,Post,4ER-,Left,0.0,5.0,2.0,PBS,Negative,0.0,1,ER-/HER2-,23.0,1.0,0,107.99496512239136,0
72.85,Breast Conserving,Breast Cancer,Breast Invasive Ductal Carcinoma,High,0.0,LumB,1.0,Positive,Positive,2.0,Neutral,Negative,Ductal/NST,1.0,Post,7,Left,0.0,5.0,3.032,IDC,Positive,1.0,1,ER+/HER2- High Prolif,16.0,1.0,1,68.45514557325536,1
69.32,Mastectomy,Breast Cancer,Breast Invasive Ductal Carcinoma,Moderate,1.0,LumB,1.0,Positive,Positive,3.0,Neutral,Negative,Ductal/NST,1.0,Post,2,Left,17.0,5.0,6.36,IDC,Negative,1.0,1,ER+/HER2- High Prolif,180.0,3.0,1,58.17442998272336,1
54.6,Mastectomy,Breast Cancer,Breast Mixed Ductal and Lobular Carcinoma,Moderate,1.0,LumA,1.0,Positive,Positive,2.0,Loss,Negative,Mixed,1.0,Post,6,Left,1.0,3.0,4.0360000000000005,MDLC,Negative,1.0,1,ER+/HER2- Low Prolif,18.0,2.0,0,70.71267972326001,0
54.06,Breast Conserving,Breast Cancer,Breast Invasive Ductal Carcinoma,High,0.0,LumB,1.0,Positive,Positive,3.0,Neutral,Negative,Ductal/NST,1.0,Post,6,Right,1.0,1.0,5.038,IDC,Negative,1.0,1,ER+/HER2- High Prolif,19.0,2.0,0,99.16476647111249,0
56.58,Breast Conserving,Breast Cancer,Breast Invasive Ductal Carcinoma,High,1.0,LumA,1.0,Positive,Positive,3.0,Neutral,Negative,Ductal/NST,1.0,Post,2,Left,5.0,3.0,6.093999999999999,IDC,Positive,1.0,1,ER+/HER2- High Prolif,47.0,2.0,0,74.29096686280359,0
54.22,Mastectomy,Breast Cancer,Breast Invasive Ductal Carcinoma,Low,0.0,Her2,1.0,Positive,Positive,2.0,Neutral,Negative,Ductal/NST,1.0,Post,7,Left,1.0,2.0,4.08,IDC,Positive,1.0,1,ER+/HER2- High Prolif,40.0,2.0,1,14.74526568836228,1
77.92,Mastectomy,Breast Cancer,Breast Invasive Ductal Carcinoma,High,0.0,LumA,1.0,Positive,Positive,2.0,Neutral,Negative,Ductal/NST,1.0,Post,8,Right,3.0,3.0,4.042,IDC,Positive,1.0,1,ER+/HER2- Low Prolif,21.0,2.0,1,23.65227411527688,1
73.53,Mastectomy,Breast Cancer,Breast Invasive Ductal Carcinoma,Low,0.0,Her2,1.0,Positive,Positive,3.0,Gain,Positive,Ductal/NST,1.0,Post,5,Left,0.0,7.0,4.048,IDC,Positive,0.0,1,HER2+,24.0,2.0,1,15.3943520541673,1
66.72,Breast Conserving,Breast Cancer,Breast Invasive Ductal Carcinoma,High,0.0,LumA,1.0,Positive,Positive,2.0,Neutral,Negative,Ductal/NST,1.0,Post,8,Right,7.0,3.0,5.032,IDC,Positive,1.0,1,ER+/HER2- Low Prolif,16.0,2.0,1,80.73232441648828,1
71.1,Breast Conserving,Breast Cancer,Breast Invasive Lobular Carcinoma,High,0.0,claudin-low,1.0,Positive,Positive,2.0,Neutral,Negative,Lobular,1.0,Post,3,Left,0.0,5.0,3.07,ILC,Positive,0.0,1,ER+/HER2- Low Prolif,35.0,2.0,0,65.96648356556071,0
44.02,Mastectomy,Breast Cancer,Breast Invasive Ductal Carcinoma,Moderate,1.0,claudin-low,1.0,Negative,Negative,3.0,Neutral,Negative,Medullary,0.0,Pre,4ER-,Left,22.0,5.0,6.12,IDC,Negative,1.0,1,ER-/HER2-,60.0,3.0,1,45.95044595624328,1
83.17,Mastectomy,Breast Cancer,Breast Invasive Ductal Carcinoma,High,0.0,LumA,1.0,Positive,Positive,2.0,Neutral,Negative,Ductal/NST,1.0,Post,3,Left,6.0,2.0,5.044,IDC,Positive,1.0,1,ER+/HER2- Low Prolif,22.0,2.0,1,66.9256346457879,1
50.48,Mastectomy,Breast Cancer,Breast Invasive Ductal Carcinoma,Moderate,1.0,Normal,1.0,Positive,Positive,2.0,Neutral,Negative,Ductal/NST,1.0,Post,3,Right,2.0,3.0,4.084,IDC,Positive,1.0,1,ER+/HER2- Low Prolif,42.0,2.0,0,74.59033145996725,0
78.86,Mastectomy,Breast Cancer,Breast Invasive Lobular Carcinoma,High,0.0,LumB,1.0,Positive,Positive,3.0,Gain,Negative,Lobular,1.0,Post,1,Right,4.0,3.0,6.08,ILC,Positive,1.0,1,ER+/HER2- High Prolif,40.0,2.0,1,110.01717918401805,1
69.79,Mastectomy,Breast Cancer,Breast Invasive Ductal Carcinoma,High,1.0,LumB,1.0,Positive,Positive,3.0,Gain,Positive,Ductal/NST,1.0,Post,5,Right,2.0,5.0,5.04,IDC,Negative,0.0,1,HER2+,20.0,2.0,1,38.92356074807849,1
88.29,Breast Conserving,Breast Cancer,Breast Invasive Ductal Carcinoma,Moderate,0.0,Her2,1.0,Negative,Negative,3.0,Neutral,Negative,Ductal/NST,0.0,Post,4ER-,Left,0.0,2.0,4.026,IDC,Negative,1.0,1,ER-/HER2-,13.0,1.0,1,56.32135568784801,1
57.41,Mastectomy,Breast Cancer,Breast Invasive Ductal Carcinoma,High,1.0,Her2,1.0,Negative,Negative,3.0,Gain,Positive,Ductal/NST,0.0,Post,5,Left,1.0,1.0,5.05,IDC,Negative,1.0,1,HER2+,25.0,2.0,0,103.33601591133954,0
71.58,Breast Conserving,Breast Cancer,Breast Invasive Ductal Carcinoma,Low,0.0,claudin-low,1.0,Positive,Positive,2.0,Neutral,Negative,Ductal/NST,1.0,Post,4ER+,Right,1.0,4.0,4.034,IDC,Negative,0.0,1,ER+/HER2- Low Prolif,17.0,2.0,1,93.59952296264926,1
49.87,Breast Conserving,Breast Cancer,Breast Invasive Lobular Carcinoma,Moderate,0.0,LumB,1.0,Positive,Positive,2.0,Neutral,Negative,Lobular,1.0,Pre,8,Left,18.0,5.0,5.066,ILC,Positive,1.0,1,ER+/HER2- Low Prolif,33.0,4.0,1,36.71020187309523,1
40.07,Breast Conserving,Breast Cancer,Breast Invasive Ductal Carcinoma,High,1.0,LumA,1.0,Positive,Positive,2.0,Neutral,Negative,Ductal/NST,1.0,Pre,7,Left,1.0,1.0,4.046,IDC,Positive,1.0,1,ER+/HER2- High Prolif,23.0,2.0,0,111.34178808637715,0
59.45,Mastectomy,Breast Cancer,Breast Invasive Ductal Carcinoma,High,1.0,LumB,1.0,Positive,Positive,3.0,Gain,Negative,Ductal/NST,1.0,Post,1,Left,0.0,5.0,4.026,IDC,Positive,1.0,1,ER+/HER2- High Prolif,13.0,2.0,1,20.313830261509644,1
61.11,Mastectomy,Breast Cancer,Breast Invasive Ductal Carcinoma,Moderate,1.0,Her2,1.0,Positive,Negative,3.0,Loss,Negative,Ductal/NST,1.0,Post,2,Right,6.0,4.0,6.2,IDC,Negative,1.0,1,ER+/HER2- High Prolif,100.0,3.0,1,43.293156914686946,1
90.02,Breast Conserving,Breast Cancer,Breast Invasive Mixed Mucinous Carcinoma,Moderate,0.0,LumA,1.0,Positive,Positive,2.0,Neutral,Negative,Mucinous,1.0,Post,3,Right,0.0,5.0,3.04,IMMC,Positive,1.0,1,ER+/HER2- Low Prolif,20.0,1.0,1,29.411899023432476,1
49.28,Mastectomy,Breast Cancer,Breast Invasive Ductal Carcinoma,Low,1.0,Normal,1.0,Positive,Positive,2.0,Neutral,Negative,Ductal/NST,1.0,Pre,4ER+,Left,2.0,1.0,4.1,IDC,Positive,1.0,1,ER+/HER2- Low Prolif,50.0,2.0,0,109.8131918740195,0
85.09,Mastectomy,Breast Cancer,Breast Invasive Ductal Carcinoma,Low,0.0,LumB,1.0,Positive,Positive,3.0,Gain,Negative,Ductal/NST,1.0,Post,6,Left,2.0,5.0,5.0680000000000005,IDC,Negative,1.0,1,ER+/HER2- High Prolif,34.0,3.0,1,112.40734645299788,1
81.44,Breast Conserving,Breast Cancer,Breast Invasive Lobular Carcinoma,High,0.0,claudin-low,1.0,Positive,Positive,2.0,Neutral,Negative,Lobular,1.0,Post,4ER+,Left,0.0,5.0,3.0439999999999996,ILC,Positive,1.0,1,ER+/HER2- Low Prolif,22.0,2.0,1,99.27700099295703,1
60.5,Mastectomy,Breast Cancer,Breast Invasive Ductal Carcinoma,Moderate,0.0,claudin-low,1.0,Positive,Negative,3.0,Gain,Positive,Ductal/NST,1.0,Post,5,Right,0.0,1.0,4.032,IDC,Negative,1.0,1,HER2+,16.0,1.0,0,83.83101177710729,0
60.48,Breast Conserving,Breast Cancer,Breast Invasive Ductal Carcinoma,High,0.0,LumA,1.0,Positive,Positive,2.0,Neutral,Negative,Ductal/NST,1.0,Post,4ER+,Left,0.0,10.0,3.042,IDC,Positive,1.0,1,ER+/HER2- Low Prolif,21.0,1.0,0,100.08510819423877,0
58.98,Mastectomy,Breast Cancer,Breast Invasive Ductal Carcinoma,Low,1.0,Basal,1.0,Negative,Negative,3.0,Loss,Negative,Ductal/NST,0.0,Post,9,Right,17.0,2.0,6.026,IDC,Negative,1.0,1,ER-/HER2-,13.0,3.0,1,80.40760570312574,1
87.18,Mastectomy,Breast Cancer,Breast Invasive Ductal Carcinoma,Moderate,0.0,LumB,1.0,Positive,Positive,3.0,Gain,Positive,Ductal/NST,1.0,Post,5,Left,2.0,1.0,5.052,IDC,Negative,0.0,1,HER2+,26.0,2.0,1,106.11774374027351,1
58.35,Breast Conserving,Breast Cancer,Breast Invasive Ductal Carcinoma,High,1.0,Her2,1.0,Negative,Negative,3.0,Gain,Positive,Ductal/NST,0.0,Post,5,Left,0.0,3.0,4.026,IDC,Negative,0.0,1,HER2+,13.0,1.0,1,98.79658430510436,1
60.95,Mastectomy,Breast Cancer,Breast Invasive Ductal Carcinoma,Moderate,1.0,LumA,1.0,Positive,Positive,3.0,Neutral,Negative,Ductal/NST,1.0,Post,1,Left,4.0,3.0,6.0520000000000005,IDC,Negative,1.0,1,ER+/HER2- High Prolif,26.0,2.0,0,72.29905772494926,0
67.94,Mastectomy,Breast Cancer,Breast Invasive Ductal Carcinoma,Moderate,1.0,LumB,1.0,Positive,Positive,3.0,Gain,Negative,Ductal/NST,1.0,Post,6,Left,3.0,1.0,5.078,IDC,Positive,1.0,1,ER+/HER2- High Prolif,39.0,2.0,0,77.5888638156608,0
54.29,Mastectomy,Breast Cancer,Breast Invasive Ductal Carcinoma,High,1.0,LumB,1.0,Positive,Positive,3.0,Neutral,Negative,Ductal/NST,1.0,Post,9,Right,3.0,2.0,5.16,IDC,Positive,1.0,1,ER+/HER2- High Prolif,80.0,3.0,1,32.14956635969187,1
54.15,Breast Conserving,Breast Cancer,Breast Invasive Ductal Carcinoma,Moderate,0.0,LumA,1.0,Positive,Positive,3.0,Neutral,Negative,Ductal/NST,1.0,Post,9,Left,0.0,4.0,4.04,IDC,Positive,1.0,1,ER+/HER2- High Prolif,20.0,1.0,0,113.78014911126719,0
54.62,Mastectomy,Breast Cancer,Breast Invasive Ductal Carcinoma,Moderate,1.0,claudin-low,1.0,Negative,Positive,3.0,Neutral,Negative,Ductal/NST,0.0,Post,4ER-,Left,0.0,1.0,4.05,IDC,Negative,1.0,1,ER-/HER2-,25.0,2.0,0,60.780115410644164,0
74.02,Mastectomy,Breast Cancer,Breast Invasive Ductal Carcinoma,Low,0.0,claudin-low,1.0,Positive,Positive,2.0,Neutral,Negative,Ductal/NST,1.0,Post,3,Right,3.0,1.0,4.046,IDC,Positive,1.0,1,ER+/HER2- Low Prolif,23.0,2.0,0,65.13051185126808,0
33.83,Mastectomy,Breast Cancer,Breast Invasive Ductal Carcinoma,High,1.0,Her2,1.0,Negative,Negative,3.0,Gain,Positive,Ductal/NST,1.0,Pre,5,Left,0.0,1.0,4.044,IDC,Negative,1.0,1,HER2+,22.0,2.0,0,72.47317530876164,0
54.22,Breast Conserving,Breast Cancer,Breast Invasive Ductal Carcinoma,High,1.0,Basal,1.0,Negative,Negative,3.0,Neutral,Negative,Ductal/NST,0.0,Post,10,Left,0.0,2.0,4.038,IDC,Negative,1.0,1,ER-/HER2-,19.0,1.0,1,108.3963718369176,1
39.53,Breast Conserving,Breast Cancer,Breast Invasive Ductal Carcinoma,Moderate,1.0,Normal,1.0,Negative,Negative,3.0,Gain,Positive,Ductal/NST,0.0,Pre,5,Right,1.0,2.0,5.032,IDC,Negative,1.0,1,HER2+,16.0,2.0,1,70.24896212689028,1
49.61,Mastectomy,Breast Cancer,Breast Invasive Ductal Carcinoma,High,1.0,LumB,1.0,Positive,Positive,3.0,Neutral,Negative,Ductal/NST,1.0,Pre,1,Left,2.0,2.0,5.042,IDC,Positive,1.0,1,ER+/HER2- High Prolif,21.0,2.0,1,99.20353675771875,1
60.78,Mastectomy,Breast Cancer,Breast Mixed Ductal and Lobular Carcinoma,High,1.0,LumA,1.0,Positive,Positive,3.0,Neutral,Negative,Mixed,1.0,Post,9,Right,7.0,4.0,6.1,MDLC,Negative,1.0,1,ER+/HER2- High Prolif,50.0,3.0,1,108.77786039173726,1
43.4,Mastectomy,Breast Cancer,Breast Invasive Lobular Carcinoma,High,0.0,LumA,1.0,Positive,Positive,2.0,Neutral,Negative,Lobular,1.0,Pre,4ER+,Right,0.0,2.0,3.06,ILC,Positive,1.0,1,ER+/HER2- High Prolif,30.0,3.0,0,61.59193223242918,0
85.21,Breast Conserving,Breast Cancer,Breast Mixed Ductal and Lobular Carcinoma,High,0.0,LumB,1.0,Positive,Positive,3.0,Neutral,Negative,Mixed,1.0,Post,8,Right,0.0,1.0,4.056,MDLC,Positive,1.0,1,ER+/HER2- High Prolif,28.0,2.0,1,46.344375296961296,1
77.22,Mastectomy,Breast Cancer,Breast Invasive Ductal Carcinoma,Moderate,1.0,claudin-low,1.0,Negative,Negative,3.0,Neutral,Negative,Ductal/NST,0.0,Post,4ER-,Left,21.0,2.0,6.08,IDC,Negative,1.0,1,ER-/HER2-,40.0,3.0,1,23.88560784898909,1
63.19,Mastectomy,Breast Cancer,Breast Invasive Ductal Carcinoma,Low,1.0,claudin-low,1.0,Positive,Negative,3.0,Neutral,Negative,Ductal/NST,1.0,Post,4ER+,Right,7.0,2.0,6.037999999999999,IDC,Negative,1.0,1,ER-/HER2-,19.0,2.0,1,36.6169975545297,1
60.0,Mastectomy,Breast Cancer,Breast Invasive Ductal Carcinoma,High,1.0,Normal,1.0,Positive,Positive,1.0,Neutral,Negative,Ductal/NST,1.0,Post,3,Right,4.0,2.0,4.052,IDC,Positive,1.0,1,ER+/HER2- Low Prolif,26.0,2.0,0,70.88612610538785,0
50.15,Mastectomy,Breast Cancer,Invasive Breast Carcinoma,Low,0.0,claudin-low,1.0,Positive,Negative,2.0,Neutral,Negative,Ductal/NST,1.0,Post,4ER+,Left,0.0,5.0,3.008,BRCA,Negative,0.0,1,ER-/HER2-,4.0,1.0,0,94.98249365818153,0
68.16,Breast Conserving,Breast Cancer,Breast Invasive Ductal Carcinoma,Moderate,0.0,LumA,1.0,Positive,Positive,3.0,Neutral,Negative,Ductal/NST,1.0,Post,3,Left,0.0,4.0,4.042,IDC,Positive,1.0,1,ER+/HER2- Low Prolif,21.0,2.0,0,85.28547303554987,0
60.74,Breast Conserving,Breast Cancer,Breast Invasive Ductal Carcinoma,High,1.0,Her2,1.0,Negative,Negative,3.0,Neutral,Negative,Ductal/NST,0.0,Post,9,Left,1.0,2.0,5.042,IDC,Positive,1.0,1,ER+/HER2- High Prolif,21.0,2.0,1,58.12764117163568,1
71.84,Mastectomy,Breast Cancer,Breast Invasive Ductal Carcinoma,Moderate,0.0,Normal,1.0,Positive,Positive,3.0,Neutral,Negative,Ductal/NST,1.0,Post,9,Right,1.0,5.0,5.12,IDC,Positive,1.0,1,ER+/HER2- High Prolif,60.0,3.0,0,113.56030266461849,0
56.74,Breast Conserving,Breast Cancer,Breast Invasive Ductal Carcinoma,Moderate,0.0,LumA,1.0,Positive,Positive,1.0,Neutral,Negative,Ductal/NST,1.0,Post,9,Left,0.0,4.0,2.048,IDC,Positive,1.0,1,ER+/HER2- High Prolif,24.0,2.0,0,109.04661370430645,0
52.2,Mastectomy,Breast Cancer,Breast Invasive Lobular Carcinoma,High,0.0,LumA,1.0,Positive,Positive,2.0,Neutral,Negative,Lobular,1.0,Post,3,Right,3.0,4.0,4.06,ILC,Positive,1.0,1,ER+/HER2- Low Prolif,30.0,2.0,0,80.50904110187255,0
72.18,Breast Conserving,Breast Cancer,Breast Invasive Ductal Carcinoma,High,0.0,LumB,1.0,Negative,Positive,3.0,Neutral,Negative,Ductal/NST,0.0,Post,2,Left,0.0,7.0,4.03,IDC,Positive,0.0,1,ER+/HER2- High Prolif,15.0,2.0,0,75.56540600587755,0
73.22,Mastectomy,Breast Cancer,Breast Invasive Ductal Carcinoma,Moderate,0.0,claudin-low,1.0,Positive,Positive,2.0,Neutral,Negative,Ductal/NST,1.0,Post,4ER+,Right,2.0,1.0,4.038,IDC,Positive,1.0,1,ER+/HER2- Low Prolif,19.0,2.0,1,100.34559471962926,1
53.64,Mastectomy,Breast Cancer,Breast Invasive Ductal Carcinoma,Moderate,1.0,LumA,1.0,Positive,Positive,3.0,Neutral,Negative,Ductal/NST,1.0,Post,2,Left,1.0,3.0,5.052,IDC,Negative,1.0,1,ER+/HER2- Low Prolif,26.0,2.0,0,82.78154449003601,0
67.46,Mastectomy,Breast Cancer,Breast Invasive Ductal Carcinoma,High,1.0,LumA,1.0,Positive,Positive,2.0,Neutral,Negative,Ductal/NST,1.0,Post,8,Right,7.0,7.0,5.05,IDC,Positive,0.0,1,ER+/HER2- High Prolif,25.0,4.0,1,104.9589029916851,1
60.12,Mastectomy,Breast Cancer,Breast Invasive Ductal Carcinoma,High,1.0,Normal,1.0,Negative,Positive,3.0,Loss,Negative,Ductal/NST,1.0,Post,4ER-,Left,0.0,6.0,4.032,IDC,Positive,1.0,1,ER+/HER2- High Prolif,16.0,1.0,0,95.41769655088846,0
59.07,Mastectomy,Breast Cancer,Breast Invasive Ductal Carcinoma,High,1.0,LumB,1.0,Negative,Positive,3.0,Neutral,Negative,Ductal/NST,1.0,Post,9,Right,3.0,5.0,5.07,IDC,Positive,1.0,1,ER+/HER2- High Prolif,35.0,2.0,0,76.08381844937257,0
51.56,Mastectomy,Breast Cancer,Breast Invasive Ductal Carcinoma,Low,1.0,claudin-low,1.0,Positive,Positive,3.0,Neutral,Negative,Ductal/NST,1.0,Post,4ER+,Right,2.0,12.0,5.034,IDC,Positive,1.0,1,ER+/HER2- High Prolif,17.0,2.0,0,97.44893447094805,0
46.66,Breast Conserving,Breast Cancer,Breast Invasive Ductal Carcinoma,Low,0.0,LumA,1.0,Positive,Positive,2.0,Neutral,Negative,Ductal/NST,1.0,Pre,8,Left,0.0,3.0,3.0239999999999996,IDC,Positive,1.0,1,ER+/HER2- Low Prolif,12.0,1.0,0,84.56469913147443,0
67.88,Breast Conserving,Breast Cancer,Breast Invasive Ductal Carcinoma,High,0.0,LumB,1.0,Positive,Positive,3.0,Neutral,Negative,Ductal/NST,1.0,Post,1,Right,0.0,2.0,4.04,IDC,Negative,1.0,1,ER+/HER2- High Prolif,20.0,1.0,0,93.12283085111882,0
61.89,Mastectomy,Breast Cancer,Breast Invasive Ductal Carcinoma,High,1.0,LumA,1.0,Positive,Positive,3.0,Neutral,Negative,Ductal/NST,1.0,Post,9,Right,26.0,5.0,6.074,IDC,Positive,1.0,1,ER+/HER2- High Prolif,37.0,2.0,1,12.750830097368596,1
64.21,Mastectomy,Breast Cancer,Invasive Breast Carcinoma,Low,0.0,Basal,1.0,Positive,Negative,3.0,Gain,Positive,Ductal/NST,0.0,Post,5,Right,0.0,5.0,1.04,BRCA,Negative,0.0,1,HER2+,20.0,0.0,1,67.1607086783771,1
66.11,Breast Conserving,Breast Cancer,Breast Mixed Ductal and Lobular Carcinoma,High,0.0,claudin-low,1.0,Positive,Negative,1.0,Neutral,Negative,Mixed,1.0,Post,4ER+,Left,0.0,5.0,2.024,MDLC,Negative,1.0,1,ER-/HER2-,12.0,1.0,0,86.16759174811901,0
38.86,Mastectomy,Breast Cancer,Breast Invasive Ductal Carcinoma,High,1.0,LumA,1.0,Positive,Positive,3.0,Neutral,Negative,Ductal/NST,1.0,Pre,9,Right,0.0,2.0,4.038,IDC,Negative,1.0,1,ER+/HER2- High Prolif,19.0,1.0,0,77.66794557251507,0
39.3,Mastectomy,Breast Cancer,Breast Invasive Ductal Carcinoma,Moderate,1.0,Normal,1.0,Positive,Positive,3.0,Neutral,Negative,Ductal/NST,1.0,Pre,1,Left,5.0,4.0,6.046,IDC,Positive,1.0,1,ER+/HER2- High Prolif,23.0,2.0,1,57.08038834006813,1
45.9,Breast Conserving,Breast Cancer,Breast Invasive Ductal Carcinoma,High,0.0,Basal,1.0,Positive,Positive,3.0,Gain,Negative,Ductal/NST,1.0,Pre,1,Right,0.0,5.0,5.053999999999999,IDC,Negative,1.0,1,HER2+,27.0,2.0,0,116.9071984177294,0
74.46,Mastectomy,Breast Cancer,Breast Invasive Ductal Carcinoma,Low,1.0,LumB,1.0,Positive,Positive,3.0,Neutral,Negative,Ductal/NST,1.0,Post,8,Left,1.0,3.0,5.104,IDC,Positive,1.0,1,ER+/HER2- Low Prolif,52.0,3.0,1,35.98764353083887,1
83.92,Mastectomy,Breast Cancer,Breast Invasive Ductal Carcinoma,Moderate,0.0,Normal,1.0,Positive,Positive,3.0,Neutral,Negative,Ductal/NST,1.0,Post,6,Left,6.0,5.0,6.0520000000000005,IDC,Negative,1.0,1,ER+/HER2- High Prolif,26.0,2.0,1,24.945459672037742,1
51.45,Breast Conserving,Breast Cancer,Breast Invasive Ductal Carcinoma,High,1.0,Normal,1.0,Positive,Positive,2.0,Neutral,Negative,Ductal/NST,1.0,Post,3,Left,0.0,5.0,4.024,IDC,Negative,1.0,1,ER+/HER2- Low Prolif,12.0,2.0,0,105.81634764958565,0
60.12,Mastectomy,Breast Cancer,Breast Invasive Ductal Carcinoma,High,0.0,LumB,1.0,Positive,Positive,2.0,Neutral,Negative,Ductal/NST,0.0,Post,8,Left,1.0,4.0,4.03,IDC,Negative,0.0,1,ER+/HER2- High Prolif,15.0,2.0,0,68.40679054598715,0
76.32,Mastectomy,Breast Cancer,Breast Invasive Ductal Carcinoma,High,0.0,Normal,1.0,Positive,Positive,2.0,Neutral,Negative,Ductal/NST,1.0,Post,4ER+,Left,0.0,2.0,3.0639999999999996,IDC,Positive,1.0,1,ER+/HER2- Low Prolif,32.0,2.0,1,48.46243851159182,1
61.53,Mastectomy,Breast Cancer,Breast Invasive Ductal Carcinoma,High,1.0,Her2,1.0,Positive,Positive,3.0,Gain,Positive,Ductal/NST,1.0,Post,5,Right,8.0,4.0,6.058,IDC,Negative,1.0,1,HER2+,29.0,2.0,1,113.83424802255207,1
86.99,Mastectomy,Breast Cancer,Breast Invasive Ductal Carcinoma,Moderate,0.0,LumA,1.0,Positive,Positive,2.0,Gain,Positive,Ductal/NST,1.0,Post,5,Left,14.0,2.0,5.04,IDC,Negative,1.0,1,ER+/HER2- High Prolif,20.0,2.0,1,46.905916658241566,1
82.35,Breast Conserving,Breast Cancer,Breast Invasive Ductal Carcinoma,Moderate,0.0,LumA,1.0,Positive,Positive,3.0,Neutral,Negative,Ductal/NST,1.0,Post,8,Right,0.0,10.0,2.032,IDC,Positive,0.0,1,ER+/HER2- Low Prolif,16.0,1.0,1,68.02938714828353,1
69.88,Mastectomy,Breast Cancer,Breast Invasive Ductal Carcinoma,High,0.0,claudin-low,1.0,Negative,Negative,3.0,Gain,Negative,Ductal/NST,0.0,Post,10,Right,0.0,8.0,4.056,IDC,Negative,0.0,1,ER-/HER2-,28.0,2.0,1,87.92604756067921,1
47.71,Mastectomy,Breast Cancer,Breast Invasive Ductal Carcinoma,High,1.0,LumA,1.0,Positive,Positive,3.0,Neutral,Negative,Ductal/NST,1.0,Pre,7,Left,0.0,3.0,4.05,IDC,Positive,0.0,1,ER+/HER2- High Prolif,25.0,2.0,0,112.10807855387476,0
48.39,Mastectomy,Breast Cancer,Breast Invasive Ductal Carcinoma,Moderate,1.0,Normal,1.0,Negative,Negative,3.0,Gain,Positive,Ductal/NST,0.0,Pre,4ER-,Right,0.0,5.0,4.044,IDC,Negative,0.0,1,HER2+,22.0,1.0,1,51.27199705696375,1
61.28,Mastectomy,Breast Cancer,Breast Invasive Ductal Carcinoma,Moderate,0.0,LumA,1.0,Positive,Positive,2.0,Neutral,Negative,Ductal/NST,1.0,Post,7,Right,1.0,4.0,4.034,IDC,Positive,0.0,1,ER+/HER2- Low Prolif,17.0,2.0,0,89.24587189497082,0
74.96,Mastectomy,Breast Cancer,Breast Invasive Ductal Carcinoma,High,1.0,LumB,1.0,Positive,Positive,3.0,Neutral,Negative,Ductal/NST,1.0,Post,4ER+,Left,14.0,3.0,6.046,IDC,Positive,1.0,1,ER+/HER2- High Prolif,23.0,2.0,1,116.95246493386375,1
68.99,Breast Conserving,Breast Cancer,Breast Invasive Ductal Carcinoma,High,0.0,LumB,1.0,Positive,Positive,3.0,Gain,Negative,Ductal/NST,1.0,Post,6,Left,0.0,9.0,4.04,IDC,Positive,1.0,1,ER+/HER2- High Prolif,20.0,2.0,0,113.67313361364549,0
61.79,Mastectomy,Breast Cancer,Breast Invasive Ductal Carcinoma,Moderate,0.0,LumA,1.0,Positive,Positive,1.0,Neutral,Negative,Ductal/NST,1.0,Post,7,Right,0.0,9.0,2.04,IDC,Positive,1.0,1,ER+/HER2- High Prolif,20.0,1.0,0,107.99131535683891,0
76.22,Breast Conserving,Breast Cancer,Breast Invasive Ductal Carcinoma,Moderate,0.0,claudin-low,1.0,Positive,Positive,2.0,Loss,Negative,Ductal/NST,1.0,Post,7,Left,0.0,5.0,3.13,IDC,Positive,1.0,1,ER+/HER2- Low Prolif,65.0,0.0,0,85.51281026815401,0
48.1,Mastectomy,Breast Cancer,Breast Invasive Ductal Carcinoma,High,1.0,LumA,1.0,Positive,Positive,2.0,Gain,Negative,Ductal/NST,1.0,Pre,4ER+,Left,4.0,3.0,5.11,IDC,Positive,1.0,1,ER+/HER2- Low Prolif,55.0,3.0,0,61.348158499207045,0
68.47,Breast Conserving,Breast Cancer,Breast Invasive Ductal Carcinoma,Moderate,0.0,LumB,1.0,Positive,Positive,3.0,Neutral,Negative,Ductal/NST,1.0,Post,2,Right,5.0,5.0,6.042000000000001,IDC,Positive,1.0,1,ER+/HER2- High Prolif,21.0,2.0,1,115.94430785374801,1
70.53,Breast Conserving,Breast Cancer,Breast Invasive Ductal Carcinoma,Moderate,0.0,LumB,1.0,Positive,Positive,2.0,Gain,Negative,Ductal/NST,1.0,Post,7,Left,1.0,3.0,4.058,IDC,Negative,1.0,1,ER+/HER2- Low Prolif,29.0,2.0,1,39.19248794913933,1
33.8,Mastectomy,Breast Cancer,Breast Invasive Ductal Carcinoma,Moderate,1.0,LumA,1.0,Positive,Positive,3.0,Gain,Negative,Ductal/NST,1.0,Pre,4ER+,Left,2.0,2.0,5.08,IDC,Positive,1.0,1,ER+/HER2- High Prolif,40.0,2.0,1,65.70283863637763,1
96.29,Mastectomy,Breast Cancer,Breast Invasive Ductal Carcinoma,Moderate,0.0,Basal,1.0,Negative,Negative,3.0,Neutral,Negative,Ductal/NST,0.0,Post,7,Right,14.0,5.0,6.0520000000000005,IDC,Negative,1.0,1,ER-/HER2-,26.0,2.0,1,44.49485746021112,1
84.76,Mastectomy,Breast Cancer,Breast Invasive Lobular Carcinoma,High,0.0,Basal,1.0,Negative,Negative,3.0,Neutral,Negative,Lobular,0.0,Post,10,Right,0.0,6.0,4.06,ILC,Negative,0.0,1,ER-/HER2-,30.0,2.0,1,42.762773392766505,1
76.72,Mastectomy,Breast Cancer,Breast Invasive Ductal Carcinoma,High,0.0,LumB,1.0,Positive,Positive,3.0,Neutral,Negative,Ductal/NST,1.0,Post,6,Right,1.0,3.0,5.056,IDC,Negative,1.0,1,ER+/HER2- High Prolif,28.0,2.0,1,15.983790314289543,1
77.99,Mastectomy,Breast Cancer,Breast Invasive Lobular Carcinoma,Low,0.0,LumA,1.0,Positive,Positive,2.0,Neutral,Negative,Lobular,1.0,Post,6,Left,1.0,4.0,4.13,ILC,Negative,1.0,1,ER+/HER2- Low Prolif,65.0,3.0,1,77.83294806982886,1
59.96,Mastectomy,Breast Cancer,Breast Mixed Ductal and Lobular Carcinoma,Moderate,0.0,LumB,1.0,Positive,Positive,2.0,Gain,Positive,Mixed,1.0,Post,5,Right,25.0,4.0,5.07,MDLC,Negative,1.0,1,ER+/HER2- High Prolif,35.0,4.0,0,76.12064156309677,0
60.27,Mastectomy,Breast Cancer,Breast Invasive Ductal Carcinoma,High,1.0,LumB,1.0,Positive,Positive,3.0,Gain,Negative,Ductal/NST,1.0,Post,9,Right,15.0,1.0,6.06,IDC,Positive,1.0,1,ER+/HER2- High Prolif,30.0,2.0,1,66.28933450871705,1
84.0,Mastectomy,Breast Cancer,Breast Invasive Ductal Carcinoma,High,0.0,LumB,1.0,Positive,Positive,3.0,Neutral,Negative,Ductal/NST,1.0,Post,8,Left,0.0,2.0,4.034,IDC,Negative,0.0,1,ER+/HER2- High Prolif,17.0,1.0,1,17.55970513499885,1
62.34,Mastectomy,Breast Cancer,Breast Invasive Lobular Carcinoma,High,1.0,Her2,1.0,Negative,Negative,2.0,Gain,Positive,Lobular,0.0,Post,5,Left,13.0,2.0,5.18,ILC,Negative,1.0,1,HER2+,90.0,3.0,1,42.09381813755404,1
77.48,Breast Conserving,Breast Cancer,Breast Mixed Ductal and Lobular Carcinoma,High,0.0,LumA,1.0,Positive,Positive,2.0,Loss,Negative,Mixed,1.0,Post,3,Left,0.0,5.0,3.032,MDLC,Positive,1.0,1,ER+/HER2- Low Prolif,16.0,1.0,1,110.0927156843986,1
64.55,Mastectomy,Breast Cancer,Breast Invasive Ductal Carcinoma,High,1.0,Normal,1.0,Positive,Positive,2.0,Neutral,Negative,Ductal/NST,1.0,Post,3,Left,2.0,3.0,4.034,IDC,Positive,1.0,1,ER+/HER2- Low Prolif,17.0,2.0,1,37.87268419203302,1
77.48,Mastectomy,Breast Cancer,Breast Invasive Ductal Carcinoma,High,0.0,LumB,1.0,Positive,Positive,2.0,Neutral,Negative,Ductal/NST,1.0,Post,3,Right,9.0,4.0,5.048,IDC,Positive,1.0,1,ER+/HER2- High Prolif,24.0,2.0,1,27.648646185852094,1
46.85,Breast Conserving,Breast Cancer,Breast Invasive Ductal Carcinoma,Moderate,1.0,LumA,1.0,Positive,Positive,2.0,Neutral,Negative,Ductal/NST,1.0,Pre,4ER+,Right,1.0,3.0,4.048,IDC,Negative,1.0,1,ER+/HER2- Low Prolif,24.0,2.0,0,92.49805287965202,0
32.99,Mastectomy,Breast Cancer,Breast Invasive Ductal Carcinoma,Moderate,1.0,LumB,1.0,Positive,Positive,3.0,Neutral,Negative,Ductal/NST,1.0,Pre,10,Right,8.0,2.0,6.05,IDC,Negative,1.0,1,ER+/HER2- High Prolif,25.0,2.0,1,64.8608981099768,1
79.52,Mastectomy,Breast Cancer,Breast Invasive Ductal Carcinoma,High,0.0,LumA,1.0,Positive,Positive,2.0,Neutral,Negative,Ductal/NST,1.0,Post,7,Right,1.0,7.0,4.042,IDC,Positive,0.0,1,ER+/HER2- Low Prolif,21.0,2.0,0,98.00869318956883,0
83.19,Mastectomy,Breast Cancer,Breast Mixed Ductal and Lobular Carcinoma,Moderate,0.0,LumB,1.0,Positive,Positive,2.0,Neutral,Negative,Mixed,1.0,Post,3,Right,0.0,5.0,3.036,MDLC,Negative,0.0,1,ER+/HER2- High Prolif,18.0,1.0,1,118.45024904394488,1
76.81,Mastectomy,Breast Cancer,Breast Invasive Ductal Carcinoma,High,0.0,claudin-low,1.0,Negative,Negative,3.0,Neutral,Negative,Medullary,0.0,Post,10,Right,5.0,10.0,6.05,IDC,Negative,1.0,1,ER-/HER2-,25.0,2.0,1,38.141969323242044,1
51.15,Mastectomy,Breast Cancer,Breast Invasive Ductal Carcinoma,High,1.0,LumA,1.0,Positive,Positive,2.0,Neutral,Negative,Ductal/NST,1.0,Post,8,Left,2.0,2.0,4.0280000000000005,IDC,Negative,0.0,1,ER+/HER2- High Prolif,14.0,2.0,1,84.59063911983489,1
75.98,Mastectomy,Breast Cancer,Breast Invasive Ductal Carcinoma,High,0.0,LumB,1.0,Positive,Positive,3.0,Neutral,Negative,Ductal/NST,1.0,Post,7,Left,3.0,5.0,5.0760000000000005,IDC,Negative,1.0,1,ER+/HER2- High Prolif,38.0,2.0,1,94.2549184555015,1
72.14,Mastectomy,Breast Cancer,Breast Invasive Mixed Mucinous Carcinoma,Low,0.0,claudin-low,1.0,Positive,Negative,1.0,Neutral,Negative,Mucinous,1.0,Post,4ER+,Right,0.0,5.0,2.08,IMMC,Negative,0.0,1,ER-/HER2-,40.0,2.0,1,37.66485475117916,1
61.11,Breast Conserving,Breast Cancer,Breast Invasive Ductal Carcinoma,High,0.0,LumB,1.0,Positive,Positive,3.0,Neutral,Negative,Ductal/NST,1.0,Post,1,Right,0.0,6.0,4.04,IDC,Negative,1.0,1,ER+/HER2- High Prolif,20.0,2.0,1,90.64736565008083,1
84.41,Mastectomy,Breast Cancer,Breast Invasive Ductal Carcinoma,Moderate,1.0,LumA,1.0,Positive,Positive,2.0,Neutral,Negative,Ductal/NST,1.0,Post,8,Left,1.0,3.0,4.05,IDC,Positive,1.0,1,ER+/HER2- Low Prolif,25.0,2.0,1,51.72057833367935,1
26.36,Breast Conserving,Breast Cancer,Breast Invasive Ductal Carcinoma,High,0.0,LumA,1.0,Positive,Positive,3.0,Neutral,Negative,Ductal/NST,1.0,Pre,6,Right,0.0,1.0,4.024,IDC,Positive,1.0,1,ER+/HER2- High Prolif,12.0,1.0,1,80.28902970410658,1
66.95,Mastectomy,Breast Cancer,Breast Mixed Ductal and Lobular Carcinoma,Low,0.0,Normal,1.0,Positive,Positive,2.0,Neutral,Negative,Mixed,1.0,Post,4ER+,Left,1.0,2.0,4.064,MDLC,Negative,1.0,1,ER+/HER2- High Prolif,32.0,2.0,1,80.42120876217663,1
79.12,Breast Conserving,Breast Cancer,Breast Invasive Ductal Carcinoma,High,0.0,LumA,1.0,Positive,Positive,1.0,Neutral,Negative,Ductal/NST,0.0,Post,8,Left,0.0,2.0,2.04,IDC,Positive,1.0,1,ER+/HER2- Low Prolif,20.0,1.0,1,69.86366588007391,1
73.46,Mastectomy,Breast Cancer,Breast Invasive Ductal Carcinoma,High,0.0,Her2,1.0,Positive,Negative,3.0,Gain,Positive,Ductal/NST,1.0,Post,5,Left,12.0,3.0,6.12,IDC,Negative,1.0,1,ER-/HER2-,60.0,3.0,1,21.751295165876098,1
67.06,Mastectomy,Breast Cancer,Breast Mixed Ductal and Lobular Carcinoma,High,0.0,LumB,1.0,Positive,Positive,2.0,Neutral,Negative,Mixed,1.0,Post,8,Left,6.0,2.0,5.066,MDLC,Negative,1.0,1,ER+/HER2- High Prolif,33.0,2.0,1,102.2126695236377,1
85.12,Mastectomy,Breast Cancer,Breast Invasive Ductal Carcinoma,Moderate,0.0,Her2,1.0,Positive,Positive,3.0,Gain,Positive,Ductal/NST,1.0,Post,5,Right,1.0,3.0,5.042,IDC,Positive,0.0,1,ER+/HER2- High Prolif,21.0,2.0,1,46.64424701694747,1
69.95,Breast Conserving,Breast Cancer,Breast Invasive Lobular Carcinoma,Moderate,0.0,Her2,1.0,Positive,Negative,3.0,Neutral,Negative,Lobular,1.0,Post,9,Left,2.0,22.0,5.056,ILC,Negative,1.0,1,ER+/HER2- High Prolif,28.0,2.0,1,32.14399912318426,1
35.9,Mastectomy,Breast Cancer,Breast Invasive Ductal Carcinoma,High,1.0,claudin-low,1.0,Negative,Negative,3.0,Gain,Positive,Ductal/NST,0.0,Pre,5,Right,0.0,4.0,4.2,IDC,Negative,1.0,1,HER2+,100.0,3.0,1,16.4037152879145,1
82.87,Breast Conserving,Breast Cancer,Breast,Moderate,0.0,Normal,1.0,Negative,Negative,2.0,Neutral,Negative,Other,0.0,Post,4ER-,Left,0.0,2.0,3.09,BREAST,Negative,1.0,1,ER-/HER2-,45.0,2.0,1,75.81643786433011,1
52.43,Mastectomy,Breast Cancer,Breast Invasive Ductal Carcinoma,High,1.0,Her2,1.0,Positive,Negative,3.0,Gain,Negative,Ductal/NST,1.0,Post,10,Right,22.0,5.0,6.32,IDC,Negative,1.0,1,ER+/HER2- High Prolif,160.0,1.0,1,85.1769510789665,1
78.78,Mastectomy,Breast Cancer,Breast Invasive Ductal Carcinoma,High,0.0,LumA,1.0,Positive,Positive,2.0,Gain,Negative,Ductal/NST,1.0,Post,7,Left,0.0,5.0,3.016,IDC,Positive,0.0,1,ER+/HER2- Low Prolif,8.0,1.0,1,13.791485524208465,1
50.94,Breast Conserving,Breast Cancer,Breast Invasive Ductal Carcinoma,High,0.0,Normal,1.0,Positive,Positive,3.0,Gain,Positive,Ductal/NST,1.0,Post,5,Left,0.0,4.0,4.0280000000000005,IDC,Positive,1.0,1,HER2+,14.0,1.0,1,67.30605029632234,1
78.27,Mastectomy,Breast Cancer,Breast Invasive Ductal Carcinoma,High,1.0,Basal,1.0,Negative,Negative,3.0,Neutral,Negative,Ductal/NST,0.0,Post,10,Left,10.0,7.0,6.167999999999999,IDC,Negative,1.0,1,ER-/HER2-,84.0,3.0,1,36.461543721377296,1
61.31,Breast Conserving,Breast Cancer,Breast Invasive Ductal Carcinoma,High,1.0,LumA,1.0,Positive,Positive,3.0,Neutral,Negative,Ductal/NST,1.0,Post,9,Right,9.0,1.0,6.05,IDC,Positive,1.0,1,ER+/HER2- High Prolif,25.0,2.0,1,81.67866136422059,1
76.24,Breast Conserving,Breast Cancer,Breast Invasive Ductal Carcinoma,High,0.0,LumB,1.0,Positive,Positive,3.0,Gain,Positive,Ductal/NST,1.0,Post,1,Left,0.0,5.0,6.068,IDC,Positive,1.0,1,ER+/HER2- High Prolif,34.0,2.0,0,75.47326112599214,0
58.83,Breast Conserving,Breast Cancer,Breast Invasive Ductal Carcinoma,High,1.0,Basal,1.0,Negative,Negative,3.0,Neutral,Negative,Ductal/NST,1.0,Post,10,Right,0.0,2.0,4.058,IDC,Negative,1.0,1,ER-/HER2-,29.0,2.0,1,30.831574332539077,1
82.34,Mastectomy,Breast Cancer,Breast Invasive Ductal Carcinoma,High,0.0,Normal,1.0,Positive,Positive,2.0,Neutral,Negative,Ductal/NST,1.0,Post,7,Right,1.0,7.0,4.0280000000000005,IDC,Positive,1.0,1,ER+/HER2- Low Prolif,14.0,2.0,0,68.36136444436944,0
59.22,Mastectomy,Breast Cancer,Breast Invasive Ductal Carcinoma,High,1.0,Basal,1.0,Negative,Negative,3.0,Neutral,Negative,Ductal/NST,0.0,Post,10,Left,0.0,2.0,4.078,IDC,Negative,1.0,1,ER-/HER2-,39.0,2.0,1,86.62127571506632,1
54.85,Mastectomy,Breast Cancer,Invasive Breast Carcinoma,Moderate,0.0,claudin-low,1.0,Positive,Negative,3.0,Neutral,Negative,Ductal/NST,0.0,Post,4ER-,Right,0.0,5.0,1.0,BRCA,Negative,0.0,1,ER-/HER2-,23.0,0.0,0,110.09581420795794,0
79.41,Mastectomy,Breast Cancer,Breast Invasive Ductal Carcinoma,High,0.0,LumB,1.0,Positive,Positive,3.0,Neutral,Negative,Ductal/NST,0.0,Post,6,Left,4.0,4.0,6.07,IDC,Positive,0.0,1,ER+/HER2- High Prolif,35.0,2.0,1,53.767417400458044,1
73.39,Breast Conserving,Breast Cancer,Breast Invasive Ductal Carcinoma,Moderate,0.0,LumB,1.0,Positive,Positive,3.0,Neutral,Negative,Ductal/NST,1.0,Post,7,Left,0.0,1.0,4.093999999999999,IDC,Positive,0.0,1,ER+/HER2- High Prolif,47.0,2.0,1,113.16683878356733,1
56.47,Breast Conserving,Breast Cancer,Breast Invasive Ductal Carcinoma,Moderate,1.0,LumB,1.0,Positive,Positive,3.0,Neutral,Negative,Ductal/NST,1.0,Post,9,Left,15.0,5.0,6.046,IDC,Negative,1.0,1,ER+/HER2- High Prolif,23.0,2.0,1,26.85226196776727,1
52.21,Breast Conserving,Breast Cancer,Invasive Breast Carcinoma,Moderate,0.0,claudin-low,1.0,Positive,Negative,3.0,Neutral,Negative,Ductal/NST,1.0,Post,4ER-,Right,0.0,5.0,2.0,BRCA,Negative,0.0,1,ER-/HER2-,23.0,2.0,1,48.83516591342792,1
83.68,Mastectomy,Breast Cancer,Breast Invasive Ductal Carcinoma,Moderate,0.0,LumA,1.0,Positive,Positive,1.0,Neutral,Negative,Ductal/NST,1.0,Post,3,Right,2.0,6.0,3.074,IDC,Negative,0.0,1,ER+/HER2- Low Prolif,37.0,2.0,0,119.06413084221313,0
57.41,Mastectomy,Breast Cancer,Breast Invasive Ductal Carcinoma,Moderate,1.0,claudin-low,1.0,Positive,Negative,3.0,Neutral,Negative,Ductal/NST,1.0,Post,4ER+,Left,3.0,5.0,5.056,IDC,Negative,1.0,1,ER-/HER2-,28.0,2.0,0,91.54141093816115,0
79.61,Mastectomy,Breast Cancer,Breast Invasive Ductal Carcinoma,High,0.0,LumB,1.0,Positive,Positive,3.0,Gain,Positive,Ductal/NST,1.0,Post,5,Left,1.0,1.0,5.038,IDC,Positive,1.0,1,HER2+,19.0,2.0,1,24.25514029398362,1
41.32,Mastectomy,Breast Cancer,Breast Invasive Ductal Carcinoma,Moderate,0.0,Normal,1.0,Positive,Positive,2.0,Neutral,Negative,Ductal/NST,0.0,Pre,4ER+,Left,1.0,28.0,4.092,IDC,Positive,0.0,1,ER+/HER2- Low Prolif,46.0,2.0,1,111.86691077408479,1
50.62,Mastectomy,Breast Cancer,Breast Invasive Ductal Carcinoma,Moderate,1.0,LumA,1.0,Positive,Positive,2.0,Neutral,Negative,Ductal/NST,1.0,Post,8,Right,3.0,4.0,4.05,IDC,Positive,0.0,1,ER+/HER2- High Prolif,25.0,2.0,0,70.3007571508982,0
68.19,Breast Conserving,Breast Cancer,Breast Invasive Ductal Carcinoma,High,1.0,Basal,1.0,Negative,Negative,3.0,Neutral,Negative,Ductal/NST,0.0,Post,10,Left,3.0,3.0,5.066,IDC,Negative,1.0,1,ER+/HER2- High Prolif,33.0,2.0,0,76.33843959116214,0
83.01,Mastectomy,Breast Cancer,Breast Invasive Ductal Carcinoma,Moderate,0.0,LumA,1.0,Positive,Positive,2.0,Neutral,Negative,Ductal/NST,1.0,Post,3,Left,1.0,3.0,4.044,IDC,Positive,0.0,1,ER+/HER2- Low Prolif,22.0,2.0,0,61.103440592848,0
70.6,Mastectomy,Breast Cancer,Breast Mixed Ductal and Lobular Carcinoma,High,0.0,claudin-low,1.0,Negative,Negative,3.0,Neutral,Negative,Mixed,1.0,Post,4ER-,Right,0.0,5.0,4.056,MDLC,Negative,1.0,1,ER-/HER2-,28.0,2.0,1,106.75265016514595,1
72.14,Mastectomy,Breast Cancer,Invasive Breast Carcinoma,Low,0.0,claudin-low,1.0,Positive,Negative,3.0,Gain,Positive,Ductal/NST,0.0,Post,4ER-,Left,0.0,5.0,2.074,BRCA,Negative,0.0,1,HER2+,37.0,1.0,1,39.85769579323681,1
57.96,Breast Conserving,Breast Cancer,Breast Invasive Ductal Carcinoma,High,0.0,LumA,2.0,Negative,Negative,2.0,Gain,Positive,Ductal/NST,0.0,Post,5,Left,0.0,3.0,3.04,IDC,Negative,1.0,1,HER2+,20.0,1.0,1,83.27827697169134,1
60.29,Mastectomy,Breast Cancer,Breast Invasive Ductal Carcinoma,Moderate,0.0,Her2,2.0,Negative,Negative,3.0,Gain,Positive,Ductal/NST,1.0,Post,5,Right,0.0,7.0,4.03,IDC,Negative,0.0,1,HER2+,15.0,1.0,0,114.85792839362993,0
54.11,Breast Conserving,Breast Cancer,Breast Mixed Ductal and Lobular Carcinoma,Moderate,0.0,LumA,2.0,Positive,Positive,1.0,Gain,Negative,Mixed,0.0,Post,3,Left,0.0,6.0,2.03,MDLC,Negative,0.0,1,ER+/HER2- Low Prolif,15.0,1.0,1,100.25999762173132,1
62.59,Mastectomy,Breast Cancer,Breast Invasive Lobular Carcinoma,Moderate,0.0,claudin-low,2.0,Positive,Negative,2.0,Neutral,Negative,Lobular,1.0,Post,4ER+,Left,1.0,1.0,4.04,ILC,Negative,0.0,1,ER-/HER2-,20.0,2.0,0,67.06506497340847,0
52.98,Breast Conserving,Breast Cancer,Breast Invasive Ductal Carcinoma,High,0.0,LumA,2.0,Positive,Positive,1.0,Neutral,Negative,Tubular/ cribriform,0.0,Post,8,Left,0.0,10.0,2.02,IDC,Positive,1.0,1,ER+/HER2- Low Prolif,10.0,1.0,0,94.59098853085521,0
58.99,Mastectomy,Breast Cancer,Breast Mixed Ductal and Lobular Carcinoma,Low,0.0,LumA,2.0,Positive,Positive,1.0,Neutral,Negative,Mixed,1.0,Post,8,Left,1.0,6.0,3.05,MDLC,Positive,0.0,1,ER+/HER2- Low Prolif,25.0,2.0,0,76.44331324123236,0
59.63,Mastectomy,Breast Cancer,Breast Invasive Ductal Carcinoma,High,0.0,LumB,2.0,Positive,Positive,3.0,Neutral,Negative,Ductal/NST,1.0,Post,1,Left,0.0,6.0,4.04,IDC,Positive,0.0,1,ER+/HER2- High Prolif,20.0,1.0,0,93.2506801509476,0
43.72,Mastectomy,Breast Cancer,Breast Mixed Ductal and Lobular Carcinoma,High,1.0,LumA,2.0,Negative,Positive,1.0,Neutral,Negative,Mixed,0.0,Pre,7,Left,10.0,4.0,4.03,MDLC,Positive,0.0,1,ER+/HER2- Low Prolif,15.0,3.0,1,71.96168765274193,1
65.07,Breast Conserving,Breast Cancer,Breast Mixed Ductal and Lobular Carcinoma,Moderate,0.0,claudin-low,2.0,Positive,Positive,2.0,Neutral,Negative,Mixed,0.0,Post,4ER+,Left,0.0,3.0,3.036,MDLC,Positive,1.0,1,ER+/HER2- Low Prolif,18.0,1.0,0,99.08522330111185,0
63.3,Breast Conserving,Breast Cancer,Breast Invasive Ductal Carcinoma,High,0.0,LumB,2.0,Positive,Positive,3.0,Neutral,Negative,Ductal/NST,1.0,Post,4ER+,Left,0.0,11.0,4.0360000000000005,IDC,Negative,1.0,1,ER+/HER2- High Prolif,18.0,1.0,1,69.2022624624487,1
66.22,Breast Conserving,Breast Cancer,Breast Invasive Ductal Carcinoma,High,0.0,LumB,2.0,Positive,Positive,2.0,Gain,Negative,Ductal/NST,0.0,Post,1,Right,0.0,8.0,3.032,IDC,Positive,1.0,1,ER+/HER2- High Prolif,16.0,1.0,1,38.120047417248784,1
53.53,Breast Conserving,Breast Cancer,Breast Invasive Ductal Carcinoma,Moderate,0.0,LumA,2.0,Positive,Positive,1.0,Neutral,Negative,Tubular/ cribriform,1.0,Post,3,Right,2.0,6.0,3.028,IDC,Positive,1.0,1,ER+/HER2- Low Prolif,14.0,2.0,0,109.7845082224321,0
62.54,Breast Conserving,Breast Cancer,Breast Invasive Ductal Carcinoma,High,0.0,LumB,2.0,Positive,Positive,3.0,Gain,Positive,Ductal/NST,1.0,Post,5,Right,0.0,3.0,4.032,IDC,Positive,1.0,1,HER2+,16.0,1.0,0,72.3852763056362,0
61.22,Mastectomy,Breast Cancer,Breast Invasive Ductal Carcinoma,Moderate,0.0,LumB,2.0,Positive,Positive,3.0,Neutral,Negative,Ductal/NST,1.0,Post,3,Left,1.0,2.0,5.03,IDC,Negative,1.0,1,ER+/HER2- High Prolif,15.0,2.0,0,60.65974971950883,0
36.52,Mastectomy,Breast Cancer,Breast Invasive Ductal Carcinoma,High,1.0,Her2,2.0,Negative,Negative,3.0,Gain,Positive,Ductal/NST,0.0,Pre,5,Left,3.0,7.0,5.03,IDC,Negative,1.0,1,HER2+,15.0,2.0,1,22.055098923037114,1
70.69,Breast Conserving,Breast Cancer,Breast Invasive Ductal Carcinoma,High,0.0,LumB,2.0,Positive,Positive,3.0,Gain,Negative,Ductal/NST,1.0,Post,2,Left,0.0,5.0,4.02,IDC,Positive,1.0,1,ER+/HER2- High Prolif,10.0,1.0,0,68.21313780412844,0
30.67,Mastectomy,Breast Cancer,Breast Invasive Ductal Carcinoma,Moderate,1.0,LumB,2.0,Negative,Positive,3.0,Loss,Negative,Ductal/NST,0.0,Pre,1,Right,3.0,5.0,5.07,IDC,Positive,1.0,1,ER+/HER2- High Prolif,35.0,2.0,1,108.89930185895929,1
34.2,Breast Conserving,Breast Cancer,Breast Invasive Ductal Carcinoma,Low,0.0,claudin-low,2.0,Positive,Negative,2.0,Neutral,Negative,Ductal/NST,0.0,Pre,4ER-,Right,0.0,2.0,3.006,IDC,Negative,1.0,1,ER+/HER2- High Prolif,3.0,1.0,1,109.24515017363969,1
69.45,Mastectomy,Breast Cancer,Breast Invasive Ductal Carcinoma,Moderate,0.0,Basal,2.0,Positive,Positive,3.0,Neutral,Negative,Ductal/NST,1.0,Post,4ER+,Left,6.0,5.0,6.053999999999999,IDC,Negative,1.0,1,ER+/HER2- High Prolif,27.0,3.0,1,80.37495738551294,1
62.56,Mastectomy,Breast Cancer,Breast Invasive Ductal Carcinoma,Moderate,0.0,LumA,2.0,Positive,Positive,2.0,Neutral,Negative,Ductal/NST,1.0,Post,6,Left,0.0,6.0,3.048,IDC,Negative,0.0,1,ER+/HER2- Low Prolif,24.0,1.0,1,48.61521743325967,1
68.76,Breast Conserving,Breast Cancer,Breast Invasive Ductal Carcinoma,High,0.0,LumB,2.0,Positive,Positive,3.0,Neutral,Negative,Ductal/NST,1.0,Post,1,Left,1.0,5.0,5.034,IDC,Negative,1.0,1,ER+/HER2- High Prolif,17.0,2.0,0,114.0011185108863,0
61.78,Breast Conserving,Breast Cancer,Breast Invasive Ductal Carcinoma,High,0.0,LumB,2.0,Positive,Positive,2.0,Neutral,Negative,Ductal/NST,0.0,Post,3,Left,0.0,6.0,3.03,IDC,Negative,1.0,1,ER+/HER2- High Prolif,15.0,1.0,0,112.43340465375091,0
66.36,Mastectomy,Breast Cancer,Breast Mixed Ductal and Lobular Carcinoma,Moderate,0.0,LumB,2.0,Positive,Positive,2.0,Neutral,Negative,Mixed,1.0,Post,7,Left,0.0,8.0,3.03,MDLC,Positive,0.0,1,ER+/HER2- High Prolif,15.0,1.0,0,95.8447861302185,0
48.07,Mastectomy,Breast Cancer,Breast Invasive Ductal Carcinoma,Moderate,0.0,LumA,2.0,Positive,Positive,2.0,Neutral,Negative,Ductal/NST,0.0,Pre,7,Left,0.0,2.0,3.03,IDC,Positive,0.0,1,ER+/HER2- Low Prolif,15.0,1.0,0,96.03101162601921,0
54.59,Breast Conserving,Breast Cancer,Breast Mixed Ductal and Lobular Carcinoma,High,0.0,LumA,2.0,Positive,Positive,1.0,Neutral,Negative,Mixed,1.0,Post,7,Right,1.0,6.0,3.022,MDLC,Positive,1.0,1,ER+/HER2- Low Prolif,11.0,2.0,0,99.90220047277533,0
47.94,Mastectomy,Breast Cancer,Breast Mixed Ductal and Lobular Carcinoma,High,1.0,Basal,2.0,Negative,Negative,2.0,Neutral,Negative,Mixed,0.0,Pre,10,Left,1.0,3.0,4.04,MDLC,Negative,0.0,1,ER+/HER2- High Prolif,20.0,2.0,0,70.52227671740698,0
44.82,Breast Conserving,Breast Cancer,Breast Invasive Ductal Carcinoma,High,0.0,LumA,2.0,Negative,Positive,1.0,Loss,Negative,Tubular/ cribriform,0.0,Pre,7,Left,0.0,4.0,2.018,IDC,Positive,1.0,1,ER+/HER2- High Prolif,9.0,1.0,0,114.86471675549758,0
60.59,Breast Conserving,Breast Cancer,Breast Invasive Ductal Carcinoma,High,0.0,claudin-low,2.0,Negative,Negative,3.0,Neutral,Negative,Ductal/NST,0.0,Post,4ER-,Left,0.0,3.0,4.016,IDC,Negative,0.0,1,ER+/HER2- High Prolif,8.0,1.0,1,49.71463405816738,1
44.88,Breast Conserving,Breast Cancer,Breast Invasive Ductal Carcinoma,Moderate,0.0,LumA,2.0,Positive,Positive,1.0,Neutral,Negative,Ductal/NST,1.0,Pre,4ER+,Right,3.0,3.0,3.03,IDC,Positive,1.0,1,ER+/HER2- Low Prolif,15.0,2.0,0,85.12623149352439,0
28.62,Mastectomy,Breast Cancer,Breast Invasive Ductal Carcinoma,High,1.0,LumB,2.0,Negative,Positive,3.0,Neutral,Negative,Ductal/NST,0.0,Pre,9,Left,11.0,7.0,6.08,IDC,Positive,1.0,1,ER+/HER2- High Prolif,40.0,3.0,1,90.40321331798586,1
61.99,Mastectomy,Breast Cancer,Breast Invasive Ductal Carcinoma,High,0.0,LumB,2.0,Positive,Positive,3.0,Neutral,Negative,Ductal/NST,1.0,Post,1,Left,4.0,10.0,6.07,IDC,Negative,1.0,1,ER+/HER2- High Prolif,35.0,3.0,0,82.98831169496985,0
49.94,Breast Conserving,Breast Cancer,Breast Invasive Ductal Carcinoma,High,1.0,LumB,2.0,Negative,Positive,3.0,Gain,Negative,Ductal/NST,0.0,Pre,6,Left,1.0,6.0,5.024,IDC,Negative,1.0,1,HER2+,12.0,2.0,0,91.13506231697025,0
48.25,Mastectomy,Breast Cancer,Breast Invasive Ductal Carcinoma,High,1.0,Her2,2.0,Negative,Negative,3.0,Gain,Positive,Ductal/NST,0.0,Pre,5,Left,3.0,7.0,5.03,IDC,Negative,1.0,1,HER2+,15.0,2.0,1,108.88790807487833,1
45.57,Mastectomy,Breast Cancer,Breast Invasive Lobular Carcinoma,High,0.0,Normal,2.0,Positive,Positive,2.0,Neutral,Negative,Lobular,1.0,Pre,4ER+,Right,0.0,5.0,3.06,ILC,Positive,1.0,1,ER+/HER2- Low Prolif,30.0,1.0,0,62.817958006503304,0
46.85,Mastectomy,Breast Cancer,Breast Mixed Ductal and Lobular Carcinoma,High,0.0,LumA,2.0,Positive,Positive,2.0,Neutral,Negative,Mixed,1.0,Pre,8,Right,1.0,4.0,4.06,MDLC,Positive,1.0,1,ER+/HER2- High Prolif,30.0,2.0,0,69.97700212536476,0
68.23,Mastectomy,Breast Cancer,Breast Invasive Ductal Carcinoma,High,0.0,LumA,2.0,Positive,Positive,1.0,Neutral,Negative,Ductal/NST,0.0,Post,8,Right,0.0,4.0,2.0380000000000003,IDC,Positive,0.0,1,ER+/HER2- Low Prolif,19.0,1.0,0,104.28201698558223,0
60.13,Mastectomy,Breast Cancer,Breast Invasive Ductal Carcinoma,Moderate,0.0,LumA,2.0,Positive,Positive,1.0,Neutral,Negative,Ductal/NST,0.0,Post,3,Right,0.0,5.0,2.026,IDC,Positive,0.0,1,ER+/HER2- Low Prolif,13.0,1.0,1,107.80533382063267,1
47.48,Mastectomy,Breast Cancer,Breast Mixed Ductal and Lobular Carcinoma,Moderate,0.0,LumA,2.0,Positive,Positive,1.0,Gain,Negative,Mixed,0.0,Pre,8,Right,0.0,6.0,2.06,MDLC,Negative,0.0,1,ER+/HER2- Low Prolif,30.0,1.0,0,64.96792007550759,0
51.36,Mastectomy,Breast Cancer,Breast Mixed Ductal and Lobular Carcinoma,Moderate,0.0,LumA,2.0,Positive,Positive,2.0,Neutral,Negative,Mixed,1.0,Post,7,Right,0.0,5.0,3.07,MDLC,Positive,0.0,1,ER+/HER2- Low Prolif,35.0,1.0,1,96.22655895262338,1
30.95,Breast Conserving,Breast Cancer,Breast Invasive Ductal Carcinoma,High,1.0,Basal,2.0,Negative,Negative,3.0,Gain,Negative,Ductal/NST,0.0,Pre,10,Left,1.0,6.0,5.074,IDC,Negative,1.0,1,ER-/HER2-,37.0,2.0,0,96.1891265679833,0
66.11,Mastectomy,Breast Cancer,Breast Invasive Lobular Carcinoma,Moderate,0.0,Normal,2.0,Negative,Negative,2.0,Neutral,Negative,Lobular,1.0,Post,3,Left,0.0,2.0,3.07,ILC,Negative,0.0,1,ER+/HER2- Low Prolif,35.0,1.0,0,74.72094658087926,0
38.16,Mastectomy,Breast Cancer,Breast Invasive Ductal Carcinoma,Low,1.0,claudin-low,2.0,Negative,Negative,3.0,Gain,Positive,Ductal/NST,0.0,Pre,4ER-,Right,4.0,4.0,6.09,IDC,Negative,0.0,1,HER2+,45.0,3.0,1,81.33941778466308,1
63.1,Breast Conserving,Breast Cancer,Breast Invasive Ductal Carcinoma,Moderate,0.0,LumB,2.0,Positive,Positive,2.0,Neutral,Negative,Ductal/NST,1.0,Post,7,Right,2.0,4.0,4.03,IDC,Positive,1.0,1,ER+/HER2- Low Prolif,15.0,2.0,1,21.087116219465273,1
70.32,Mastectomy,Breast Cancer,Breast Invasive Mixed Mucinous Carcinoma,Moderate,0.0,LumB,2.0,Positive,Positive,2.0,Neutral,Negative,Mucinous,1.0,Post,4ER+,Right,0.0,7.0,3.052,IMMC,Positive,0.0,1,ER+/HER2- High Prolif,26.0,1.0,0,83.35773684251859,0
57.48,Breast Conserving,Breast Cancer,Breast Invasive Ductal Carcinoma,Low,0.0,claudin-low,2.0,Positive,Positive,2.0,Neutral,Negative,Tubular/ cribriform,1.0,Post,4ER+,Left,1.0,2.0,4.03,IDC,Negative,1.0,1,ER-/HER2-,15.0,2.0,0,77.32162420624199,0
65.79,Breast Conserving,Breast Cancer,Breast Invasive Ductal Carcinoma,Moderate,0.0,claudin-low,2.0,Positive,Positive,3.0,Gain,Negative,Ductal/NST,1.0,Post,3,Left,0.0,2.0,4.034,IDC,Positive,1.0,1,ER+/HER2- Low Prolif,17.0,1.0,0,81.34036298789695,0
53.11,Breast Conserving,Breast Cancer,Breast Invasive Ductal Carcinoma,High,0.0,LumB,2.0,Positive,Positive,3.0,Neutral,Negative,Ductal/NST,1.0,Post,2,Left,1.0,3.0,5.042,IDC,Positive,1.0,1,ER+/HER2- High Prolif,21.0,2.0,0,103.14275431105473,0
59.9,Breast Conserving,Breast Cancer,Breast Invasive Lobular Carcinoma,High,0.0,LumB,2.0,Positive,Positive,2.0,Neutral,Negative,Lobular,0.0,Post,7,Left,0.0,4.0,3.03,ILC,Positive,1.0,1,ER+/HER2- High Prolif,15.0,1.0,0,77.8273029373905,0
60.32,Breast Conserving,Breast Cancer,Breast Invasive Lobular Carcinoma,High,0.0,LumA,2.0,Positive,Positive,2.0,Neutral,Negative,Lobular,1.0,Post,8,Right,5.0,10.0,5.09,ILC,Positive,0.0,1,ER+/HER2- Low Prolif,45.0,3.0,0,93.98427841781383,0
56.79,Breast Conserving,Breast Cancer,Breast Invasive Ductal Carcinoma,Low,0.0,Basal,2.0,Positive,Negative,3.0,Loss,Negative,Ductal/NST,1.0,Post,10,Left,0.0,7.0,4.032,IDC,Negative,1.0,1,ER+/HER2- High Prolif,16.0,1.0,1,29.455901122218286,1
54.4,Breast Conserving,Breast Cancer,Breast Mixed Ductal and Lobular Carcinoma,Moderate,0.0,LumB,2.0,Positive,Positive,3.0,Loss,Negative,Mixed,1.0,Post,6,Right,0.0,6.0,4.034,MDLC,Positive,1.0,1,ER+/HER2- High Prolif,17.0,1.0,0,88.56302413194598,0
66.06,Mastectomy,Breast Cancer,Breast Invasive Ductal Carcinoma,Moderate,0.0,LumB,2.0,Positive,Positive,2.0,Loss,Negative,Ductal/NST,1.0,Post,7,Right,7.0,3.0,5.07,IDC,Positive,0.0,1,ER+/HER2- High Prolif,35.0,3.0,0,99.8202699217589,0
62.76,Mastectomy,Breast Cancer,Breast Invasive Ductal Carcinoma,Low,0.0,NC,2.0,Positive,Positive,2.0,Neutral,Negative,Ductal/NST,1.0,Post,3,Left,1.0,6.0,4.034,IDC,Positive,0.0,1,ER+/HER2- High Prolif,17.0,2.0,0,116.20978435948548,0
36.8,Breast Conserving,Breast Cancer,Breast Invasive Ductal Carcinoma,High,0.0,LumA,2.0,Positive,Positive,2.0,Neutral,Negative,Ductal/NST,0.0,Pre,10,Left,0.0,6.0,3.04,IDC,Positive,1.0,1,ER+/HER2- High Prolif,20.0,1.0,0,103.95432583261501,0
64.32,Mastectomy,Breast Cancer,Breast Invasive Ductal Carcinoma,Moderate,0.0,LumB,2.0,Positive,Positive,2.0,Gain,Negative,Ductal/NST,1.0,Post,1,Left,1.0,2.0,4.06,IDC,Positive,0.0,1,ER+/HER2- High Prolif,30.0,2.0,1,109.04385236092456,1
62.36,Mastectomy,Breast Cancer,Breast Invasive Ductal Carcinoma,High,0.0,LumA,2.0,Positive,Positive,3.0,Gain,Positive,Ductal/NST,1.0,Post,5,Left,3.0,5.0,5.056,IDC,Negative,1.0,1,HER2+,28.0,2.0,1,77.49433844323572,1
40.79,Breast Conserving,Breast Cancer,Breast Invasive Ductal Carcinoma,High,0.0,LumA,2.0,Positive,Positive,2.0,Neutral,Negative,Ductal/NST,0.0,Pre,3,Left,0.0,12.0,3.034,IDC,Positive,1.0,1,ER+/HER2- Low Prolif,17.0,1.0,0,72.89642271544541,0
50.38,Mastectomy,Breast Cancer,Breast Invasive Ductal Carcinoma,Low,0.0,Her2,2.0,Positive,Positive,2.0,Gain,Negative,Ductal/NST,1.0,Post,9,Left,1.0,2.0,4.07,IDC,Positive,0.0,1,ER+/HER2- High Prolif,35.0,2.0,1,12.993281574596002,1
67.62,Mastectomy,Breast Cancer,Breast Invasive Ductal Carcinoma,High,0.0,LumB,2.0,Positive,Positive,2.0,Neutral,Negative,Ductal/NST,1.0,Post,8,Right,0.0,3.0,3.05,IDC,Positive,0.0,1,ER+/HER2- High Prolif,25.0,1.0,0,61.87098810367708,0
42.07,Breast Conserving,Breast Cancer,Breast Invasive Ductal Carcinoma,Moderate,0.0,claudin-low,2.0,Positive,Positive,2.0,Neutral,Negative,Ductal/NST,0.0,Pre,1,Right,0.0,3.0,3.0239999999999996,IDC,Negative,1.0,1,ER+/HER2- Low Prolif,12.0,1.0,0,75.73584265798951,0
57.94,Mastectomy,Breast Cancer,Breast Mixed Ductal and Lobular Carcinoma,Moderate,0.0,claudin-low,2.0,Positive,Positive,3.0,Neutral,Negative,Mixed,1.0,Post,2,Left,1.0,5.0,5.04,MDLC,Positive,1.0,1,ER+/HER2- High Prolif,20.0,2.0,1,22.95892662953147,1
50.07,Mastectomy,Breast Cancer,Breast Mixed Ductal and Lobular Carcinoma,Moderate,0.0,LumA,2.0,Positive,Positive,1.0,Neutral,Negative,Mixed,0.0,Post,6,Left,0.0,4.0,2.03,MDLC,Positive,0.0,1,ER+/HER2- High Prolif,15.0,1.0,0,95.70467584201529,0
70.35,Breast Conserving,Breast Cancer,Breast Invasive Ductal Carcinoma,Moderate,0.0,LumA,2.0,Positive,Positive,2.0,Neutral,Negative,Ductal/NST,1.0,Post,2,Left,1.0,8.0,4.026,IDC,Positive,1.0,1,ER+/HER2- High Prolif,13.0,2.0,0,63.08554880905502,0
63.01,Breast Conserving,Breast Cancer,Breast Invasive Ductal Carcinoma,High,0.0,LumB,2.0,Positive,Positive,2.0,Neutral,Negative,Ductal/NST,0.0,Post,8,Right,0.0,4.0,3.036,IDC,Negative,1.0,1,ER+/HER2- High Prolif,18.0,1.0,1,83.65819106367003,1
65.25,Breast Conserving,Breast Cancer,Breast Invasive Ductal Carcinoma,Moderate,0.0,LumB,2.0,Positive,Positive,2.0,Gain,Negative,Ductal/NST,0.0,Post,3,Right,0.0,4.0,3.026,IDC,Positive,1.0,1,ER+/HER2- High Prolif,13.0,1.0,0,89.78197483207418,0
64.25,Breast Conserving,Breast Cancer,Breast Mixed Ductal and Lobular Carcinoma,Low,0.0,Normal,2.0,Positive,Positive,1.0,Neutral,Negative,Mixed,0.0,Post,3,Right,0.0,2.0,2.044,MDLC,Positive,1.0,1,ER+/HER2- Low Prolif,22.0,1.0,0,95.81057093501336,0
61.95,Mastectomy,Breast Cancer,Breast Mixed Ductal and Lobular Carcinoma,High,0.0,LumA,2.0,Positive,Positive,1.0,Neutral,Negative,Mixed,0.0,Post,7,Left,0.0,4.0,2.0380000000000003,MDLC,Positive,0.0,1,ER+/HER2- Low Prolif,19.0,1.0,0,80.05463344901764,0
40.06,Breast Conserving,Breast Cancer,Breast Invasive Ductal Carcinoma,Moderate,0.0,LumA,2.0,Positive,Positive,3.0,Neutral,Negative,Ductal/NST,1.0,Pre,3,Left,0.0,6.0,4.0360000000000005,IDC,Positive,1.0,1,ER+/HER2- High Prolif,18.0,1.0,0,106.25473222474932,0
57.39,Breast Conserving,Breast Cancer,Metaplastic Breast Cancer,Moderate,0.0,claudin-low,2.0,Negative,Negative,3.0,Neutral,Negative,Metaplastic,0.0,Post,4ER-,Right,0.0,6.0,1.032,MBC,Positive,1.0,1,ER+/HER2- High Prolif,16.0,1.0,0,66.3958951880263,0
35.97,Breast Conserving,Breast Cancer,Breast Mixed Ductal and Lobular Carcinoma,High,0.0,claudin-low,2.0,Positive,Positive,3.0,Gain,Positive,Mixed,1.0,Pre,4ER+,Right,0.0,5.0,4.022,MDLC,Positive,1.0,1,ER+/HER2- Low Prolif,11.0,1.0,0,64.50826690414853,0
36.5,Mastectomy,Breast Cancer,Breast Invasive Ductal Carcinoma,Moderate,1.0,Basal,2.0,Negative,Negative,3.0,Neutral,Negative,Ductal/NST,0.0,Pre,10,Right,1.0,4.0,5.022,IDC,Negative,1.0,1,ER-/HER2-,11.0,2.0,0,103.6913253722162,0
42.9,Mastectomy,Breast Cancer,Breast Invasive Ductal Carcinoma,High,1.0,claudin-low,2.0,Negative,Negative,3.0,Neutral,Negative,Medullary,0.0,Pre,10,Right,2.0,5.0,5.046,IDC,Negative,1.0,1,ER+/HER2- High Prolif,23.0,2.0,0,89.72947897237191,0
56.85,Breast Conserving,Breast Cancer,Breast Invasive Ductal Carcinoma,High,0.0,Her2,2.0,Positive,Negative,2.0,Neutral,Negative,Ductal/NST,0.0,Post,3,Left,1.0,8.0,4.018,IDC,Negative,1.0,1,ER-/HER2-,9.0,1.0,0,101.30414378566417,0
59.84,Mastectomy,Breast Cancer,Breast Invasive Ductal Carcinoma,Moderate,0.0,LumA,2.0,Positive,Positive,3.0,Neutral,Negative,Ductal/NST,1.0,Post,3,Right,0.0,6.0,4.04,IDC,Positive,0.0,1,ER+/HER2- Low Prolif,20.0,1.0,1,12.546651055391617,1
67.12,Mastectomy,Breast Cancer,Breast Invasive Ductal Carcinoma,High,0.0,LumA,2.0,Positive,Positive,2.0,Loss,Negative,Ductal/NST,1.0,Post,8,Right,0.0,12.0,3.054,IDC,Positive,0.0,1,ER+/HER2- High Prolif,27.0,1.0,0,86.08964031622477,0
60.48,Mastectomy,Breast Cancer,Breast Invasive Lobular Carcinoma,Moderate,0.0,LumA,2.0,Positive,Positive,2.0,Neutral,Negative,Lobular,0.0,Post,3,Left,0.0,6.0,3.028,ILC,Negative,0.0,1,ER+/HER2- Low Prolif,14.0,1.0,0,74.7841219943464,0
58.48,Mastectomy,Breast Cancer,Breast Invasive Ductal Carcinoma,High,1.0,Basal,2.0,Negative,Negative,3.0,Neutral,Negative,Ductal/NST,0.0,Post,9,Right,1.0,11.0,5.053999999999999,IDC,Negative,1.0,1,ER-/HER2-,27.0,2.0,1,29.367269553089855,1
61.08,Breast Conserving,Breast Cancer,Breast Invasive Ductal Carcinoma,Moderate,0.0,LumA,2.0,Positive,Positive,2.0,Neutral,Negative,Ductal/NST,0.0,Post,2,Right,0.0,4.0,3.026,IDC,Negative,1.0,1,ER+/HER2- Low Prolif,13.0,1.0,0,109.14613906045199,0
60.76,Mastectomy,Breast Cancer,Breast Invasive Ductal Carcinoma,High,0.0,LumB,2.0,Positive,Positive,3.0,Gain,Negative,Ductal/NST,1.0,Post,9,Right,0.0,8.0,4.038,IDC,Negative,0.0,1,HER2+,19.0,1.0,0,107.96495273813875,0
55.8,Mastectomy,Breast Cancer,Breast Invasive Lobular Carcinoma,Moderate,0.0,claudin-low,2.0,Positive,Positive,2.0,Neutral,Negative,Lobular,0.0,Post,4ER+,Right,0.0,5.0,3.028,ILC,Negative,0.0,1,ER+/HER2- Low Prolif,14.0,1.0,0,101.6817882512656,0
58.85,Mastectomy,Breast Cancer,Breast Invasive Ductal Carcinoma,High,0.0,Basal,2.0,Negative,Positive,2.0,Neutral,Negative,Ductal/NST,0.0,Post,4ER-,Left,0.0,6.0,3.01,IDC,Negative,0.0,1,ER-/HER2-,5.0,1.0,0,76.32870823379776,0
65.04,Mastectomy,Breast Cancer,Breast Invasive Ductal Carcinoma,High,0.0,Her2,2.0,Positive,Negative,3.0,Gain,Positive,Ductal/NST,1.0,Post,5,Left,18.0,9.0,6.07,IDC,Negative,1.0,1,HER2+,35.0,3.0,1,71.2632492515913,1
60.11,Mastectomy,Breast Cancer,Breast Invasive Ductal Carcinoma,Moderate,0.0,LumA,2.0,Positive,Positive,2.0,Neutral,Negative,Ductal/NST,1.0,Post,3,Right,1.0,6.0,4.03,IDC,Positive,0.0,1,ER+/HER2- Low Prolif,15.0,2.0,0,95.41384001214523,0
60.65,Mastectomy,Breast Cancer,Breast Invasive Ductal Carcinoma,Moderate,0.0,Basal,2.0,Negative,Negative,3.0,Neutral,Negative,Ductal/NST,1.0,Post,9,Right,0.0,4.0,4.052,IDC,Negative,1.0,1,ER-/HER2-,26.0,1.0,1,86.72468135081087,1
31.48,Mastectomy,Breast Cancer,Breast Invasive Ductal Carcinoma,Moderate,1.0,claudin-low,2.0,Negative,Negative,3.0,Neutral,Negative,Ductal/NST,0.0,Pre,10,Right,11.0,5.0,6.062,IDC,Negative,1.0,1,ER+/HER2- High Prolif,31.0,3.0,1,82.41181602628086,1
58.69,Breast Conserving,Breast Cancer,Breast Mixed Ductal and Lobular Carcinoma,High,0.0,LumA,2.0,Positive,Positive,3.0,Neutral,Negative,Mixed,1.0,Post,4ER+,Right,0.0,5.0,4.032,MDLC,Positive,1.0,1,ER+/HER2- Low Prolif,16.0,1.0,0,81.65843381640161,0
36.25,Breast Conserving,Breast Cancer,Breast Invasive Mixed Mucinous Carcinoma,Moderate,0.0,LumB,2.0,Positive,Positive,2.0,Neutral,Negative,Mucinous,0.0,Pre,6,Right,0.0,7.0,3.0460000000000003,IMMC,Negative,1.0,1,ER+/HER2- High Prolif,23.0,1.0,0,65.49492439959805,0
61.53,Mastectomy,Breast Cancer,Breast Invasive Lobular Carcinoma,High,0.0,LumA,2.0,Positive,Positive,2.0,Neutral,Negative,Lobular,1.0,Post,7,Left,0.0,5.0,3.0439999999999996,ILC,Negative,0.0,1,ER+/HER2- Low Prolif,22.0,1.0,0,115.03881452773457,0
45.3,Mastectomy,Breast Cancer,Breast Invasive Ductal Carcinoma,Moderate,1.0,claudin-low,2.0,Negative,Negative,3.0,Neutral,Negative,Ductal/NST,0.0,Pre,10,Left,1.0,5.0,5.044,IDC,Negative,1.0,1,ER-/HER2-,22.0,2.0,0,68.20911785513769,0
63.94,Mastectomy,Breast Cancer,Breast Mixed Ductal and Lobular Carcinoma,Moderate,0.0,LumB,2.0,Positive,Positive,3.0,Neutral,Negative,Mixed,1.0,Post,1,Right,0.0,2.0,4.052,MDLC,Positive,0.0,1,ER+/HER2- High Prolif,26.0,1.0,0,117.01424122924814,0
59.58,Mastectomy,Breast Cancer,Breast Invasive Mixed Mucinous Carcinoma,Moderate,0.0,LumA,2.0,Positive,Positive,1.0,Neutral,Negative,Mucinous,1.0,Post,4ER+,Left,1.0,6.0,3.04,IMMC,Negative,0.0,1,ER+/HER2- Low Prolif,20.0,2.0,0,86.76034637747735,0
47.1,Mastectomy,Breast Cancer,Breast Invasive Ductal Carcinoma,High,0.0,LumA,2.0,Positive,Positive,1.0,Neutral,Negative,Ductal/NST,1.0,Pre,4ER+,Right,2.0,4.0,3.04,IDC,Positive,0.0,1,ER+/HER2- Low Prolif,20.0,2.0,0,71.10797573031718,0
66.84,Mastectomy,Breast Cancer,Breast Invasive Ductal Carcinoma,Low,0.0,claudin-low,2.0,Negative,Negative,3.0,Gain,Positive,Ductal/NST,1.0,Post,5,Left,0.0,6.0,4.03,IDC,Negative,0.0,1,HER2+,15.0,1.0,0,92.51405684270149,0
68.18,Mastectomy,Breast Cancer,Breast Invasive Ductal Carcinoma,Moderate,0.0,claudin-low,2.0,Positive,Positive,2.0,Neutral,Negative,Ductal/NST,0.0,Post,4ER+,Right,0.0,5.0,3.026,IDC,Negative,0.0,1,ER+/HER2- Low Prolif,13.0,1.0,0,112.37675015258449,0
59.29,Mastectomy,Breast Cancer,Breast Invasive Lobular Carcinoma,Low,0.0,Normal,2.0,Positive,Positive,2.0,Neutral,Negative,Lobular,1.0,Post,4ER+,Left,9.0,4.0,5.05,ILC,Positive,0.0,1,ER+/HER2- Low Prolif,25.0,3.0,1,36.221085421740455,1
49.83,Breast Conserving,Breast Cancer,Breast Invasive Ductal Carcinoma,High,0.0,LumB,2.0,Positive,Positive,2.0,Neutral,Negative,Ductal/NST,1.0,Pre,8,Left,0.0,3.0,3.05,IDC,Positive,1.0,1,ER+/HER2- High Prolif,25.0,1.0,0,103.93349318457368,0
34.83,Mastectomy,Breast Cancer,Breast Invasive Ductal Carcinoma,High,1.0,claudin-low,2.0,Negative,Negative,3.0,Neutral,Negative,Ductal/NST,0.0,Pre,10,Left,1.0,6.0,5.05,IDC,Negative,1.0,1,ER+/HER2- High Prolif,25.0,2.0,0,108.39366887168698,0
59.6,Breast Conserving,Breast Cancer,Breast Invasive Ductal Carcinoma,High,1.0,Basal,2.0,Negative,Negative,3.0,Neutral,Negative,Ductal/NST,0.0,Post,10,Right,5.0,5.0,6.04,IDC,Negative,1.0,1,ER-/HER2-,20.0,3.0,0,99.52700200264304,0
48.93,Breast Conserving,Breast Cancer,Breast Invasive Ductal Carcinoma,High,0.0,LumA,2.0,Positive,Positive,1.0,Neutral,Negative,Tubular/ cribriform,0.0,Pre,3,Left,0.0,6.0,2.032,IDC,Positive,1.0,1,ER+/HER2- Low Prolif,16.0,1.0,0,101.53659387107115,0
33.9,Mastectomy,Breast Cancer,Breast Invasive Ductal Carcinoma,High,1.0,Basal,2.0,Negative,Negative,3.0,Neutral,Negative,Ductal/NST,0.0,Pre,10,Left,2.0,4.0,5.06,IDC,Negative,1.0,1,ER-/HER2-,30.0,2.0,1,88.91535590553387,1
59.13,Mastectomy,Breast Cancer,Breast Invasive Mixed Mucinous Carcinoma,Low,0.0,LumB,2.0,Positive,Positive,1.0,Neutral,Negative,Mucinous,0.0,Post,8,Left,0.0,5.0,2.04,IMMC,Positive,0.0,1,ER+/HER2- Low Prolif,20.0,1.0,0,110.95173909391916,0
45.74,Mastectomy,Breast Cancer,Breast Invasive Ductal Carcinoma,High,1.0,Her2,2.0,Negative,Negative,3.0,Gain,Negative,Ductal/NST,0.0,Pre,1,Right,8.0,8.0,6.05,IDC,Negative,1.0,1,ER+/HER2- High Prolif,25.0,3.0,1,37.62290144965441,1
37.01,Mastectomy,Breast Cancer,Breast Invasive Ductal Carcinoma,High,1.0,Her2,2.0,Negative,Negative,3.0,Gain,Positive,Ductal/NST,0.0,Pre,5,Right,5.0,6.0,6.074,IDC,Negative,1.0,1,HER2+,37.0,3.0,1,47.14316740120091,1
58.14,Breast Conserving,Breast Cancer,Breast Mixed Ductal and Lobular Carcinoma,High,0.0,LumA,2.0,Positive,Positive,1.0,Loss,Negative,Mixed,0.0,Post,1,Left,0.0,1.0,2.026,MDLC,Positive,0.0,1,ER+/HER2- High Prolif,13.0,1.0,0,74.98008053155115,0
53.31,Mastectomy,Breast Cancer,Breast Invasive Ductal Carcinoma,High,1.0,Her2,2.0,Negative,Negative,2.0,Neutral,Negative,Ductal/NST,0.0,Post,4ER-,Left,1.0,6.0,4.04,IDC,Negative,1.0,1,ER-/HER2-,20.0,2.0,0,89.36549781858842,0
46.9,Mastectomy,Breast Cancer,Breast Invasive Ductal Carcinoma,High,0.0,LumB,2.0,Positive,Positive,2.0,Neutral,Negative,Ductal/NST,0.0,Pre,8,Left,0.0,10.0,3.034,IDC,Positive,0.0,1,ER+/HER2- Low Prolif,17.0,1.0,0,73.27256650917613,0
44.08,Mastectomy,Breast Cancer,Breast Invasive Ductal Carcinoma,High,0.0,LumA,2.0,Positive,Positive,1.0,Neutral,Negative,Tubular/ cribriform,0.0,Pre,3,Left,0.0,4.0,2.03,IDC,Positive,0.0,1,ER+/HER2- Low Prolif,15.0,1.0,0,119.26008047979882,0
70.19,Mastectomy,Breast Cancer,Breast Invasive Ductal Carcinoma,High,0.0,LumB,2.0,Positive,Positive,3.0,Gain,Positive,Ductal/NST,1.0,Post,5,Right,1.0,4.0,5.034,IDC,Positive,0.0,1,ER+/HER2- High Prolif,17.0,2.0,1,92.6210717527466,1
66.97,Mastectomy,Breast Cancer,Breast Mixed Ductal and Lobular Carcinoma,High,0.0,LumA,2.0,Negative,Positive,3.0,Neutral,Negative,Mixed,1.0,Post,8,Left,0.0,7.0,4.053999999999999,MDLC,Positive,0.0,1,ER+/HER2- Low Prolif,27.0,1.0,1,82.16035309709919,1
39.07,Breast Conserving,Breast Cancer,Breast Invasive Ductal Carcinoma,High,0.0,LumA,2.0,Positive,Positive,2.0,Neutral,Negative,Ductal/NST,0.0,Pre,1,Right,0.0,6.0,3.03,IDC,Positive,1.0,1,ER+/HER2- High Prolif,15.0,1.0,0,116.64356038119679,0
52.67,Breast Conserving,Breast Cancer,Breast Invasive Ductal Carcinoma,High,0.0,LumA,2.0,Positive,Positive,1.0,Neutral,Negative,Tubular/ cribriform,0.0,Post,8,Left,0.0,9.0,2.024,IDC,Positive,1.0,1,ER+/HER2- High Prolif,12.0,1.0,0,62.365608682110356,0
43.08,Breast Conserving,Breast Cancer,Breast Invasive Ductal Carcinoma,High,0.0,LumB,2.0,Positive,Positive,2.0,Neutral,Negative,Ductal/NST,0.0,Pre,10,Right,0.0,4.0,3.036,IDC,Positive,1.0,1,ER+/HER2- High Prolif,18.0,1.0,1,103.71612833337122,1
69.79,Mastectomy,Breast Cancer,Breast Invasive Ductal Carcinoma,Moderate,0.0,LumB,2.0,Positive,Positive,2.0,Neutral,Negative,Ductal/NST,1.0,Post,8,Left,3.0,10.0,4.06,IDC,Positive,1.0,1,ER+/HER2- High Prolif,30.0,2.0,1,83.02219236843709,1
31.02,Mastectomy,Breast Cancer,Breast Invasive Ductal Carcinoma,High,1.0,claudin-low,2.0,Negative,Negative,3.0,Neutral,Negative,Ductal/NST,0.0,Pre,10,Left,2.0,4.0,5.06,IDC,Negative,1.0,1,ER-/HER2-,30.0,2.0,0,102.33451035094131,0
69.67,Mastectomy,Breast Cancer,Breast Invasive Ductal Carcinoma,Moderate,0.0,LumA,2.0,Positive,Positive,3.0,Neutral,Negative,Ductal/NST,1.0,Post,6,Left,0.0,6.0,4.05,IDC,Negative,0.0,1,ER+/HER2- Low Prolif,25.0,1.0,0,115.51489904493995,0
53.99,Breast Conserving,Breast Cancer,Breast Mixed Ductal and Lobular Carcinoma,Moderate,0.0,claudin-low,2.0,Positive,Negative,2.0,Neutral,Negative,Mixed,1.0,Post,4ER+,Left,4.0,5.0,5.02,MDLC,Negative,1.0,1,ER-/HER2-,10.0,3.0,0,70.83452070764001,0
69.48,Mastectomy,Breast Cancer,Breast Invasive Ductal Carcinoma,Moderate,0.0,Her2,2.0,Positive,Positive,3.0,Gain,Negative,Ductal/NST,1.0,Post,5,Right,7.0,8.0,6.06,IDC,Negative,1.0,1,HER2+,30.0,3.0,1,73.37732916023093,1
50.3,Mastectomy,Breast Cancer,Breast Invasive Ductal Carcinoma,Moderate,0.0,LumA,2.0,Positive,Positive,3.0,Neutral,Negative,Ductal/NST,1.0,Post,8,Left,2.0,6.0,5.0360000000000005,IDC,Positive,1.0,1,ER+/HER2- High Prolif,18.0,2.0,0,94.07671383315777,0
66.86,Mastectomy,Breast Cancer,Breast Invasive Ductal Carcinoma,High,0.0,LumA,2.0,Positive,Positive,2.0,Loss,Negative,Ductal/NST,0.0,Post,3,Right,0.0,8.0,3.026,IDC,Positive,1.0,1,ER+/HER2- Low Prolif,13.0,1.0,0,114.92929785528251,0
46.49,Mastectomy,Breast Cancer,Breast Mixed Ductal and Lobular Carcinoma,High,0.0,LumA,2.0,Positive,Positive,2.0,Neutral,Negative,Mixed,1.0,Pre,4ER+,Left,2.0,9.0,4.05,MDLC,Positive,0.0,1,ER+/HER2- Low Prolif,25.0,2.0,0,62.03675871514793,0
69.6,Breast Conserving,Breast Cancer,Breast Invasive Ductal Carcinoma,Moderate,0.0,LumA,2.0,Positive,Positive,2.0,Neutral,Negative,Ductal/NST,1.0,Post,3,Left,2.0,10.0,4.03,IDC,Positive,1.0,1,ER+/HER2- Low Prolif,15.0,2.0,0,101.84521603481039,0
40.02,Breast Conserving,Breast Cancer,Breast Invasive Ductal Carcinoma,High,0.0,LumA,2.0,Positive,Positive,1.0,Neutral,Negative,Ductal/NST,0.0,Pre,7,Right,0.0,6.0,2.03,IDC,Positive,0.0,1,ER+/HER2- Low Prolif,15.0,1.0,1,22.116874925433986,1
56.26,Breast Conserving,Breast Cancer,Breast Invasive Ductal Carcinoma,Moderate,0.0,LumB,2.0,Positive,Positive,2.0,Gain,Positive,Ductal/NST,1.0,Post,5,Left,1.0,4.0,4.03,IDC,Positive,1.0,1,HER2+,15.0,2.0,0,77.84094044235304,0
64.04,Breast Conserving,Breast Cancer,Breast Invasive Ductal Carcinoma,Moderate,0.0,LumB,2.0,Positive,Positive,3.0,Gain,Positive,Ductal/NST,1.0,Post,9,Left,0.0,5.0,4.04,IDC,Negative,1.0,1,HER2+,20.0,1.0,0,115.46377172259183,0
48.47,Mastectomy,Breast Cancer,Breast Mixed Ductal and Lobular Carcinoma,Low,0.0,LumA,2.0,Positive,Positive,1.0,Neutral,Negative,Mixed,0.0,Pre,8,Right,0.0,6.0,2.03,MDLC,Positive,0.0,1,ER+/HER2- Low Prolif,15.0,1.0,0,118.26349470992207,0
63.65,Mastectomy,Breast Cancer,Breast Invasive Ductal Carcinoma,Low,0.0,claudin-low,2.0,Negative,Negative,3.0,Neutral,Negative,Ductal/NST,1.0,Post,10,Right,0.0,4.0,4.04,IDC,Negative,1.0,1,ER-/HER2-,20.0,1.0,0,116.65598934680604,0
46.7,Breast Conserving,Breast Cancer,Breast Invasive Ductal Carcinoma,Moderate,0.0,LumA,2.0,Positive,Positive,3.0,Gain,Positive,Ductal/NST,1.0,Pre,5,Left,1.0,3.0,5.0360000000000005,IDC,Positive,1.0,1,HER2+,18.0,2.0,0,88.45285299944783,0
58.1,Breast Conserving,Breast Cancer,Breast Invasive Ductal Carcinoma,High,0.0,LumA,2.0,Positive,Positive,3.0,Neutral,Negative,Ductal/NST,1.0,Post,7,Left,0.0,4.0,4.032,IDC,Positive,1.0,1,ER+/HER2- Low Prolif,16.0,1.0,0,111.7225590593588,0
61.42,Mastectomy,Breast Cancer,Breast Invasive Ductal Carcinoma,Moderate,0.0,LumA,2.0,Positive,Positive,3.0,Neutral,Negative,Ductal/NST,1.0,Post,7,Right,0.0,8.0,4.024,IDC,Negative,0.0,1,ER+/HER2- High Prolif,12.0,1.0,0,110.67296391210422,0
50.45,Mastectomy,Breast Cancer,Breast Invasive Ductal Carcinoma,High,1.0,claudin-low,2.0,Negative,Negative,3.0,Loss,Negative,Ductal/NST,0.0,Post,10,Left,1.0,7.0,5.024,IDC,Negative,1.0,1,ER+/HER2- High Prolif,12.0,2.0,0,79.14602839459533,0
62.32,Mastectomy,Breast Cancer,Breast Invasive Lobular Carcinoma,High,0.0,LumA,2.0,Positive,Positive,2.0,Neutral,Negative,Lobular,1.0,Post,3,Right,1.0,5.0,4.06,ILC,Negative,0.0,1,ER+/HER2- High Prolif,30.0,2.0,0,109.73492844904064,0
45.75,Breast Conserving,Breast Cancer,Breast Invasive Ductal Carcinoma,Moderate,0.0,LumA,2.0,Positive,Positive,2.0,Neutral,Negative,Ductal/NST,0.0,Pre,8,Left,0.0,6.0,3.0460000000000003,IDC,Positive,1.0,1,ER+/HER2- Low Prolif,23.0,1.0,0,62.220458082929554,0
60.09,Mastectomy,Breast Cancer,Breast Invasive Ductal Carcinoma,Moderate,0.0,claudin-low,2.0,Positive,Positive,2.0,Neutral,Negative,Ductal/NST,1.0,Post,4ER+,Left,6.0,6.0,5.04,IDC,Negative,1.0,1,ER-/HER2-,20.0,3.0,1,51.71330673041882,1
48.48,Mastectomy,Breast Cancer,Breast Invasive Ductal Carcinoma,Moderate,0.0,LumB,2.0,Positive,Positive,2.0,Gain,Negative,Ductal/NST,0.0,Pre,2,Left,0.0,2.0,3.0239999999999996,IDC,Positive,0.0,1,ER+/HER2- High Prolif,12.0,1.0,1,40.64185570962635,1
51.94,Breast Conserving,Breast Cancer,Breast Mixed Ductal and Lobular Carcinoma,Moderate,0.0,LumA,2.0,Positive,Positive,1.0,Neutral,Negative,Mixed,0.0,Post,8,Left,0.0,2.0,2.024,MDLC,Positive,1.0,1,ER+/HER2- Low Prolif,12.0,1.0,0,95.77619270892318,0
50.37,Breast Conserving,Breast Cancer,Breast Invasive Ductal Carcinoma,Moderate,0.0,claudin-low,2.0,Positive,Positive,1.0,Neutral,Negative,Ductal/NST,1.0,Post,4ER+,Left,1.0,3.0,3.0460000000000003,IDC,Negative,1.0,1,ER+/HER2- Low Prolif,23.0,2.0,0,73.80053023726218,0
39.7,Breast Conserving,Breast Cancer,Breast Invasive Ductal Carcinoma,High,1.0,Basal,2.0,Negative,Negative,3.0,Neutral,Negative,Ductal/NST,0.0,Pre,1,Left,1.0,5.0,5.03,IDC,Negative,1.0,1,ER-/HER2-,15.0,2.0,0,67.23401314663673,0
56.83,Mastectomy,Breast Cancer,Breast Invasive Ductal Carcinoma,High,0.0,LumB,2.0,Positive,Positive,3.0,Neutral,Negative,Ductal/NST,1.0,Post,2,Right,0.0,12.0,4.02,IDC,Positive,0.0,1,ER+/HER2- High Prolif,10.0,1.0,0,64.61719209775255,0
63.08,Breast Conserving,Breast Cancer,Breast Invasive Lobular Carcinoma,Moderate,0.0,LumA,2.0,Positive,Positive,3.0,Neutral,Negative,Lobular,1.0,Post,8,Right,1.0,9.0,5.044,ILC,Positive,1.0,1,ER+/HER2- High Prolif,22.0,1.0,0,101.77732655268838,0
37.89,Breast Conserving,Breast Cancer,Breast Invasive Ductal Carcinoma,High,1.0,Her2,2.0,Negative,Negative,3.0,Gain,Positive,Ductal/NST,0.0,Pre,5,Left,1.0,2.0,5.026,IDC,Negative,1.0,1,HER2+,13.0,2.0,0,80.39249782608397,0
49.92,Breast Conserving,Breast Cancer,Breast Invasive Ductal Carcinoma,High,0.0,LumA,2.0,Positive,Positive,3.0,Neutral,Negative,Ductal/NST,1.0,Pre,6,Right,0.0,3.0,4.044,IDC,Negative,1.0,1,ER+/HER2- High Prolif,22.0,2.0,0,103.48600629172569,0
60.93,Breast Conserving,Breast Cancer,Breast Invasive Ductal Carcinoma,High,0.0,LumB,2.0,Positive,Positive,3.0,Gain,Positive,Ductal/NST,1.0,Post,9,Left,0.0,6.0,4.034,IDC,Negative,1.0,1,ER+/HER2- High Prolif,17.0,1.0,1,38.35088148494103,1
46.76,Mastectomy,Breast Cancer,Breast Invasive Ductal Carcinoma,High,1.0,Her2,2.0,Negative,Positive,3.0,Gain,Positive,Medullary,0.0,Pre,5,Right,2.0,4.0,5.042,IDC,Negative,1.0,1,ER+/HER2- High Prolif,21.0,2.0,1,117.08513991326413,1
50.01,Breast Conserving,Breast Cancer,Breast Invasive Ductal Carcinoma,High,0.0,LumA,2.0,Positive,Positive,1.0,Neutral,Negative,Ductal/NST,0.0,Post,3,Right,0.0,9.0,2.03,IDC,Positive,1.0,1,ER+/HER2- Low Prolif,15.0,1.0,0,63.92138044793654,0
69.07,Mastectomy,Breast Cancer,Breast Invasive Ductal Carcinoma,High,0.0,LumA,2.0,Positive,Positive,2.0,Neutral,Negative,Ductal/NST,1.0,Post,3,Right,0.0,1.0,3.0380000000000003,IDC,Positive,0.0,1,ER+/HER2- Low Prolif,19.0,1.0,1,54.45455426401013,1
54.64,Breast Conserving,Breast Cancer,Breast Invasive Ductal Carcinoma,High,0.0,LumA,2.0,Positive,Positive,2.0,Loss,Negative,Ductal/NST,1.0,Post,7,Right,0.0,8.0,3.0439999999999996,IDC,Negative,1.0,1,ER+/HER2- Low Prolif,22.0,1.0,0,78.91742026983663,0
67.2,Mastectomy,Breast Cancer,Breast Invasive Ductal Carcinoma,Moderate,0.0,Basal,2.0,Negative,Negative,3.0,Neutral,Negative,Ductal/NST,1.0,Post,10,Left,0.0,5.0,4.07,IDC,Negative,0.0,1,ER-/HER2-,35.0,1.0,1,108.34102795912824,1
57.17,Breast Conserving,Breast Cancer,Breast Invasive Lobular Carcinoma,Moderate,0.0,LumA,2.0,Positive,Positive,2.0,Neutral,Negative,Lobular,0.0,Post,7,Right,0.0,4.0,3.032,ILC,Positive,1.0,1,ER+/HER2- Low Prolif,16.0,1.0,0,92.36947754252023,0
59.53,Mastectomy,Breast Cancer,Breast Invasive Ductal Carcinoma,Moderate,0.0,LumB,2.0,Positive,Positive,3.0,Neutral,Negative,Ductal/NST,1.0,Post,2,Right,0.0,6.0,4.06,IDC,Negative,0.0,1,ER+/HER2- High Prolif,30.0,1.0,0,107.44338989033781,0
55.3,Mastectomy,Breast Cancer,Breast Invasive Ductal Carcinoma,High,1.0,Basal,2.0,Negative,Negative,3.0,Neutral,Negative,Ductal/NST,0.0,Post,10,Right,1.0,5.0,5.086,IDC,Negative,1.0,1,ER-/HER2-,43.0,2.0,1,80.16297160770439,1
47.74,Mastectomy,Breast Cancer,Breast Invasive Ductal Carcinoma,Moderate,1.0,Basal,2.0,Negative,Negative,3.0,Neutral,Negative,Ductal/NST,0.0,Pre,4ER-,Right,2.0,8.0,5.08,IDC,Negative,1.0,1,ER-/HER2-,40.0,2.0,0,79.12515017592419,0
65.69,Mastectomy,Breast Cancer,Breast Invasive Ductal Carcinoma,Moderate,0.0,LumB,2.0,Positive,Positive,3.0,Neutral,Negative,Ductal/NST,1.0,Post,6,Right,1.0,5.0,5.072,IDC,Negative,1.0,1,ER+/HER2- High Prolif,36.0,2.0,1,97.83962078249803,1
62.87,Breast Conserving,Breast Cancer,Breast Invasive Ductal Carcinoma,High,0.0,claudin-low,2.0,Negative,Negative,3.0,Neutral,Negative,Ductal/NST,0.0,Post,10,Left,0.0,5.0,4.034,IDC,Negative,1.0,1,ER-/HER2-,17.0,1.0,0,97.55348258622054,0
43.51,Breast Conserving,Breast Cancer,Breast Invasive Ductal Carcinoma,High,1.0,Basal,2.0,Negative,Negative,3.0,Neutral,Negative,Ductal/NST,0.0,Pre,10,Right,6.0,13.0,6.04,IDC,Negative,1.0,1,ER-/HER2-,20.0,3.0,1,66.28480605536075,1
46.7,Mastectomy,Breast Cancer,Breast Mixed Ductal and Lobular Carcinoma,High,0.0,LumA,2.0,Positive,Positive,1.0,Neutral,Negative,Mixed,0.0,Pre,4ER+,Left,0.0,7.0,2.04,MDLC,Positive,0.0,1,ER+/HER2- Low Prolif,20.0,1.0,0,113.15866489417122,0
60.29,Mastectomy,Breast Cancer,Breast Invasive Ductal Carcinoma,High,1.0,claudin-low,2.0,Negative,Negative,3.0,Neutral,Negative,Medullary,0.0,Post,9,Right,2.0,5.0,5.0360000000000005,IDC,Negative,1.0,1,ER-/HER2-,18.0,2.0,0,96.95179129093827,0
50.54,Mastectomy,Breast Cancer,Breast Mixed Ductal and Lobular Carcinoma,High,0.0,LumA,2.0,Positive,Positive,2.0,Neutral,Negative,Mixed,0.0,Post,8,Right,0.0,11.0,3.03,MDLC,Positive,1.0,1,ER+/HER2- Low Prolif,15.0,1.0,0,73.97756848521803,0
68.5,Mastectomy,Breast Cancer,Breast Invasive Ductal Carcinoma,High,0.0,LumB,2.0,Positive,Positive,3.0,Neutral,Negative,Ductal/NST,1.0,Post,1,Right,2.0,2.0,5.06,IDC,Positive,1.0,1,ER+/HER2- High Prolif,30.0,2.0,1,74.30561953964678,1
43.68,Mastectomy,Breast Cancer,Breast Invasive Lobular Carcinoma,Moderate,0.0,Normal,2.0,Positive,Positive,2.0,Neutral,Negative,Lobular,0.0,Pre,4ER+,Right,0.0,4.0,3.05,ILC,Positive,1.0,1,ER+/HER2- Low Prolif,25.0,1.0,0,61.46404689339228,0
65.58,Breast Conserving,Breast Cancer,Breast Invasive Ductal Carcinoma,High,0.0,LumA,2.0,Positive,Positive,2.0,Neutral,Negative,Ductal/NST,0.0,Post,7,Left,0.0,3.0,3.0380000000000003,IDC,Positive,0.0,1,ER+/HER2- High Prolif,19.0,1.0,0,112.2059324340558,0
56.73,Mastectomy,Breast Cancer,Breast Mixed Ductal and Lobular Carcinoma,High,0.0,LumB,2.0,Positive,Positive,3.0,Neutral,Negative,Mixed,1.0,Post,8,Left,2.0,1.0,5.0760000000000005,MDLC,Positive,1.0,1,ER+/HER2- High Prolif,38.0,2.0,0,61.27616465102323,0
60.34,Breast Conserving,Breast Cancer,Breast Invasive Ductal Carcinoma,High,0.0,LumA,2.0,Positive,Positive,2.0,Neutral,Negative,Ductal/NST,1.0,Post,9,Right,2.0,5.0,4.04,IDC,Positive,1.0,1,ER+/HER2- High Prolif,20.0,2.0,0,112.48210036105196,0
58.55,Breast Conserving,Breast Cancer,Breast Invasive Ductal Carcinoma,High,0.0,LumB,2.0,Positive,Positive,3.0,Gain,Positive,Ductal/NST,1.0,Post,5,Left,0.0,5.0,4.03,IDC,Negative,1.0,1,HER2+,15.0,1.0,1,65.1919109324373,1
28.96,Mastectomy,Breast Cancer,Breast Invasive Ductal Carcinoma,Moderate,0.0,LumA,2.0,Positive,Positive,2.0,Gain,Positive,Ductal/NST,0.0,Pre,5,Right,0.0,9.0,3.04,IDC,Negative,1.0,1,ER+/HER2- High Prolif,20.0,1.0,1,33.086242682188804,1
48.34,Mastectomy,Breast Cancer,Breast Invasive Ductal Carcinoma,High,0.0,LumA,2.0,Positive,Positive,1.0,Neutral,Negative,Tubular/ cribriform,1.0,Pre,3,Left,2.0,5.0,3.054,IDC,Positive,0.0,1,ER+/HER2- Low Prolif,27.0,2.0,0,91.73622804163271,0
63.06,Breast Conserving,Breast Cancer,Breast Invasive Ductal Carcinoma,High,0.0,LumA,2.0,Positive,Positive,1.0,Neutral,Negative,Ductal/NST,0.0,Post,3,Left,0.0,3.0,2.024,IDC,Positive,0.0,1,ER+/HER2- Low Prolif,12.0,1.0,0,116.34406191077377,0
62.39,Mastectomy,Breast Cancer,Breast Invasive Ductal Carcinoma,High,0.0,Her2,2.0,Positive,Positive,3.0,Gain,Negative,Ductal/NST,1.0,Post,9,Right,0.0,6.0,4.034,IDC,Negative,0.0,1,HER2+,17.0,1.0,0,107.92699414641993,0
50.26,Mastectomy,Breast Cancer,Breast Invasive Ductal Carcinoma,Moderate,1.0,Basal,2.0,Negative,Negative,3.0,Gain,Negative,Ductal/NST,0.0,Post,9,Right,4.0,5.0,6.044,IDC,Negative,1.0,1,ER-/HER2-,22.0,3.0,0,119.87604663200025,0
42.17,Mastectomy,Breast Cancer,Breast Invasive Ductal Carcinoma,High,1.0,Basal,2.0,Negative,Negative,3.0,Neutral,Negative,Ductal/NST,0.0,Pre,10,Right,1.0,4.0,5.032,IDC,Negative,1.0,1,ER-/HER2-,16.0,2.0,0,81.04270892710261,0
59.78,Breast Conserving,Breast Cancer,Breast Invasive Ductal Carcinoma,Moderate,1.0,Basal,2.0,Negative,Positive,3.0,Loss,Negative,Ductal/NST,0.0,Post,1,Left,1.0,4.0,5.056,IDC,Negative,1.0,1,ER-/HER2-,28.0,2.0,0,106.03129733586762,0
66.76,Mastectomy,Breast Cancer,Breast Invasive Ductal Carcinoma,Moderate,0.0,LumA,2.0,Positive,Positive,2.0,Gain,Negative,Ductal/NST,1.0,Post,8,Left,1.0,1.0,4.032,IDC,Positive,1.0,1,ER+/HER2- High Prolif,16.0,1.0,0,84.11585481655453,0
54.95,Mastectomy,Breast Cancer,Breast Invasive Ductal Carcinoma,Moderate,0.0,LumA,2.0,Positive,Positive,2.0,Neutral,Negative,Ductal/NST,0.0,Post,7,Left,0.0,9.0,3.026,IDC,Positive,0.0,1,ER+/HER2- Low Prolif,13.0,1.0,0,88.79253721823453,0
43.6,Mastectomy,Breast Cancer,Breast Invasive Ductal Carcinoma,High,0.0,LumB,2.0,Positive,Positive,3.0,Neutral,Negative,Ductal/NST,1.0,Pre,2,Left,0.0,12.0,4.0280000000000005,IDC,Positive,1.0,1,ER+/HER2- High Prolif,14.0,1.0,0,97.6503277931022,0
58.31,Breast Conserving,Breast Cancer,Breast Invasive Ductal Carcinoma,High,0.0,Basal,2.0,Negative,Negative,3.0,Neutral,Negative,Ductal/NST,1.0,Post,10,Right,0.0,9.0,4.026,IDC,Negative,1.0,1,ER-/HER2-,13.0,1.0,0,112.42062685118033,0
44.94,Mastectomy,Breast Cancer,Breast Invasive Ductal Carcinoma,High,1.0,Basal,2.0,Negative,Negative,3.0,Neutral,Negative,Ductal/NST,0.0,Pre,10,Left,1.0,3.0,5.034,IDC,Negative,1.0,1,ER+/HER2- High Prolif,17.0,2.0,0,119.0450081519577,0
63.03,Mastectomy,Breast Cancer,Breast Mixed Ductal and Lobular Carcinoma,Moderate,0.0,LumA,2.0,Negative,Positive,1.0,Neutral,Negative,Mixed,0.0,Post,7,Right,0.0,3.0,2.0340000000000003,MDLC,Positive,0.0,1,ER+/HER2- Low Prolif,17.0,1.0,1,90.02482844824257,1
58.31,Breast Conserving,Breast Cancer,Breast Mixed Ductal and Lobular Carcinoma,High,0.0,LumA,2.0,Positive,Positive,2.0,Neutral,Negative,Mixed,0.0,Post,4ER+,Left,0.0,7.0,3.034,MDLC,Positive,1.0,1,ER+/HER2- Low Prolif,17.0,1.0,0,106.0964048318711,0
50.66,Breast Conserving,Breast Cancer,Breast Invasive Ductal Carcinoma,Moderate,0.0,LumB,2.0,Positive,Positive,3.0,Gain,Positive,Ductal/NST,1.0,Post,5,Right,0.0,2.0,4.034,IDC,Positive,1.0,1,ER+/HER2- High Prolif,17.0,1.0,0,85.06600693004003,0
56.81,Breast Conserving,Breast Cancer,Breast Invasive Ductal Carcinoma,Moderate,0.0,LumB,2.0,Positive,Positive,3.0,Neutral,Negative,Ductal/NST,1.0,Post,9,Left,3.0,16.0,5.052,IDC,Positive,1.0,1,ER+/HER2- High Prolif,26.0,2.0,1,42.32341514361242,1
50.21,Breast Conserving,Breast Cancer,Breast Invasive Ductal Carcinoma,High,0.0,LumA,2.0,Positive,Positive,1.0,Neutral,Negative,Ductal/NST,0.0,Post,3,Left,0.0,9.0,2.036,IDC,Positive,1.0,1,ER+/HER2- Low Prolif,18.0,1.0,0,85.2814201366242,0
52.91,Mastectomy,Breast Cancer,Breast Mixed Ductal and Lobular Carcinoma,Low,0.0,LumB,2.0,Positive,Positive,3.0,Gain,Negative,Mixed,1.0,Post,1,Right,1.0,2.0,5.034,MDLC,Positive,1.0,1,ER+/HER2- High Prolif,17.0,2.0,1,14.626124374597016,1
59.43,Breast Conserving,Breast Cancer,Breast Invasive Ductal Carcinoma,High,0.0,claudin-low,2.0,Negative,Negative,3.0,Neutral,Negative,Ductal/NST,1.0,Post,10,Left,0.0,6.0,4.04,IDC,Negative,1.0,1,ER-/HER2-,20.0,1.0,1,81.71100795797412,1
63.53,Breast Conserving,Breast Cancer,Breast Invasive Ductal Carcinoma,High,0.0,LumB,2.0,Positive,Positive,3.0,Gain,Positive,Ductal/NST,1.0,Post,5,Right,6.0,2.0,6.04,IDC,Positive,1.0,1,HER2+,20.0,3.0,1,31.127953375961287,1
45.0,Mastectomy,Breast Cancer,Breast Invasive Ductal Carcinoma,Moderate,0.0,LumB,2.0,Positive,Positive,3.0,Neutral,Negative,Ductal/NST,1.0,Pre,1,Left,0.0,6.0,4.056,IDC,Positive,0.0,1,ER+/HER2- High Prolif,28.0,1.0,1,113.56952711011475,1
29.92,Mastectomy,Breast Cancer,Breast Invasive Ductal Carcinoma,High,1.0,Basal,2.0,Negative,Negative,3.0,Neutral,Negative,Ductal/NST,0.0,Pre,1,Left,3.0,6.0,5.06,IDC,Negative,1.0,1,ER-/HER2-,30.0,2.0,1,115.02428631627944,1
60.04,Breast Conserving,Breast Cancer,Breast Invasive Ductal Carcinoma,Moderate,0.0,claudin-low,2.0,Negative,Negative,3.0,Neutral,Negative,Ductal/NST,1.0,Post,10,Left,0.0,5.0,4.0360000000000005,IDC,Negative,0.0,1,ER-/HER2-,18.0,1.0,0,104.25493809533349,0
60.42,Mastectomy,Breast Cancer,Breast Invasive Ductal Carcinoma,Low,0.0,Normal,2.0,Positive,Positive,3.0,Neutral,Negative,Ductal/NST,1.0,Post,4ER+,Left,0.0,5.0,4.05,IDC,Positive,0.0,1,ER+/HER2- Low Prolif,25.0,1.0,0,74.32662874609814,0
42.72,Mastectomy,Breast Cancer,Breast Invasive Ductal Carcinoma,Low,1.0,Basal,2.0,Negative,Negative,3.0,Neutral,Negative,Ductal/NST,0.0,Pre,10,Left,1.0,14.0,5.05,IDC,Negative,1.0,1,ER-/HER2-,25.0,2.0,0,66.62844678788368,0
48.75,Mastectomy,Breast Cancer,Breast Invasive Ductal Carcinoma,High,0.0,LumA,2.0,Positive,Positive,2.0,Neutral,Negative,Ductal/NST,0.0,Pre,3,Right,0.0,6.0,3.03,IDC,Positive,0.0,1,ER+/HER2- Low Prolif,15.0,1.0,0,81.27732945844659,0
64.99,Mastectomy,Breast Cancer,Breast Invasive Ductal Carcinoma,Moderate,0.0,LumB,2.0,Positive,Positive,2.0,Neutral,Negative,Ductal/NST,0.0,Post,7,Left,0.0,3.0,3.0380000000000003,IDC,Negative,0.0,1,ER+/HER2- High Prolif,19.0,1.0,0,77.23433949924491,0
49.5,Mastectomy,Breast Cancer,Breast Invasive Ductal Carcinoma,High,0.0,LumB,2.0,Positive,Positive,2.0,Neutral,Negative,Ductal/NST,1.0,Pre,8,Left,0.0,6.0,3.0639999999999996,IDC,Positive,0.0,1,ER+/HER2- High Prolif,32.0,1.0,0,77.7784872273594,0
63.96,Mastectomy,Breast Cancer,Breast,High,0.0,LumB,2.0,Positive,Positive,3.0,Neutral,Negative,Other,1.0,Post,4ER+,Right,1.0,4.0,5.04,BREAST,Positive,1.0,1,ER+/HER2- High Prolif,20.0,2.0,0,74.0164650629946,0
69.65,Breast Conserving,Breast Cancer,Breast Invasive Ductal Carcinoma,High,0.0,LumA,2.0,Positive,Positive,2.0,Neutral,Negative,Ductal/NST,1.0,Post,7,Right,1.0,5.0,4.07,IDC,Negative,1.0,1,ER+/HER2- Low Prolif,35.0,2.0,0,62.525591378181716,0
56.03,Mastectomy,Breast Cancer,Breast Invasive Ductal Carcinoma,Moderate,0.0,Her2,2.0,Negative,Negative,3.0,Gain,Positive,Ductal/NST,0.0,Post,5,Right,0.0,5.0,4.04,IDC,Negative,1.0,1,HER2+,20.0,1.0,1,110.80535414380844,1
62.96,Mastectomy,Breast Cancer,Breast Invasive Ductal Carcinoma,High,0.0,LumA,2.0,Positive,Positive,2.0,Neutral,Negative,Ductal/NST,1.0,Post,8,Left,0.0,4.0,3.06,IDC,Positive,0.0,1,ER+/HER2- High Prolif,30.0,1.0,0,61.07243608400483,0
33.76,Breast Conserving,Breast Cancer,Breast Invasive Ductal Carcinoma,Moderate,0.0,LumA,2.0,Positive,Positive,2.0,Loss,Negative,Ductal/NST,0.0,Pre,3,Right,0.0,8.0,3.0460000000000003,IDC,Positive,1.0,1,ER+/HER2- High Prolif,23.0,1.0,0,119.2633433841619,0
62.62,Mastectomy,Breast Cancer,Breast Mixed Ductal and Lobular Carcinoma,Moderate,0.0,LumB,2.0,Positive,Positive,2.0,Neutral,Negative,Mixed,1.0,Post,3,Left,0.0,6.0,3.06,MDLC,Positive,0.0,1,ER+/HER2- High Prolif,30.0,1.0,0,85.66638802415174,0
39.4,Mastectomy,Breast Cancer,Breast Invasive Ductal Carcinoma,High,0.0,LumA,2.0,Positive,Positive,2.0,Neutral,Negative,Ductal/NST,0.0,Pre,3,Right,0.0,5.0,3.034,IDC,Positive,0.0,1,ER+/HER2- Low Prolif,17.0,1.0,0,83.0595988295809,0
47.75,Breast Conserving,Breast Cancer,Breast Mixed Ductal and Lobular Carcinoma,High,0.0,LumB,2.0,Positive,Positive,3.0,Gain,Negative,Mixed,1.0,Pre,9,Left,0.0,8.0,4.05,MDLC,Positive,1.0,1,ER+/HER2- High Prolif,25.0,1.0,1,51.977139627587995,1
48.48,Breast Conserving,Breast Cancer,Breast Invasive Ductal Carcinoma,High,0.0,LumB,2.0,Positive,Positive,3.0,Gain,Positive,Ductal/NST,1.0,Pre,5,Right,0.0,8.0,4.056,IDC,Positive,1.0,1,HER2+,28.0,1.0,1,13.669314585117682,1
57.31,Breast Conserving,Breast Cancer,Breast Invasive Ductal Carcinoma,High,0.0,LumB,2.0,Positive,Positive,3.0,Gain,Positive,Ductal/NST,1.0,Post,5,Right,0.0,8.0,4.032,IDC,Negative,1.0,1,HER2+,16.0,1.0,1,112.25840475947435,1
56.42,Breast Conserving,Breast Cancer,Breast Invasive Ductal Carcinoma,High,0.0,Basal,2.0,Positive,Positive,3.0,Neutral,Negative,Ductal/NST,0.0,Post,10,Right,0.0,23.0,4.04,IDC,Negative,1.0,1,ER-/HER2-,20.0,1.0,1,58.24388801826995,1
51.18,Breast Conserving,Breast Cancer,Breast Invasive Ductal Carcinoma,High,0.0,LumA,2.0,Positive,Positive,2.0,Neutral,Negative,Ductal/NST,1.0,Post,7,Right,1.0,3.0,4.053999999999999,IDC,Positive,1.0,1,ER+/HER2- Low Prolif,27.0,2.0,0,100.77883696158419,0
65.62,Mastectomy,Breast Cancer,Breast Invasive Ductal Carcinoma,High,0.0,claudin-low,2.0,Negative,Positive,3.0,Neutral,Negative,Ductal/NST,1.0,Post,10,Left,0.0,9.0,4.046,IDC,Negative,0.0,1,ER-/HER2-,23.0,1.0,0,73.09523327190385,0
66.15,Breast Conserving,Breast Cancer,Breast Invasive Ductal Carcinoma,High,0.0,LumB,2.0,Positive,Positive,2.0,Gain,Negative,Ductal/NST,0.0,Post,8,Left,0.0,3.0,3.032,IDC,Negative,1.0,1,ER+/HER2- High Prolif,16.0,1.0,0,116.99767103701352,0
65.5,Mastectomy,Breast Cancer,Breast Invasive Lobular Carcinoma,High,0.0,LumA,2.0,Positive,Positive,2.0,Neutral,Negative,Lobular,0.0,Post,4ER+,Right,0.0,4.0,3.036,ILC,Positive,0.0,1,ER+/HER2- Low Prolif,18.0,1.0,1,116.39872045671632,1
60.99,Mastectomy,Breast Cancer,Breast Invasive Lobular Carcinoma,Moderate,0.0,LumA,2.0,Positive,Positive,3.0,Gain,Positive,Lobular,1.0,Post,5,Right,0.0,5.0,4.04,ILC,Positive,1.0,1,HER2+,20.0,1.0,1,116.0709575256393,1
53.36,Mastectomy,Breast Cancer,Breast Invasive Ductal Carcinoma,Low,0.0,LumA,2.0,Positive,Positive,3.0,Gain,Negative,Ductal/NST,1.0,Post,7,Right,3.0,3.0,5.04,IDC,Positive,1.0,1,ER+/HER2- Low Prolif,20.0,2.0,0,107.18070086493313,0
61.26,Mastectomy,Breast Cancer,Breast Invasive Ductal Carcinoma,High,0.0,LumB,2.0,Positive,Positive,3.0,Gain,Positive,Ductal/NST,1.0,Post,5,Left,0.0,1.0,4.08,IDC,Negative,0.0,1,HER2+,40.0,1.0,0,65.36466013873557,0
38.49,Mastectomy,Breast Cancer,Breast Invasive Ductal Carcinoma,Moderate,1.0,claudin-low,2.0,Negative,Negative,3.0,Neutral,Negative,Ductal/NST,0.0,Pre,10,Left,8.0,8.0,6.056,IDC,Negative,1.0,1,ER+/HER2- High Prolif,28.0,3.0,1,104.12502119047488,1
40.06,Mastectomy,Breast Cancer,Breast Invasive Ductal Carcinoma,High,1.0,Her2,2.0,Negative,Negative,3.0,Gain,Positive,Ductal/NST,0.0,Pre,1,Left,3.0,6.0,5.07,IDC,Negative,1.0,1,HER2+,35.0,2.0,1,43.800480343515254,1
59.3,Mastectomy,Breast Cancer,Breast Invasive Ductal Carcinoma,High,0.0,LumB,2.0,Positive,Positive,3.0,Gain,Negative,Ductal/NST,1.0,Post,8,Left,1.0,5.0,5.04,IDC,Positive,1.0,1,ER+/HER2- High Prolif,20.0,2.0,0,85.0548465470957,0
63.34,Breast Conserving,Breast Cancer,Breast Invasive Lobular Carcinoma,High,0.0,LumB,2.0,Positive,Positive,3.0,Gain,Negative,Lobular,1.0,Post,6,Left,0.0,2.0,4.04,ILC,Negative,1.0,1,ER+/HER2- High Prolif,20.0,1.0,0,112.74709845372988,0
52.45,Mastectomy,Breast Cancer,Breast Invasive Ductal Carcinoma,High,0.0,claudin-low,2.0,Negative,Negative,3.0,Neutral,Negative,Ductal/NST,1.0,Post,10,Left,0.0,6.0,4.03,IDC,Negative,0.0,1,ER-/HER2-,15.0,1.0,0,116.68392133748462,0
59.29,Mastectomy,Breast Cancer,Breast Invasive Ductal Carcinoma,High,1.0,Basal,2.0,Negative,Negative,3.0,Neutral,Negative,Ductal/NST,0.0,Post,3,Right,3.0,12.0,5.05,IDC,Negative,1.0,1,ER-/HER2-,25.0,2.0,0,88.04409067499219,0
41.17,Mastectomy,Breast Cancer,Breast Invasive Ductal Carcinoma,High,1.0,LumB,2.0,Negative,Positive,3.0,Gain,Negative,Ductal/NST,0.0,Pre,1,Right,3.0,4.0,5.056,IDC,Positive,1.0,1,ER+/HER2- High Prolif,28.0,2.0,1,53.59055468900793,1
50.92,Breast Conserving,Breast Cancer,Breast Invasive Ductal Carcinoma,Moderate,0.0,LumA,2.0,Positive,Positive,2.0,Neutral,Negative,Ductal/NST,1.0,Post,3,Right,1.0,4.0,4.034,IDC,Positive,1.0,1,ER+/HER2- Low Prolif,17.0,2.0,0,96.80468335264246,0
55.28,Breast Conserving,Breast Cancer,Breast Invasive Ductal Carcinoma,High,0.0,LumA,2.0,Positive,Positive,3.0,Neutral,Negative,Ductal/NST,1.0,Post,8,Left,7.0,6.0,6.0520000000000005,IDC,Negative,1.0,1,ER+/HER2- Low Prolif,26.0,3.0,0,70.02203676552452,0
49.08,Mastectomy,Breast Cancer,Breast Invasive Lobular Carcinoma,Moderate,0.0,Normal,2.0,Positive,Positive,2.0,Neutral,Negative,Lobular,1.0,Pre,4ER+,Right,1.0,3.0,4.052,ILC,Negative,0.0,1,ER+/HER2- Low Prolif,26.0,2.0,0,119.4701175682186,0
68.86,Breast Conserving,Breast Cancer,Breast Invasive Ductal Carcinoma,High,0.0,LumA,2.0,Positive,Positive,3.0,Neutral,Negative,Ductal/NST,1.0,Post,3,Left,1.0,7.0,5.05,IDC,Positive,1.0,1,ER+/HER2- High Prolif,25.0,2.0,0,73.90030208300661,0
37.05,Mastectomy,Breast Cancer,Breast Invasive Ductal Carcinoma,High,1.0,Her2,2.0,Negative,Negative,3.0,Gain,Positive,Ductal/NST,0.0,Pre,5,Left,1.0,9.0,5.06,IDC,Negative,1.0,1,HER2+,30.0,2.0,1,103.92276052382054,1
38.2,Mastectomy,Breast Cancer,Breast Invasive Ductal Carcinoma,High,1.0,LumB,2.0,Negative,Positive,3.0,Loss,Negative,Ductal/NST,0.0,Pre,1,Left,6.0,4.0,6.26,IDC,Positive,1.0,1,ER+/HER2- High Prolif,130.0,3.0,1,46.227576556877985,1
43.67,Mastectomy,Breast Cancer,Breast Mixed Ductal and Lobular Carcinoma,Moderate,0.0,LumA,2.0,Positive,Positive,2.0,Neutral,Negative,Mixed,1.0,Pre,8,Right,1.0,16.0,4.034,MDLC,Positive,0.0,1,ER+/HER2- Low Prolif,17.0,2.0,0,116.56390644810755,0
51.52,Breast Conserving,Breast Cancer,Breast Invasive Ductal Carcinoma,High,0.0,LumA,2.0,Positive,Positive,2.0,Loss,Negative,Ductal/NST,0.0,Post,8,Right,0.0,3.0,3.034,IDC,Positive,1.0,1,ER+/HER2- Low Prolif,17.0,1.0,0,98.9787989395421,0
64.04,Mastectomy,Breast Cancer,Breast Invasive Ductal Carcinoma,High,0.0,Normal,2.0,Positive,Positive,3.0,Neutral,Negative,Ductal/NST,1.0,Post,2,Left,0.0,7.0,4.06,IDC,Negative,0.0,1,ER+/HER2- Low Prolif,30.0,1.0,1,30.30521664209799,1
51.36,Mastectomy,Breast Cancer,Breast Invasive Ductal Carcinoma,High,1.0,Basal,2.0,Negative,Negative,3.0,Neutral,Negative,Ductal/NST,0.0,Post,10,Right,1.0,14.0,5.07,IDC,Negative,1.0,1,ER-/HER2-,35.0,2.0,1,72.13453634550181,1
57.66,Mastectomy,Breast Cancer,Breast Invasive Ductal Carcinoma,High,0.0,claudin-low,2.0,Positive,Positive,2.0,Gain,Negative,Ductal/NST,0.0,Post,7,Right,0.0,5.0,3.04,IDC,Positive,0.0,1,ER+/HER2- High Prolif,20.0,1.0,0,96.46420769273155,0
40.92,Mastectomy,Breast Cancer,Breast Invasive Ductal Carcinoma,Moderate,0.0,LumA,2.0,Positive,Positive,2.0,Neutral,Negative,Ductal/NST,1.0,Pre,3,Left,2.0,7.0,4.032,IDC,Positive,1.0,1,ER+/HER2- Low Prolif,16.0,2.0,0,90.76131066099052,0
55.3,Breast Conserving,Breast Cancer,Breast Invasive Ductal Carcinoma,High,0.0,Her2,2.0,Positive,Positive,3.0,Neutral,Negative,Ductal/NST,1.0,Post,2,Right,0.0,8.0,4.03,IDC,Positive,1.0,1,ER+/HER2- High Prolif,15.0,1.0,0,73.84018870306552,0
21.93,Mastectomy,Breast Cancer,Breast Mixed Ductal and Lobular Carcinoma,High,1.0,Her2,2.0,Negative,Negative,2.0,Gain,Positive,Mixed,0.0,Pre,5,Right,6.0,5.0,5.07,MDLC,Negative,1.0,1,HER2+,35.0,3.0,1,113.10471560936435,1
56.4,Mastectomy,Breast Cancer,Breast Invasive Ductal Carcinoma,High,1.0,Her2,2.0,Negative,Negative,3.0,Gain,Positive,Ductal/NST,0.0,Post,5,Left,2.0,3.0,5.11,IDC,Negative,1.0,1,HER2+,55.0,2.0,1,87.17121804089709,1
68.59,Breast Conserving,Breast Cancer,Breast Invasive Ductal Carcinoma,High,0.0,claudin-low,2.0,Negative,Negative,3.0,Neutral,Negative,Medullary,0.0,Post,10,Left,0.0,4.0,4.034,IDC,Negative,0.0,1,ER-/HER2-,17.0,1.0,0,70.5916819203305,0
60.3,Mastectomy,Breast Cancer,Breast Invasive Ductal Carcinoma,Moderate,0.0,claudin-low,2.0,Positive,Positive,3.0,Neutral,Negative,Ductal/NST,1.0,Post,4ER+,Left,1.0,1.0,5.044,IDC,Positive,1.0,1,ER-/HER2-,22.0,2.0,0,73.22917254421053,0
43.58,Mastectomy,Breast Cancer,Breast Invasive Ductal Carcinoma,High,0.0,LumB,2.0,Positive,Positive,3.0,Gain,Negative,Ductal/NST,1.0,Pre,1,Left,0.0,6.0,4.053999999999999,IDC,Negative,1.0,1,ER+/HER2- High Prolif,27.0,1.0,0,71.18629572865527,0
41.1,Mastectomy,Breast Cancer,Breast Invasive Ductal Carcinoma,High,1.0,Her2,2.0,Negative,Positive,3.0,Gain,Positive,Ductal/NST,0.0,Pre,5,Left,0.0,2.0,4.1,IDC,Negative,1.0,1,HER2+,50.0,2.0,1,73.56660636965141,1
45.74,Breast Conserving,Breast Cancer,Breast Invasive Ductal Carcinoma,High,0.0,LumB,2.0,Positive,Positive,2.0,Neutral,Negative,Ductal/NST,0.0,Pre,3,Right,0.0,18.0,3.04,IDC,Positive,0.0,1,ER+/HER2- High Prolif,20.0,1.0,1,22.495061327243,1
62.09,Breast Conserving,Breast Cancer,Breast Invasive Ductal Carcinoma,Moderate,0.0,LumB,2.0,Positive,Positive,3.0,Neutral,Negative,Ductal/NST,1.0,Post,1,Right,1.0,8.0,5.04,IDC,Positive,1.0,1,ER+/HER2- High Prolif,20.0,2.0,1,78.42078048351033,1
53.5,Mastectomy,Breast Cancer,Breast Invasive Ductal Carcinoma,High,1.0,Her2,2.0,Negative,Negative,3.0,Gain,Positive,Ductal/NST,0.0,Post,5,Left,5.0,7.0,6.062,IDC,Negative,1.0,1,HER2+,31.0,3.0,1,118.92581581126043,1
66.91,Mastectomy,Breast Cancer,Breast Invasive Ductal Carcinoma,Moderate,0.0,Basal,2.0,Negative,Negative,3.0,Neutral,Negative,Ductal/NST,0.0,Post,10,Right,0.0,12.0,4.06,IDC,Negative,0.0,1,ER-/HER2-,30.0,1.0,0,106.7750684140052,0
50.79,Mastectomy,Breast Cancer,Breast Invasive Ductal Carcinoma,Moderate,1.0,Basal,2.0,Negative,Negative,3.0,Neutral,Negative,Ductal/NST,0.0,Post,10,Left,3.0,4.0,5.053999999999999,IDC,Negative,1.0,1,ER-/HER2-,27.0,2.0,0,81.0075155500038,0
39.28,Mastectomy,Breast Cancer,Breast,High,0.0,LumB,2.0,Positive,Positive,3.0,Loss,Negative,Other,1.0,Pre,1,Right,1.0,6.0,5.032,BREAST,Positive,1.0,1,ER+/HER2- High Prolif,16.0,2.0,0,63.47056059380378,0
67.6,Breast Conserving,Breast Cancer,Breast Mixed Ductal and Lobular Carcinoma,High,0.0,LumA,2.0,Positive,Positive,1.0,Neutral,Negative,Mixed,1.0,Post,7,Left,1.0,8.0,3.04,MDLC,Positive,1.0,1,ER+/HER2- Low Prolif,20.0,2.0,1,27.129073645544594,1
65.56,Breast Conserving,Breast Cancer,Breast Invasive Ductal Carcinoma,High,0.0,LumB,2.0,Positive,Positive,3.0,Gain,Negative,Ductal/NST,1.0,Post,1,Left,5.0,26.0,6.053999999999999,IDC,Negative,1.0,1,ER+/HER2- High Prolif,27.0,3.0,0,118.14615780844868,0
60.3,Mastectomy,Breast Cancer,Breast Invasive Ductal Carcinoma,Low,0.0,Normal,2.0,Positive,Positive,3.0,Gain,Negative,Ductal/NST,1.0,Post,6,Right,3.0,3.0,5.044,IDC,Negative,1.0,1,ER+/HER2- Low Prolif,22.0,2.0,1,67.97960245528357,1
70.94,Mastectomy,Breast Cancer,Breast Mixed Ductal and Lobular Carcinoma,High,0.0,Her2,2.0,Positive,Positive,2.0,Neutral,Negative,Mixed,1.0,Post,8,Left,1.0,20.0,4.052,MDLC,Positive,0.0,1,ER+/HER2- High Prolif,26.0,2.0,1,106.75629176821919,1
48.12,Breast Conserving,Breast Cancer,Breast Invasive Ductal Carcinoma,High,0.0,Normal,2.0,Positive,Positive,2.0,Undef,Negative,Ductal/NST,1.0,Pre,5,Left,6.0,8.0,5.03,IDC,Negative,1.0,1,ER+/HER2- High Prolif,15.0,3.0,1,92.00301071745407,1
49.84,Mastectomy,Breast Cancer,Breast Invasive Ductal Carcinoma,Moderate,0.0,LumA,2.0,Positive,Positive,3.0,Neutral,Negative,Ductal/NST,1.0,Pre,7,Left,0.0,5.0,4.042,IDC,Positive,1.0,1,ER+/HER2- Low Prolif,21.0,1.0,0,113.02715309780554,0
68.13,Mastectomy,Breast Cancer,Breast Invasive Mixed Mucinous Carcinoma,High,0.0,LumA,2.0,Positive,Positive,3.0,Neutral,Negative,Mucinous,0.0,Post,4ER+,Right,0.0,5.0,3.08,IMMC,Positive,0.0,1,ER+/HER2- High Prolif,40.0,1.0,1,87.27770002748895,1
66.85,Mastectomy,Breast Cancer,Breast Invasive Ductal Carcinoma,High,0.0,LumA,2.0,Positive,Positive,2.0,Neutral,Negative,Ductal/NST,1.0,Post,3,Left,1.0,4.0,4.04,IDC,Positive,0.0,1,ER+/HER2- High Prolif,20.0,2.0,0,115.66513699171279,0
51.76,Mastectomy,Breast Cancer,Breast Invasive Ductal Carcinoma,High,1.0,Her2,2.0,Negative,Negative,3.0,Gain,Positive,Medullary,0.0,Post,1,Right,2.0,8.0,5.16,IDC,Negative,1.0,1,ER+/HER2- High Prolif,80.0,2.0,1,87.86828107060781,1
55.95,Mastectomy,Breast Cancer,Breast Mixed Ductal and Lobular Carcinoma,High,1.0,claudin-low,2.0,Negative,Negative,3.0,Neutral,Negative,Mixed,1.0,Post,1,Left,0.0,4.0,4.05,MDLC,Negative,1.0,1,ER-/HER2-,25.0,2.0,0,119.69446935878612,0
53.04,Mastectomy,Breast Cancer,Breast Mixed Ductal and Lobular Carcinoma,High,0.0,Her2,2.0,Positive,Positive,3.0,Neutral,Negative,Mixed,1.0,Post,6,Left,0.0,8.0,4.074,MDLC,Negative,0.0,1,ER+/HER2- High Prolif,37.0,1.0,1,50.82504433173356,1
63.97,Mastectomy,Breast Cancer,Breast Invasive Ductal Carcinoma,High,0.0,claudin-low,2.0,Negative,Positive,3.0,Neutral,Negative,Ductal/NST,0.0,Post,4ER-,Right,0.0,2.0,1.12,IDC,Positive,0.0,1,ER-/HER2-,60.0,1.0,0,70.43371495316924,0
60.15,Breast Conserving,Breast Cancer,Breast Invasive Ductal Carcinoma,High,0.0,LumB,2.0,Positive,Positive,2.0,Neutral,Negative,Ductal/NST,1.0,Post,9,Left,1.0,9.0,4.024,IDC,Positive,1.0,1,ER+/HER2- High Prolif,12.0,2.0,0,83.77452113415953,0
63.95,Mastectomy,Breast Cancer,Breast Invasive Ductal Carcinoma,Moderate,0.0,LumB,2.0,Positive,Positive,3.0,Neutral,Negative,Ductal/NST,1.0,Post,1,Left,3.0,4.0,5.0680000000000005,IDC,Positive,1.0,1,ER+/HER2- High Prolif,34.0,2.0,0,105.49430854224548,0
37.16,Mastectomy,Breast Cancer,Breast Invasive Ductal Carcinoma,Moderate,1.0,claudin-low,2.0,Negative,Negative,3.0,Neutral,Negative,Ductal/NST,0.0,Pre,10,Right,1.0,5.0,5.011,IDC,Negative,1.0,1,ER-/HER2-,5.5,2.0,0,101.76123708322753,0
55.71,Breast Conserving,Breast Cancer,Breast Invasive Ductal Carcinoma,High,0.0,Basal,2.0,Negative,Negative,3.0,Neutral,Negative,Ductal/NST,0.0,Post,10,Right,0.0,4.0,4.0360000000000005,IDC,Negative,1.0,1,ER-/HER2-,18.0,1.0,1,43.707919180565284,1
70.77,Mastectomy,Breast Cancer,Breast Invasive Ductal Carcinoma,High,0.0,claudin-low,2.0,Positive,Positive,3.0,Neutral,Negative,Ductal/NST,1.0,Post,4ER+,Left,1.0,2.0,5.05,IDC,Negative,0.0,1,ER+/HER2- Low Prolif,25.0,2.0,0,69.2337543803913,0
41.52,Mastectomy,Breast Cancer,Breast Invasive Ductal Carcinoma,High,0.0,LumA,2.0,Positive,Positive,1.0,Gain,Negative,Ductal/NST,0.0,Pre,3,Left,0.0,7.0,2.04,IDC,Positive,0.0,1,ER+/HER2- Low Prolif,20.0,1.0,0,108.94998749943707,0
51.01,Mastectomy,Breast Cancer,Breast Invasive Ductal Carcinoma,Moderate,0.0,LumA,2.0,Positive,Positive,3.0,Neutral,Negative,Ductal/NST,1.0,Post,4ER+,Left,0.0,6.0,4.03,IDC,Positive,1.0,1,ER+/HER2- Low Prolif,15.0,1.0,0,73.46643431019965,0
49.98,Breast Conserving,Breast Cancer,Breast Invasive Ductal Carcinoma,High,0.0,claudin-low,2.0,Negative,Negative,3.0,Loss,Negative,Medullary,0.0,Pre,4ER-,Left,0.0,4.0,4.03,IDC,Negative,1.0,1,ER-/HER2-,15.0,1.0,1,99.41100479167947,1
57.01,Mastectomy,Breast Cancer,Breast Invasive Ductal Carcinoma,Moderate,0.0,LumB,2.0,Positive,Positive,3.0,Neutral,Negative,Ductal/NST,1.0,Post,1,Left,0.0,6.0,4.05,IDC,Negative,0.0,1,ER+/HER2- High Prolif,25.0,1.0,1,99.49224662535153,1
48.16,Breast Conserving,Breast Cancer,Breast Mixed Ductal and Lobular Carcinoma,High,0.0,LumA,2.0,Positive,Positive,2.0,Neutral,Negative,Mixed,0.0,Pre,8,Right,0.0,5.0,3.036,MDLC,Positive,1.0,1,ER+/HER2- Low Prolif,18.0,1.0,0,73.42905688935738,0
68.72,Breast Conserving,Breast Cancer,Breast,High,0.0,LumA,2.0,Positive,Positive,3.0,Loss,Negative,Other,0.0,Post,8,Right,0.0,6.0,1.048,BREAST,Positive,0.0,1,ER+/HER2- High Prolif,24.0,1.0,0,92.21846537360481,0
40.78,Mastectomy,Breast Cancer,Breast Invasive Ductal Carcinoma,Moderate,0.0,LumA,2.0,Positive,Positive,2.0,Undef,Negative,Ductal/NST,0.0,Pre,3,Left,0.0,5.0,3.05,IDC,Positive,0.0,1,ER+/HER2- Low Prolif,25.0,1.0,0,95.57639609050219,0
49.45,Mastectomy,Breast Cancer,Breast Invasive Ductal Carcinoma,High,0.0,LumB,2.0,Positive,Positive,3.0,Neutral,Negative,Ductal/NST,1.0,Pre,2,Right,0.0,8.0,4.044,IDC,Positive,1.0,1,ER+/HER2- High Prolif,22.0,1.0,0,94.80517247026867,0
60.45,Breast Conserving,Breast Cancer,Breast Invasive Ductal Carcinoma,High,0.0,LumB,2.0,Positive,Positive,3.0,Neutral,Negative,Ductal/NST,1.0,Post,8,Left,0.0,5.0,4.046,IDC,Positive,1.0,1,ER+/HER2- High Prolif,23.0,1.0,0,65.48921024386529,0
53.89,Breast Conserving,Breast Cancer,Breast Invasive Ductal Carcinoma,High,0.0,LumB,2.0,Positive,Positive,2.0,Neutral,Negative,Ductal/NST,0.0,Post,6,Left,0.0,5.0,3.032,IDC,Negative,1.0,1,ER+/HER2- High Prolif,16.0,1.0,0,112.64765175782283,0
54.6,Breast Conserving,Breast Cancer,Breast Invasive Ductal Carcinoma,High,0.0,LumB,2.0,Positive,Positive,3.0,Neutral,Negative,Ductal/NST,1.0,Post,1,Left,1.0,8.0,5.048,IDC,Negative,1.0,1,ER+/HER2- High Prolif,24.0,2.0,0,75.93600255532236,0
43.56,Breast Conserving,Breast Cancer,Breast Invasive Ductal Carcinoma,High,0.0,LumA,2.0,Positive,Positive,3.0,Gain,Positive,Ductal/NST,1.0,Pre,4ER+,Right,0.0,4.0,4.046,IDC,Positive,1.0,1,ER+/HER2- High Prolif,23.0,1.0,0,67.77089527696825,0
49.37,Breast Conserving,Breast Cancer,Breast Invasive Ductal Carcinoma,Moderate,0.0,claudin-low,2.0,Positive,Positive,1.0,Neutral,Negative,Tubular/ cribriform,1.0,Pre,3,Right,0.0,4.0,2.03,IDC,Negative,1.0,1,ER+/HER2- Low Prolif,15.0,1.0,0,113.32488479213863,0
54.29,Breast Conserving,Breast Cancer,Breast Invasive Ductal Carcinoma,High,0.0,Her2,2.0,Negative,Negative,3.0,Gain,Positive,Ductal/NST,0.0,Post,5,Right,0.0,9.0,4.024,IDC,Negative,1.0,1,HER2+,12.0,1.0,0,117.3390898937852,0
62.03,Mastectomy,Breast Cancer,Breast Invasive Ductal Carcinoma,High,0.0,LumA,2.0,Positive,Positive,2.0,Neutral,Negative,Ductal/NST,1.0,Post,8,Left,1.0,6.0,4.052,IDC,Positive,0.0,1,ER+/HER2- Low Prolif,26.0,2.0,0,111.72765703592704,0
35.5,Breast Conserving,Breast Cancer,Breast Invasive Ductal Carcinoma,Moderate,0.0,LumA,2.0,Positive,Positive,2.0,Neutral,Negative,Ductal/NST,0.0,Pre,7,Right,0.0,6.0,3.03,IDC,Positive,1.0,1,ER+/HER2- Low Prolif,15.0,1.0,0,108.57096448349269,0
57.91,Breast Conserving,Breast Cancer,Breast Invasive Ductal Carcinoma,High,0.0,Her2,2.0,Negative,Negative,3.0,Gain,Positive,Ductal/NST,0.0,Post,5,Right,0.0,9.0,4.026,IDC,Negative,1.0,1,HER2+,13.0,1.0,1,105.6438104066512,1
76.96,Breast Conserving,Breast Cancer,Breast Invasive Ductal Carcinoma,High,0.0,LumA,3.0,Positive,Positive,2.0,Neutral,Negative,Ductal/NST,0.0,Post,4ER+,Left,0.0,3.0,3.04,IDC,Negative,1.0,1,ER+/HER2- Low Prolif,20.0,1.0,1,110.6299796760989,1
74.51,Mastectomy,Breast Cancer,Breast Invasive Ductal Carcinoma,High,0.0,LumA,3.0,Positive,Positive,2.0,Neutral,Negative,Ductal/NST,1.0,Post,7,Right,0.0,9.0,3.08,IDC,Negative,1.0,1,ER+/HER2- High Prolif,40.0,2.0,1,67.22497907698128,1
70.31,Mastectomy,Breast Cancer,Breast Invasive Ductal Carcinoma,High,0.0,Her2,3.0,Positive,Positive,2.0,Neutral,Negative,Ductal/NST,0.0,Post,6,Right,0.0,6.0,3.04,IDC,Positive,1.0,1,ER+/HER2- High Prolif,20.0,1.0,1,66.16375982621756,1
61.16,Breast Conserving,Breast Cancer,Breast Invasive Ductal Carcinoma,High,0.0,LumB,3.0,Positive,Positive,3.0,Neutral,Negative,Ductal/NST,1.0,Post,9,Left,0.0,8.0,4.03,IDC,Positive,1.0,1,ER+/HER2- High Prolif,15.0,1.0,0,99.3145188383413,0
66.37,Mastectomy,Breast Cancer,Breast Invasive Lobular Carcinoma,Moderate,0.0,claudin-low,3.0,Positive,Positive,2.0,Neutral,Negative,Lobular,1.0,Post,3,Right,0.0,4.0,3.036,ILC,Positive,1.0,1,ER+/HER2- High Prolif,18.0,1.0,0,93.05144223654835,0
64.91,Mastectomy,Breast Cancer,Breast Invasive Ductal Carcinoma,Moderate,0.0,LumB,3.0,Positive,Positive,3.0,Gain,Negative,Ductal/NST,1.0,Post,2,Left,3.0,4.0,5.07,IDC,Positive,0.0,1,ER+/HER2- High Prolif,35.0,2.0,1,98.21587932841172,1
73.15,Mastectomy,Breast Cancer,Breast Invasive Ductal Carcinoma,Low,0.0,Her2,3.0,Positive,Positive,3.0,Neutral,Negative,Ductal/NST,0.0,Post,6,Right,0.0,9.0,4.05,IDC,Positive,0.0,1,ER+/HER2- High Prolif,25.0,2.0,1,82.19610452399864,1
72.36,Breast Conserving,Breast Cancer,Breast Invasive Ductal Carcinoma,Moderate,0.0,LumA,3.0,Positive,Positive,3.0,Undef,Negative,Ductal/NST,1.0,Post,8,Left,0.0,4.0,4.044,IDC,Negative,1.0,1,ER+/HER2- High Prolif,22.0,2.0,0,65.21920559468461,0
63.23,Breast Conserving,Breast Cancer,Breast Invasive Ductal Carcinoma,High,0.0,Her2,3.0,Negative,Negative,3.0,Neutral,Positive,Ductal/NST,0.0,Post,8,Right,0.0,11.0,3.05,IDC,Negative,1.0,1,ER+/HER2- Low Prolif,25.0,2.0,0,84.50719278424192,0
76.13,Mastectomy,Breast Cancer,Breast Invasive Ductal Carcinoma,Moderate,0.0,Her2,3.0,Negative,Negative,2.0,Loss,Negative,Ductal/NST,0.0,Post,4ER-,Left,0.0,10.0,3.06,IDC,Negative,0.0,1,ER+/HER2- High Prolif,30.0,2.0,1,87.81242274383196,1
76.17,Mastectomy,Breast Cancer,Breast Mixed Ductal and Lobular Carcinoma,High,0.0,LumB,3.0,Positive,Positive,3.0,Neutral,Negative,Mixed,1.0,Post,6,Left,3.0,6.0,5.08,MDLC,Negative,0.0,1,ER+/HER2- High Prolif,40.0,2.0,0,82.36131102073884,0
71.32,Mastectomy,Breast Cancer,Breast Mixed Ductal and Lobular Carcinoma,Moderate,0.0,LumA,3.0,Positive,Positive,2.0,Neutral,Negative,Mixed,1.0,Post,7,Left,10.0,5.0,5.04,MDLC,Positive,0.0,1,ER+/HER2- Low Prolif,20.0,2.0,1,97.94560829909891,1
56.14,Breast Conserving,Breast Cancer,Breast Invasive Ductal Carcinoma,High,0.0,Basal,3.0,Negative,Negative,3.0,Loss,Negative,Ductal/NST,1.0,Post,1,Left,0.0,7.0,4.05,IDC,Negative,1.0,1,ER+/HER2- High Prolif,25.0,2.0,0,75.58522702561957,0
82.17,Breast Conserving,Breast Cancer,Breast Invasive Lobular Carcinoma,High,0.0,LumA,3.0,Positive,Positive,2.0,Neutral,Negative,Lobular,1.0,Post,4ER+,Left,5.0,9.0,5.044,ILC,Positive,1.0,1,ER+/HER2- High Prolif,22.0,3.0,1,108.12057691629715,1
59.24,Mastectomy,Breast Cancer,Breast Mixed Ductal and Lobular Carcinoma,Moderate,0.0,Her2,3.0,Positive,Positive,2.0,Neutral,Negative,Mixed,0.0,Post,8,Left,0.0,8.0,3.026,MDLC,Positive,0.0,1,ER+/HER2- High Prolif,13.0,1.0,0,103.40520682131509,0
50.23,Breast Conserving,Breast Cancer,Breast Invasive Ductal Carcinoma,High,0.0,Normal,3.0,Positive,Positive,2.0,Neutral,Negative,Ductal/NST,1.0,Post,3,Right,0.0,6.0,3.05,IDC,Positive,1.0,1,ER+/HER2- High Prolif,25.0,2.0,0,89.75254410472625,0
63.17,Mastectomy,Breast Cancer,Breast Invasive Ductal Carcinoma,High,0.0,Her2,3.0,Positive,Positive,3.0,Neutral,Negative,Ductal/NST,0.0,Post,7,Right,0.0,24.0,4.044,IDC,Positive,1.0,1,ER+/HER2- High Prolif,22.0,2.0,0,64.86277295445888,0
74.45,Mastectomy,Breast Cancer,Breast Invasive Ductal Carcinoma,Moderate,0.0,LumA,3.0,Positive,Positive,3.0,Neutral,Negative,Ductal/NST,0.0,Post,4ER+,Left,0.0,4.0,4.06,IDC,Positive,0.0,1,ER+/HER2- High Prolif,30.0,2.0,0,73.21099211698868,0
68.55,Mastectomy,Breast Cancer,Breast Invasive Ductal Carcinoma,High,0.0,Her2,3.0,Positive,Positive,3.0,Neutral,Negative,Ductal/NST,0.0,Post,7,Right,0.0,7.0,2.1,IDC,Negative,0.0,1,ER+/HER2- High Prolif,50.0,2.0,0,100.99552581957576,0
65.46,Mastectomy,Breast Cancer,Breast Invasive Ductal Carcinoma,Moderate,0.0,Her2,3.0,Positive,Positive,2.0,Neutral,Negative,Ductal/NST,1.0,Post,7,Left,1.0,7.0,4.04,IDC,Negative,1.0,1,ER+/HER2- High Prolif,20.0,2.0,1,48.503476939965864,1
56.19,Mastectomy,Breast Cancer,Breast Invasive Ductal Carcinoma,High,0.0,LumA,3.0,Positive,Positive,2.0,Neutral,Negative,Ductal/NST,0.0,Post,8,Right,0.0,5.0,3.02,IDC,Positive,0.0,1,ER+/HER2- Low Prolif,10.0,2.0,0,64.56785156941801,0
73.2,Mastectomy,Breast Cancer,Breast Invasive Ductal Carcinoma,Moderate,0.0,Her2,3.0,Positive,Positive,3.0,Neutral,Negative,Ductal/NST,0.0,Post,7,Right,0.0,10.0,1.06,IDC,Positive,1.0,1,ER+/HER2- High Prolif,30.0,2.0,0,111.07241484292612,0
54.35,Mastectomy,Breast Cancer,Breast Invasive Ductal Carcinoma,High,1.0,Her2,3.0,Negative,Negative,3.0,Gain,Positive,Ductal/NST,1.0,Post,5,Right,6.0,8.0,6.08,IDC,Negative,1.0,1,HER2+,40.0,3.0,0,89.70879162083845,0
63.05,Mastectomy,Breast Cancer,Breast Invasive Ductal Carcinoma,High,0.0,LumB,3.0,Positive,Positive,3.0,Neutral,Negative,Ductal/NST,0.0,Post,8,Right,0.0,4.0,2.04,IDC,Positive,0.0,1,ER+/HER2- High Prolif,20.0,1.0,0,88.83519463959888,0
71.17,Mastectomy,Breast Cancer,Breast Invasive Ductal Carcinoma,High,0.0,LumA,3.0,Positive,Positive,3.0,Neutral,Negative,Ductal/NST,0.0,Post,8,Left,0.0,13.0,4.046,IDC,Negative,1.0,1,ER+/HER2- Low Prolif,23.0,2.0,1,52.56295888511395,1
58.32,Mastectomy,Breast Cancer,Breast Invasive Ductal Carcinoma,Low,0.0,Her2,3.0,Positive,Positive,3.0,Neutral,Negative,Ductal/NST,0.0,Post,7,Left,0.0,5.0,4.03,IDC,Positive,1.0,1,ER+/HER2- Low Prolif,15.0,2.0,0,95.54446707957105,0
60.33,Breast Conserving,Breast Cancer,Breast Invasive Ductal Carcinoma,High,0.0,Her2,3.0,Positive,Positive,3.0,Neutral,Negative,Ductal/NST,0.0,Post,4ER+,Right,0.0,9.0,1.04,IDC,Positive,1.0,1,ER+/HER2- Low Prolif,20.0,1.0,0,109.48085795550895,0
43.06,Mastectomy,Breast Cancer,Breast Invasive Ductal Carcinoma,Moderate,1.0,Basal,3.0,Negative,Negative,3.0,Neutral,Negative,Ductal/NST,0.0,Pre,4ER-,Left,13.0,5.0,6.04,IDC,Negative,1.0,1,ER-/HER2-,20.0,2.0,1,22.15004950281385,1
57.85,Mastectomy,Breast Cancer,Breast Invasive Ductal Carcinoma,Moderate,0.0,LumB,3.0,Positive,Positive,2.0,Neutral,Negative,Ductal/NST,1.0,Post,9,Left,16.0,3.0,5.07,IDC,Positive,0.0,1,ER+/HER2- High Prolif,35.0,2.0,1,74.45425522758678,1
54.22,Mastectomy,Breast Cancer,Breast Invasive Ductal Carcinoma,Moderate,0.0,LumB,3.0,Positive,Positive,3.0,Neutral,Negative,Ductal/NST,0.0,Post,4ER+,Left,0.0,6.0,4.06,IDC,Positive,1.0,1,ER+/HER2- High Prolif,30.0,2.0,1,15.881765570048145,1
64.21,Mastectomy,Breast Cancer,Breast Mixed Ductal and Lobular Carcinoma,High,0.0,Her2,3.0,Positive,Positive,3.0,Gain,Negative,Mixed,0.0,Post,9,Right,0.0,5.0,4.086,MDLC,Negative,0.0,1,ER+/HER2- High Prolif,43.0,2.0,0,80.86855247413158,0
74.31,Mastectomy,Breast Cancer,Breast Invasive Ductal Carcinoma,Moderate,0.0,LumA,3.0,Positive,Positive,2.0,Neutral,Negative,Ductal/NST,1.0,Post,7,Left,2.0,3.0,4.02,IDC,Positive,1.0,1,ER+/HER2- Low Prolif,10.0,2.0,0,100.68096915354381,0
60.99,Mastectomy,Breast Cancer,Breast Invasive Ductal Carcinoma,High,0.0,Her2,3.0,Positive,Positive,3.0,Neutral,Negative,Ductal/NST,1.0,Post,2,Right,1.0,7.0,2.0,IDC,Positive,1.0,1,ER+/HER2- High Prolif,23.0,2.0,0,93.94391783974747,0
45.5,Mastectomy,Breast Cancer,Breast Invasive Ductal Carcinoma,Low,0.0,LumA,3.0,Positive,Positive,2.0,Neutral,Negative,Ductal/NST,0.0,Pre,4ER+,Right,0.0,3.0,3.04,IDC,Positive,0.0,1,ER+/HER2- Low Prolif,20.0,2.0,0,76.02169621016527,0
67.02,Breast Conserving,Breast Cancer,Breast Invasive Ductal Carcinoma,High,0.0,LumB,3.0,Positive,Positive,2.0,Neutral,Negative,Ductal/NST,1.0,Post,4ER+,Right,0.0,3.0,3.06,IDC,Negative,1.0,1,ER+/HER2- High Prolif,30.0,2.0,1,62.2845859583057,1
58.8,Mastectomy,Breast Cancer,Breast Invasive Ductal Carcinoma,High,0.0,Her2,3.0,Positive,Positive,1.0,Loss,Negative,Ductal/NST,0.0,Post,8,Left,0.0,5.0,2.08,IDC,Positive,0.0,1,ER+/HER2- High Prolif,40.0,2.0,1,70.60562054841827,1
72.39,Mastectomy,Breast Cancer,Breast Invasive Ductal Carcinoma,High,0.0,NC,3.0,Positive,Positive,2.0,Neutral,Negative,Ductal/NST,1.0,Post,4ER+,Left,1.0,5.0,4.07,IDC,Positive,1.0,1,ER+/HER2- High Prolif,35.0,2.0,1,42.94645522985471,1
75.87,Breast Conserving,Breast Cancer,Breast Invasive Ductal Carcinoma,Moderate,0.0,LumA,3.0,Positive,Positive,2.0,Neutral,Negative,Ductal/NST,1.0,Post,7,Right,0.0,5.0,3.1,IDC,Negative,1.0,1,ER+/HER2- Low Prolif,50.0,2.0,1,75.80999214145317,1
54.01,Mastectomy,Breast Cancer,Breast Invasive Ductal Carcinoma,Moderate,0.0,LumB,3.0,Positive,Positive,2.0,Neutral,Negative,Ductal/NST,1.0,Post,9,Right,5.0,11.0,5.06,IDC,Negative,1.0,1,ER+/HER2- High Prolif,30.0,2.0,1,15.294026993417338,1
68.25,Mastectomy,Breast Cancer,Breast Invasive Ductal Carcinoma,Moderate,0.0,LumA,3.0,Positive,Positive,3.0,Neutral,Negative,Ductal/NST,0.0,Post,4ER+,Left,0.0,5.0,4.08,IDC,Positive,0.0,1,ER+/HER2- High Prolif,40.0,2.0,0,112.71779918130947,0
67.46,Mastectomy,Breast Cancer,Breast Invasive Ductal Carcinoma,Moderate,0.0,Basal,3.0,Positive,Positive,2.0,Neutral,Negative,Ductal/NST,0.0,Post,10,Right,0.0,5.0,3.04,IDC,Negative,0.0,1,ER+/HER2- High Prolif,20.0,1.0,0,107.84556129641568,0
73.91,Mastectomy,Breast Cancer,Breast Invasive Ductal Carcinoma,High,0.0,Her2,3.0,Positive,Positive,3.0,Neutral,Negative,Ductal/NST,1.0,Post,9,Right,1.0,7.0,5.0360000000000005,IDC,Negative,1.0,1,ER+/HER2- High Prolif,18.0,2.0,0,99.50711007950552,0
80.81,Mastectomy,Breast Cancer,Breast Invasive Ductal Carcinoma,Moderate,0.0,LumA,3.0,Positive,Positive,2.0,Loss,Negative,Ductal/NST,1.0,Post,3,Right,1.0,5.0,4.11,IDC,Negative,0.0,1,ER+/HER2- High Prolif,55.0,3.0,1,16.033604384915158,1
68.7,Mastectomy,Breast Cancer,Breast Invasive Ductal Carcinoma,High,0.0,Basal,3.0,Negative,Negative,3.0,Neutral,Negative,Medullary,1.0,Post,10,Right,0.0,4.0,4.06,IDC,Negative,0.0,1,ER+/HER2- High Prolif,30.0,2.0,0,111.03490374565452,0
72.17,Mastectomy,Breast Cancer,Breast Invasive Ductal Carcinoma,Moderate,0.0,LumA,3.0,Positive,Positive,2.0,Gain,Negative,Ductal/NST,1.0,Post,7,Right,1.0,8.0,4.04,IDC,Positive,1.0,1,ER+/HER2- High Prolif,20.0,2.0,0,112.03765205758815,0
28.04,Mastectomy,Breast Cancer,Breast Invasive Ductal Carcinoma,High,0.0,LumA,3.0,Negative,Positive,3.0,Neutral,Negative,Ductal/NST,0.0,Pre,6,Right,0.0,1.0,4.09,IDC,Negative,0.0,1,ER+/HER2- High Prolif,45.0,2.0,1,100.8408605512431,1
37.85,Mastectomy,Breast Cancer,Breast Invasive Ductal Carcinoma,High,1.0,Her2,3.0,Negative,Positive,2.0,Gain,Positive,Ductal/NST,0.0,Pre,9,Right,4.0,2.0,5.0360000000000005,IDC,Positive,1.0,1,HER2+,18.0,2.0,1,50.90058927241639,1
74.32,Mastectomy,Breast Cancer,Breast Invasive Ductal Carcinoma,High,0.0,LumB,3.0,Positive,Positive,2.0,Neutral,Negative,Ductal/NST,1.0,Post,8,Right,3.0,7.0,4.04,IDC,Positive,1.0,1,ER+/HER2- High Prolif,20.0,2.0,1,25.722535366403555,1
55.07,Mastectomy,Breast Cancer,Breast Invasive Ductal Carcinoma,High,0.0,Her2,3.0,Positive,Positive,2.0,Gain,Positive,Ductal/NST,1.0,Post,5,Left,1.0,7.0,4.07,IDC,Positive,1.0,1,HER2+,35.0,2.0,0,102.50177860290209,0
68.32,Mastectomy,Breast Cancer,Breast Invasive Ductal Carcinoma,Moderate,0.0,Her2,3.0,Positive,Positive,3.0,Neutral,Negative,Medullary,0.0,Post,3,Right,0.0,14.0,4.06,IDC,Positive,0.0,1,ER+/HER2- High Prolif,30.0,2.0,0,110.22079970182033,0
60.0,Mastectomy,Breast Cancer,Breast Invasive Ductal Carcinoma,Moderate,0.0,Her2,3.0,Positive,Positive,3.0,Gain,Negative,Ductal/NST,1.0,Post,9,Left,1.0,8.0,5.046,IDC,Negative,1.0,1,ER+/HER2- High Prolif,23.0,2.0,0,101.84828770015702,0
55.62,Mastectomy,Breast Cancer,Breast Invasive Ductal Carcinoma,Moderate,0.0,LumA,3.0,Positive,Positive,2.0,Neutral,Negative,Ductal/NST,1.0,Post,8,Left,2.0,7.0,4.08,IDC,Positive,1.0,1,ER+/HER2- Low Prolif,40.0,2.0,0,100.80844630561802,0
65.49,Mastectomy,Breast Cancer,Breast Invasive Lobular Carcinoma,Moderate,0.0,Her2,3.0,Positive,Positive,1.0,Gain,Positive,Lobular,1.0,Post,2,Left,0.0,5.0,2.04,ILC,Negative,1.0,1,ER+/HER2- High Prolif,20.0,1.0,1,68.40227208591887,1
58.8,Mastectomy,Breast Cancer,Breast Invasive Ductal Carcinoma,Moderate,0.0,LumA,3.0,Positive,Positive,3.0,Neutral,Negative,Ductal/NST,0.0,Post,8,Right,0.0,6.0,4.05,IDC,Positive,1.0,1,ER+/HER2- High Prolif,25.0,2.0,0,97.11668269291106,0
54.16,Mastectomy,Breast Cancer,Breast Mixed Ductal and Lobular Carcinoma,Moderate,0.0,LumA,3.0,Positive,Positive,2.0,Neutral,Negative,Mixed,0.0,Post,8,Left,0.0,6.0,3.06,MDLC,Negative,1.0,1,ER+/HER2- Low Prolif,30.0,2.0,0,105.16299837345848,0
70.24,Mastectomy,Breast Cancer,Breast Invasive Ductal Carcinoma,Moderate,0.0,LumB,3.0,Positive,Positive,2.0,Neutral,Negative,Ductal/NST,1.0,Post,9,Left,0.0,5.0,4.04,IDC,Negative,1.0,1,ER+/HER2- High Prolif,20.0,2.0,1,95.15930373464997,1
70.58,Mastectomy,Breast Cancer,Breast Invasive Ductal Carcinoma,Moderate,0.0,Her2,3.0,Positive,Positive,3.0,Neutral,Negative,Ductal/NST,1.0,Post,6,Left,1.0,5.0,5.06,IDC,Negative,1.0,1,ER+/HER2- High Prolif,30.0,2.0,0,69.51630631758442,0
66.91,Mastectomy,Breast Cancer,Breast Invasive Ductal Carcinoma,Moderate,0.0,Basal,3.0,Negative,Negative,3.0,Neutral,Negative,Ductal/NST,0.0,Post,4ER-,Left,0.0,12.0,4.03,IDC,Negative,1.0,1,ER+/HER2- High Prolif,15.0,1.0,1,35.30867096965906,1
69.19,Mastectomy,Breast Cancer,Breast Mixed Ductal and Lobular Carcinoma,High,0.0,LumA,3.0,Positive,Positive,1.0,Neutral,Negative,Mixed,0.0,Post,3,Left,0.0,4.0,2.042,MDLC,Positive,0.0,1,ER+/HER2- High Prolif,21.0,2.0,0,112.85224555193571,0
76.51,Mastectomy,Breast Cancer,Breast Invasive Ductal Carcinoma,High,0.0,LumA,3.0,Positive,Positive,1.0,Neutral,Negative,Ductal/NST,0.0,Post,7,Left,0.0,3.0,2.1,IDC,Positive,1.0,1,ER+/HER2- High Prolif,50.0,2.0,0,112.31061166471392,0
58.02,Mastectomy,Breast Cancer,Breast Mixed Ductal and Lobular Carcinoma,Moderate,0.0,LumA,3.0,Positive,Positive,3.0,Neutral,Negative,Mixed,1.0,Post,4ER+,Left,5.0,10.0,6.08,MDLC,Positive,1.0,1,ER+/HER2- High Prolif,40.0,2.0,0,61.75483698207355,0
51.93,Mastectomy,Breast Cancer,Breast Invasive Ductal Carcinoma,Moderate,0.0,Her2,3.0,Positive,Positive,2.0,Gain,Positive,Ductal/NST,1.0,Post,5,Right,0.0,4.0,3.1,IDC,Positive,0.0,1,ER+/HER2- High Prolif,50.0,2.0,0,109.54900503388576,0
72.44,Mastectomy,Breast Cancer,Breast Invasive Ductal Carcinoma,Moderate,0.0,LumB,3.0,Positive,Positive,3.0,Neutral,Negative,Ductal/NST,1.0,Post,1,Left,1.0,3.0,5.04,IDC,Positive,1.0,1,ER+/HER2- High Prolif,20.0,2.0,1,79.27217138845202,1
63.39,Mastectomy,Breast Cancer,Breast Invasive Ductal Carcinoma,High,0.0,LumA,3.0,Positive,Positive,2.0,Loss,Negative,Ductal/NST,1.0,Post,7,Left,1.0,6.0,4.06,IDC,Negative,1.0,1,ER+/HER2- High Prolif,30.0,2.0,0,67.73219204840672,0
80.04,Mastectomy,Breast Cancer,Breast Invasive Ductal Carcinoma,High,0.0,LumA,3.0,Positive,Positive,3.0,Neutral,Negative,Ductal/NST,1.0,Post,8,Right,8.0,4.0,3.06,IDC,Positive,0.0,1,ER+/HER2- High Prolif,30.0,2.0,0,80.10713125554851,0
61.22,Mastectomy,Breast Cancer,Breast Invasive Ductal Carcinoma,Moderate,0.0,Her2,3.0,Positive,Positive,3.0,Neutral,Negative,Ductal/NST,1.0,Post,6,Left,24.0,10.0,6.1,IDC,Positive,1.0,1,ER+/HER2- High Prolif,50.0,2.0,1,21.217526219326942,1
64.12,Mastectomy,Breast Cancer,Breast Invasive Ductal Carcinoma,Low,0.0,LumA,3.0,Positive,Positive,2.0,Neutral,Negative,Ductal/NST,1.0,Post,7,Right,1.0,5.0,4.06,IDC,Positive,1.0,1,ER+/HER2- High Prolif,30.0,2.0,0,104.61049537749646,0
70.75,Mastectomy,Breast Cancer,Breast Invasive Ductal Carcinoma,Moderate,0.0,LumA,3.0,Positive,Positive,3.0,Neutral,Negative,Ductal/NST,1.0,Post,7,Right,2.0,5.0,5.058,IDC,Positive,0.0,1,ER+/HER2- High Prolif,29.0,2.0,0,69.64559376289849,0
63.34,Mastectomy,Breast Cancer,Breast Invasive Ductal Carcinoma,Moderate,0.0,Her2,3.0,Positive,Positive,3.0,Gain,Negative,Ductal/NST,1.0,Post,1,Left,2.0,3.0,5.04,IDC,Negative,1.0,1,ER+/HER2- High Prolif,20.0,2.0,0,109.07802144714373,0
34.36,Mastectomy,Breast Cancer,Breast Invasive Ductal Carcinoma,High,0.0,Basal,3.0,Negative,Negative,3.0,Neutral,Negative,Ductal/NST,0.0,Pre,10,Left,0.0,4.0,4.04,IDC,Negative,1.0,1,ER+/HER2- High Prolif,20.0,1.0,0,109.92805067746451,0
64.5,Mastectomy,Breast Cancer,Breast Invasive Ductal Carcinoma,Moderate,0.0,LumA,3.0,Positive,Positive,1.0,Neutral,Negative,Ductal/NST,0.0,Post,3,Right,0.0,5.0,2.05,IDC,Negative,0.0,1,ER+/HER2- High Prolif,25.0,2.0,0,90.44806402565017,0
74.98,Mastectomy,Breast Cancer,Breast Invasive Ductal Carcinoma,High,0.0,LumB,3.0,Positive,Positive,2.0,Neutral,Negative,Ductal/NST,0.0,Post,8,Left,0.0,8.0,3.04,IDC,Positive,1.0,1,ER+/HER2- High Prolif,20.0,1.0,0,60.383152303010014,0
35.14,Mastectomy,Breast Cancer,Breast Invasive Ductal Carcinoma,Moderate,1.0,Her2,3.0,Negative,Negative,3.0,Gain,Positive,Ductal/NST,0.0,Pre,5,Right,18.0,5.0,6.08,IDC,Negative,1.0,1,ER+/HER2- High Prolif,40.0,2.0,1,17.581625886209633,1
73.2,Mastectomy,Breast Cancer,Breast Invasive Ductal Carcinoma,Moderate,0.0,LumA,3.0,Positive,Positive,3.0,Neutral,Negative,Ductal/NST,1.0,Post,4ER+,Left,3.0,6.0,2.124,IDC,Negative,1.0,1,ER+/HER2- Low Prolif,62.0,3.0,0,77.22228799049476,0
68.09,Mastectomy,Breast Cancer,Breast Mixed Ductal and Lobular Carcinoma,Moderate,0.0,Her2,3.0,Positive,Positive,3.0,Neutral,Negative,Mixed,0.0,Post,4ER+,Left,0.0,14.0,4.05,MDLC,Negative,0.0,1,ER+/HER2- Low Prolif,25.0,2.0,0,97.01561510254453,0
61.57,Mastectomy,Breast Cancer,Breast Invasive Ductal Carcinoma,Moderate,0.0,Her2,3.0,Positive,Positive,3.0,Gain,Positive,Ductal/NST,1.0,Post,5,Right,4.0,9.0,6.08,IDC,Negative,1.0,1,ER+/HER2- High Prolif,40.0,2.0,0,118.87117068164541,0
35.64,Breast Conserving,Breast Cancer,Breast Invasive Ductal Carcinoma,Moderate,1.0,Her2,3.0,Negative,Negative,3.0,Gain,Positive,Ductal/NST,0.0,Pre,5,Left,3.0,2.0,5.03,IDC,Negative,1.0,1,ER+/HER2- High Prolif,15.0,2.0,1,69.38630020935999,1
70.27,Breast Conserving,Breast Cancer,Breast Invasive Ductal Carcinoma,Moderate,0.0,Her2,3.0,Positive,Negative,3.0,Neutral,Negative,Ductal/NST,0.0,Post,1,Right,0.0,9.0,4.04,IDC,Negative,1.0,1,ER+/HER2- High Prolif,20.0,1.0,1,70.3885931338915,1
59.23,Mastectomy,Breast Cancer,Breast Invasive Ductal Carcinoma,Moderate,0.0,LumB,3.0,Positive,Positive,3.0,Neutral,Negative,Ductal/NST,1.0,Post,8,Right,1.0,6.0,5.06,IDC,Positive,0.0,1,ER+/HER2- High Prolif,30.0,2.0,0,97.9088116210001,0
55.01,Mastectomy,Breast Cancer,Breast Invasive Ductal Carcinoma,Moderate,0.0,Her2,3.0,Positive,Negative,2.0,Neutral,Negative,Ductal/NST,1.0,Post,1,Left,2.0,2.0,4.07,IDC,Negative,1.0,1,ER+/HER2- High Prolif,35.0,2.0,1,80.84242936180631,1
77.12,Mastectomy,Breast Cancer,Breast Invasive Ductal Carcinoma,Moderate,0.0,LumA,3.0,Positive,Positive,3.0,Neutral,Negative,Ductal/NST,1.0,Post,4ER+,Right,2.0,17.0,5.04,IDC,Negative,1.0,1,ER+/HER2- Low Prolif,20.0,2.0,1,90.41786404204744,1
59.16,Breast Conserving,Breast Cancer,Breast Invasive Ductal Carcinoma,Moderate,1.0,Her2,3.0,Negative,Negative,3.0,Gain,Positive,Ductal/NST,0.0,Post,5,Left,0.0,9.0,4.016,IDC,Negative,1.0,1,ER+/HER2- High Prolif,8.0,3.0,1,117.39202458195373,1
50.08,Breast Conserving,Breast Cancer,Breast Invasive Ductal Carcinoma,Low,0.0,Normal,3.0,Positive,Positive,3.0,Loss,Negative,Ductal/NST,0.0,Post,4ER+,Right,0.0,11.0,4.04,IDC,Positive,1.0,1,ER+/HER2- High Prolif,20.0,1.0,0,75.58821486384959,0
74.6,Mastectomy,Breast Cancer,Breast Invasive Ductal Carcinoma,High,0.0,LumA,3.0,Positive,Positive,2.0,Neutral,Negative,Ductal/NST,1.0,Post,8,Right,3.0,6.0,4.05,IDC,Positive,1.0,1,ER+/HER2- High Prolif,25.0,2.0,1,67.76043761652909,1
77.51,Mastectomy,Breast Cancer,Breast Invasive Ductal Carcinoma,Moderate,0.0,LumA,3.0,Positive,Positive,3.0,Neutral,Negative,Ductal/NST,1.0,Post,7,Left,0.0,6.0,4.06,IDC,Positive,1.0,1,ER+/HER2- High Prolif,30.0,2.0,1,46.879299077654565,1
40.04,Mastectomy,Breast Cancer,Breast Invasive Ductal Carcinoma,Moderate,0.0,Normal,3.0,Positive,Positive,2.0,Neutral,Negative,Ductal/NST,0.0,Pre,3,Left,0.0,5.0,3.032,IDC,Positive,0.0,1,ER+/HER2- High Prolif,16.0,1.0,0,98.04034218597668,0
59.75,Mastectomy,Breast Cancer,Breast Invasive Ductal Carcinoma,High,0.0,Normal,3.0,Positive,Positive,1.0,Neutral,Negative,Ductal/NST,1.0,Post,7,Right,3.0,8.0,3.04,IDC,Positive,1.0,1,ER+/HER2- High Prolif,20.0,2.0,1,97.88010903502,1
68.49,Mastectomy,Breast Cancer,Breast Invasive Ductal Carcinoma,High,0.0,LumA,3.0,Positive,Positive,2.0,Neutral,Negative,Ductal/NST,1.0,Post,8,Left,4.0,6.0,5.06,IDC,Positive,1.0,1,ER+/HER2- High Prolif,30.0,2.0,0,92.39912278295132,0
45.21,Mastectomy,Breast Cancer,Breast Invasive Ductal Carcinoma,High,0.0,Her2,3.0,Positive,Positive,3.0,Neutral,Negative,Ductal/NST,1.0,Pre,1,Right,0.0,4.0,4.06,IDC,Positive,0.0,1,ER+/HER2- High Prolif,30.0,2.0,0,106.79072370906862,0
44.4,Mastectomy,Breast Cancer,Breast Invasive Ductal Carcinoma,Moderate,0.0,Basal,3.0,Negative,Negative,3.0,Neutral,Negative,Ductal/NST,0.0,Pre,10,Left,0.0,6.0,4.02,IDC,Negative,1.0,1,ER+/HER2- High Prolif,10.0,1.0,1,41.249883136304014,1
71.66,Mastectomy,Breast Cancer,Breast Invasive Ductal Carcinoma,High,0.0,Basal,3.0,Negative,Negative,3.0,Neutral,Negative,Ductal/NST,0.0,Post,9,Left,0.0,9.0,4.04,IDC,Negative,0.0,1,ER-/HER2-,20.0,2.0,0,66.4188383296175,0
44.89,Breast Conserving,Breast Cancer,Breast Invasive Ductal Carcinoma,Moderate,1.0,claudin-low,3.0,Negative,Negative,3.0,Neutral,Negative,Ductal/NST,0.0,Pre,4ER-,Right,3.0,4.0,5.05,IDC,Negative,1.0,1,ER+/HER2- High Prolif,25.0,2.0,0,105.66167415012168,0
68.16,Mastectomy,Breast Cancer,Breast Invasive Ductal Carcinoma,Moderate,0.0,Basal,3.0,Negative,Negative,3.0,Neutral,Negative,Ductal/NST,0.0,Post,10,Left,0.0,8.0,4.064,IDC,Negative,0.0,1,ER+/HER2- High Prolif,32.0,2.0,1,59.4089134362087,1
56.11,Breast Conserving,Breast Cancer,Breast Invasive Ductal Carcinoma,High,0.0,LumA,3.0,Positive,Positive,2.0,Neutral,Negative,Ductal/NST,0.0,Post,8,Left,0.0,13.0,3.04,IDC,Positive,1.0,1,ER+/HER2- High Prolif,20.0,1.0,0,92.47599472056662,0
69.01,Mastectomy,Breast Cancer,Breast Invasive Ductal Carcinoma,High,0.0,LumA,3.0,Positive,Positive,2.0,Gain,Negative,Ductal/NST,0.0,Post,7,Left,0.0,10.0,3.02,IDC,Positive,1.0,1,ER+/HER2- High Prolif,10.0,1.0,0,117.77952023153968,0
70.84,Mastectomy,Breast Cancer,Breast Invasive Ductal Carcinoma,Moderate,0.0,Basal,3.0,Positive,Positive,3.0,Neutral,Negative,Ductal/NST,1.0,Post,7,Left,1.0,9.0,5.09,IDC,Positive,1.0,1,ER+/HER2- High Prolif,45.0,2.0,0,80.51232996232116,0
74.84,Mastectomy,Breast Cancer,Breast Invasive Ductal Carcinoma,Moderate,0.0,Her2,3.0,Positive,Positive,3.0,Neutral,Negative,Ductal/NST,1.0,Post,9,Right,1.0,1.0,5.05,IDC,Negative,1.0,1,ER+/HER2- High Prolif,25.0,2.0,0,97.95731358803688,0
47.29,Mastectomy,Breast Cancer,Breast Invasive Ductal Carcinoma,High,0.0,LumA,3.0,Positive,Positive,2.0,Neutral,Negative,Ductal/NST,0.0,Pre,8,Right,0.0,4.0,3.03,IDC,Positive,0.0,1,ER+/HER2- High Prolif,15.0,1.0,0,115.92168633060105,0
66.23,Mastectomy,Breast Cancer,Breast Mixed Ductal and Lobular Carcinoma,High,0.0,Normal,3.0,Positive,Positive,3.0,Neutral,Negative,Mixed,1.0,Post,3,Left,0.0,7.0,4.11,MDLC,Positive,1.0,1,ER+/HER2- High Prolif,55.0,2.0,1,20.473289184964724,1
61.21,Breast Conserving,Breast Cancer,Breast Invasive Ductal Carcinoma,Low,0.0,LumA,3.0,Positive,Positive,1.0,Neutral,Negative,Ductal/NST,1.0,Post,3,Left,0.0,6.0,2.03,IDC,Negative,1.0,1,ER+/HER2- Low Prolif,15.0,1.0,0,66.15058367944076,0
50.42,Breast Conserving,Breast Cancer,Breast Invasive Ductal Carcinoma,Moderate,1.0,Her2,3.0,Negative,Negative,3.0,Gain,Positive,Medullary,0.0,Post,4ER-,Left,1.0,2.0,5.002,IDC,Negative,1.0,1,ER+/HER2- High Prolif,1.0,2.0,0,116.23370923418707,0
51.25,Breast Conserving,Breast Cancer,Breast Mixed Ductal and Lobular Carcinoma,High,0.0,LumA,3.0,Positive,Positive,1.0,Neutral,Negative,Mixed,1.0,Post,8,Left,0.0,7.0,2.06,MDLC,Positive,1.0,1,ER+/HER2- High Prolif,30.0,2.0,0,101.2731433380488,0
74.67,Mastectomy,Breast Cancer,Breast Invasive Ductal Carcinoma,High,0.0,LumA,3.0,Positive,Positive,3.0,Neutral,Negative,Ductal/NST,1.0,Post,7,Right,7.0,5.0,6.0360000000000005,IDC,Positive,1.0,1,ER+/HER2- High Prolif,18.0,2.0,0,64.07022354631032,0
72.74,Breast Conserving,Breast Cancer,Breast Invasive Ductal Carcinoma,High,0.0,LumA,3.0,Positive,Positive,2.0,Neutral,Negative,Ductal/NST,1.0,Post,7,Left,1.0,6.0,4.09,IDC,Positive,1.0,1,ER+/HER2- High Prolif,45.0,2.0,0,78.05781401680898,0
71.93,Breast Conserving,Breast Cancer,Breast Invasive Ductal Carcinoma,High,0.0,LumB,3.0,Positive,Positive,3.0,Neutral,Negative,Ductal/NST,0.0,Post,9,Right,0.0,5.0,4.05,IDC,Positive,1.0,1,ER+/HER2- High Prolif,25.0,2.0,1,14.73788028886941,1
48.44,Breast Conserving,Breast Cancer,Breast Invasive Ductal Carcinoma,Moderate,0.0,LumA,3.0,Positive,Positive,2.0,Neutral,Negative,Ductal/NST,0.0,Pre,8,Right,0.0,3.0,3.03,IDC,Positive,1.0,1,ER+/HER2- High Prolif,15.0,1.0,0,102.4903253187169,0
67.92,Breast Conserving,Breast Cancer,Breast Invasive Ductal Carcinoma,Moderate,0.0,LumB,3.0,Positive,Positive,2.0,Neutral,Negative,Ductal/NST,1.0,Post,8,Right,6.0,3.0,5.05,IDC,Positive,1.0,1,ER+/HER2- High Prolif,25.0,2.0,1,115.96602878521591,1
63.83,Mastectomy,Breast Cancer,Breast Invasive Ductal Carcinoma,High,0.0,LumA,3.0,Positive,Positive,3.0,Neutral,Negative,Ductal/NST,1.0,Post,8,Right,3.0,8.0,5.08,IDC,Positive,1.0,1,ER+/HER2- Low Prolif,40.0,2.0,0,64.0410360881263,0
39.14,Mastectomy,Breast Cancer,Breast Invasive Ductal Carcinoma,Low,1.0,Basal,3.0,Negative,Negative,3.0,Gain,Positive,Ductal/NST,0.0,Pre,5,Right,2.0,8.0,5.06,IDC,Negative,0.0,1,ER+/HER2- High Prolif,30.0,2.0,1,102.28585301531822,1
58.38,Breast Conserving,Breast Cancer,Breast Invasive Ductal Carcinoma,Moderate,0.0,LumB,3.0,Positive,Positive,3.0,Neutral,Negative,Ductal/NST,1.0,Post,1,Right,2.0,7.0,5.04,IDC,Positive,1.0,1,ER+/HER2- High Prolif,20.0,2.0,0,94.9302276105764,0
42.79,Breast Conserving,Breast Cancer,Breast Invasive Ductal Carcinoma,Moderate,0.0,Normal,3.0,Positive,Positive,2.0,Neutral,Negative,Ductal/NST,0.0,Pre,8,Left,0.0,10.0,3.03,IDC,Positive,1.0,1,ER+/HER2- High Prolif,15.0,1.0,0,80.7529834171774,0
55.42,Breast Conserving,Breast Cancer,Breast Invasive Ductal Carcinoma,Moderate,0.0,LumA,3.0,Positive,Positive,2.0,Neutral,Negative,Ductal/NST,0.0,Post,8,Left,0.0,9.0,3.03,IDC,Negative,1.0,1,ER+/HER2- High Prolif,15.0,1.0,0,97.25493106604863,0
71.47,Breast Conserving,Breast Cancer,Breast Invasive Ductal Carcinoma,High,0.0,LumA,3.0,Positive,Positive,2.0,Neutral,Negative,Ductal/NST,0.0,Post,8,Left,0.0,5.0,3.04,IDC,Positive,1.0,1,ER+/HER2- Low Prolif,20.0,1.0,1,87.16521425811938,1
40.05,Breast Conserving,Breast Cancer,Breast Mixed Ductal and Lobular Carcinoma,High,0.0,LumB,3.0,Positive,Positive,2.0,Gain,Negative,Mixed,0.0,Pre,1,Right,0.0,4.0,3.0239999999999996,MDLC,Positive,1.0,1,ER+/HER2- High Prolif,12.0,1.0,0,62.74452202875077,0
39.51,Mastectomy,Breast Cancer,Breast Invasive Ductal Carcinoma,Low,1.0,Basal,3.0,Negative,Negative,3.0,Neutral,Negative,Ductal/NST,0.0,Pre,10,Right,6.0,5.0,6.106,IDC,Negative,0.0,1,ER-/HER2-,53.0,3.0,0,112.29220836914257,0
40.83,Mastectomy,Breast Cancer,Breast Invasive Ductal Carcinoma,High,1.0,claudin-low,3.0,Negative,Negative,3.0,Neutral,Negative,Ductal/NST,0.0,Pre,10,Right,2.0,4.0,5.1,IDC,Negative,1.0,1,ER-/HER2-,50.0,2.0,0,118.40933815064382,0
61.88,Breast Conserving,Breast Cancer,Breast Mixed Ductal and Lobular Carcinoma,High,0.0,LumA,3.0,Positive,Positive,2.0,Neutral,Negative,Mixed,1.0,Post,3,Left,4.0,5.0,5.02,MDLC,Negative,1.0,1,ER+/HER2- High Prolif,10.0,2.0,0,118.13267131714149,0
64.61,Breast Conserving,Breast Cancer,Breast Invasive Ductal Carcinoma,High,0.0,Her2,3.0,Positive,Positive,3.0,Gain,Positive,Ductal/NST,0.0,Post,1,Left,0.0,5.0,4.03,IDC,Negative,1.0,1,ER+/HER2- High Prolif,15.0,1.0,0,104.97910990457548,0
55.65,Mastectomy,Breast Cancer,Breast Mixed Ductal and Lobular Carcinoma,Moderate,0.0,LumA,3.0,Positive,Positive,3.0,Neutral,Negative,Mixed,1.0,Post,3,Left,9.0,8.0,6.04,MDLC,Positive,1.0,1,ER+/HER2- High Prolif,20.0,2.0,0,67.80517440783792,0
67.48,Mastectomy,Breast Cancer,Breast Invasive Ductal Carcinoma,Moderate,0.0,LumB,3.0,Positive,Positive,3.0,Gain,Negative,Ductal/NST,0.0,Post,8,Right,0.0,7.0,3.07,IDC,Positive,0.0,1,ER+/HER2- High Prolif,35.0,2.0,1,56.16691799674115,1
67.03,Breast Conserving,Breast Cancer,Breast Mixed Ductal and Lobular Carcinoma,Moderate,0.0,LumA,3.0,Positive,Positive,3.0,Neutral,Negative,Mixed,1.0,Post,4ER+,Right,2.0,4.0,5.05,MDLC,Positive,1.0,1,ER+/HER2- Low Prolif,25.0,2.0,0,105.49579175574135,0
66.37,Mastectomy,Breast Cancer,Breast Mixed Ductal and Lobular Carcinoma,Moderate,0.0,LumA,3.0,Positive,Positive,3.0,Neutral,Negative,Mixed,1.0,Post,3,Left,2.0,6.0,5.03,MDLC,Positive,1.0,1,ER+/HER2- High Prolif,15.0,2.0,1,30.715786567651342,1
71.17,Breast Conserving,Breast Cancer,Breast Invasive Ductal Carcinoma,High,0.0,LumB,3.0,Positive,Positive,3.0,Loss,Negative,Ductal/NST,0.0,Post,9,Left,0.0,3.0,4.06,IDC,Positive,1.0,1,ER+/HER2- High Prolif,30.0,2.0,1,28.895200608477293,1
61.59,Breast Conserving,Breast Cancer,Breast Invasive Ductal Carcinoma,Moderate,0.0,Her2,3.0,Negative,Negative,3.0,Gain,Negative,Ductal/NST,0.0,Post,7,Right,0.0,6.0,4.05,IDC,Negative,1.0,1,ER+/HER2- High Prolif,25.0,2.0,0,61.47521498752809,0
64.93,Mastectomy,Breast Cancer,Breast Invasive Ductal Carcinoma,Moderate,0.0,LumA,3.0,Positive,Positive,3.0,Neutral,Negative,Ductal/NST,1.0,Post,3,Left,2.0,6.0,5.03,IDC,Positive,1.0,1,ER+/HER2- Low Prolif,15.0,2.0,0,61.327413091739835,0
66.27,Breast Conserving,Breast Cancer,Breast Invasive Ductal Carcinoma,High,0.0,LumB,3.0,Positive,Positive,3.0,Neutral,Negative,Ductal/NST,1.0,Post,6,Left,1.0,6.0,5.07,IDC,Positive,1.0,1,ER+/HER2- High Prolif,35.0,2.0,0,79.41661314897247,0
78.21,Mastectomy,Breast Cancer,Breast Invasive Ductal Carcinoma,Low,0.0,Her2,3.0,Negative,Negative,3.0,Gain,Positive,Ductal/NST,0.0,Post,5,Left,0.0,6.0,4.03,IDC,Negative,0.0,1,HER2+,15.0,1.0,1,39.0262330017763,1
59.13,Mastectomy,Breast Cancer,Breast Invasive Ductal Carcinoma,High,0.0,LumB,3.0,Positive,Positive,2.0,Gain,Positive,Ductal/NST,1.0,Post,5,Left,1.0,5.0,4.046,IDC,Negative,0.0,1,HER2+,23.0,2.0,1,71.316479788261,1
75.19,Mastectomy,Breast Cancer,Breast Invasive Ductal Carcinoma,High,0.0,LumB,3.0,Positive,Positive,3.0,Gain,Negative,Ductal/NST,0.0,Post,1,Left,0.0,1.0,4.04,IDC,Positive,0.0,1,ER+/HER2- High Prolif,20.0,1.0,0,89.31859142427994,0
61.67,Breast Conserving,Breast Cancer,Breast Invasive Ductal Carcinoma,High,0.0,LumB,3.0,Positive,Positive,2.0,Neutral,Negative,Ductal/NST,0.0,Post,3,Right,0.0,15.0,3.05,IDC,Negative,1.0,1,ER+/HER2- High Prolif,25.0,2.0,1,89.17635965160673,1
69.96,Breast Conserving,Breast Cancer,Breast Invasive Ductal Carcinoma,High,0.0,LumB,3.0,Positive,Positive,2.0,Neutral,Negative,Ductal/NST,0.0,Post,6,Left,0.0,4.0,3.07,IDC,Negative,1.0,1,ER+/HER2- High Prolif,35.0,2.0,1,83.30131668551498,1
44.5,Mastectomy,Breast Cancer,Breast Invasive Ductal Carcinoma,Low,0.0,Normal,3.0,Positive,Positive,3.0,Gain,Negative,Ductal/NST,0.0,Pre,3,Left,0.0,7.0,4.062,IDC,Positive,0.0,1,ER+/HER2- Low Prolif,31.0,2.0,1,42.23286087016183,1
80.82,Breast Conserving,Breast Cancer,Breast Invasive Ductal Carcinoma,High,0.0,LumB,3.0,Positive,Positive,3.0,Neutral,Negative,Ductal/NST,1.0,Post,8,Right,0.0,8.0,4.04,IDC,Positive,1.0,1,ER+/HER2- High Prolif,20.0,1.0,1,115.12545031162496,1
64.01,Mastectomy,Breast Cancer,Breast Invasive Ductal Carcinoma,Moderate,0.0,LumA,3.0,Positive,Positive,3.0,Neutral,Negative,Ductal/NST,1.0,Post,3,Right,1.0,6.0,5.032,IDC,Positive,0.0,1,ER+/HER2- High Prolif,16.0,2.0,1,91.692867003143,1
37.53,Breast Conserving,Breast Cancer,Breast Invasive Ductal Carcinoma,High,1.0,Basal,3.0,Negative,Negative,3.0,Neutral,Negative,Ductal/NST,0.0,Pre,9,Right,14.0,9.0,6.056,IDC,Negative,1.0,1,ER+/HER2- High Prolif,28.0,2.0,1,71.87023767123128,1
81.11,Mastectomy,Breast Cancer,Breast Invasive Ductal Carcinoma,Moderate,0.0,LumA,3.0,Positive,Positive,2.0,Neutral,Negative,Ductal/NST,0.0,Post,7,Right,0.0,9.0,3.05,IDC,Positive,0.0,1,ER+/HER2- Low Prolif,25.0,2.0,0,106.22444506846759,0
61.97,Mastectomy,Breast Cancer,Breast Invasive Ductal Carcinoma,Moderate,0.0,Basal,3.0,Negative,Negative,3.0,Gain,Positive,Ductal/NST,0.0,Post,10,Left,0.0,5.0,4.08,IDC,Negative,1.0,1,HER2+,40.0,2.0,0,100.99772259639032,0
54.27,Mastectomy,Breast Cancer,Breast Invasive Ductal Carcinoma,High,0.0,LumA,3.0,Positive,Positive,3.0,Neutral,Negative,Ductal/NST,0.0,Post,4ER+,Right,0.0,3.0,4.0360000000000005,IDC,Positive,0.0,1,ER+/HER2- Low Prolif,18.0,1.0,0,86.7541623826049,0
57.98,Mastectomy,Breast Cancer,Breast Invasive Ductal Carcinoma,Moderate,0.0,LumA,3.0,Positive,Positive,3.0,Loss,Negative,Ductal/NST,1.0,Post,7,Right,9.0,5.0,6.03,IDC,Negative,0.0,1,ER+/HER2- High Prolif,15.0,2.0,1,78.06584059331004,1
65.58,Breast Conserving,Breast Cancer,Breast Invasive Lobular Carcinoma,High,0.0,Her2,3.0,Negative,Negative,3.0,Neutral,Negative,Lobular,0.0,Post,4ER-,Left,0.0,40.0,4.04,ILC,Negative,1.0,1,ER-/HER2-,20.0,1.0,0,76.41759997689995,0
68.82,Breast Conserving,Breast Cancer,Breast Invasive Ductal Carcinoma,Low,0.0,LumB,3.0,Positive,Positive,3.0,Loss,Negative,Ductal/NST,1.0,Post,6,Right,0.0,6.0,4.04,IDC,Negative,1.0,1,ER+/HER2- High Prolif,20.0,1.0,1,57.31680674220131,1
61.0,Mastectomy,Breast Cancer,Breast Invasive Ductal Carcinoma,Moderate,0.0,LumA,3.0,Positive,Positive,2.0,Neutral,Negative,Ductal/NST,0.0,Post,7,Right,0.0,7.0,3.04,IDC,Positive,0.0,1,ER+/HER2- Low Prolif,20.0,1.0,1,38.754946866125,1
72.48,Breast Conserving,Breast Cancer,Breast Invasive Ductal Carcinoma,High,0.0,LumB,3.0,Positive,Positive,3.0,Neutral,Negative,Ductal/NST,0.0,Post,2,Left,0.0,2.0,4.06,IDC,Positive,1.0,1,ER+/HER2- High Prolif,30.0,2.0,1,50.44504929433625,1
58.78,Mastectomy,Breast Cancer,Breast Invasive Ductal Carcinoma,Moderate,0.0,LumA,3.0,Positive,Positive,3.0,Gain,Negative,Ductal/NST,0.0,Post,7,Left,0.0,7.0,4.05,IDC,Positive,0.0,1,ER+/HER2- High Prolif,25.0,2.0,0,119.82747000946267,0
63.27,Mastectomy,Breast Cancer,Breast Invasive Ductal Carcinoma,Moderate,0.0,LumB,3.0,Positive,Positive,2.0,Gain,Negative,Ductal/NST,1.0,Post,9,Right,2.0,1.0,4.04,IDC,Negative,0.0,1,ER+/HER2- High Prolif,20.0,3.0,1,93.84737993015186,1
75.26,Mastectomy,Breast Cancer,Breast Invasive Ductal Carcinoma,High,0.0,LumA,3.0,Positive,Positive,2.0,Loss,Negative,Ductal/NST,1.0,Post,7,Right,3.0,9.0,4.08,IDC,Positive,0.0,1,ER+/HER2- Low Prolif,40.0,2.0,1,13.554496772013634,1
59.23,Breast Conserving,Breast Cancer,Breast Invasive Ductal Carcinoma,Moderate,0.0,LumA,3.0,Positive,Positive,3.0,Neutral,Negative,Ductal/NST,0.0,Post,8,Left,0.0,7.0,4.0360000000000005,IDC,Positive,1.0,1,ER+/HER2- Low Prolif,18.0,1.0,0,85.57087813415838,0
64.11,Mastectomy,Breast Cancer,Breast Invasive Ductal Carcinoma,Low,0.0,Basal,3.0,Negative,Negative,3.0,Neutral,Negative,Ductal/NST,0.0,Post,10,Left,0.0,4.0,4.03,IDC,Negative,0.0,1,ER-/HER2-,15.0,1.0,0,87.08322145978053,0
60.66,Mastectomy,Breast Cancer,Breast Invasive Ductal Carcinoma,Moderate,0.0,LumA,3.0,Positive,Positive,3.0,Loss,Negative,Ductal/NST,0.0,Post,3,Left,0.0,8.0,1.034,IDC,Negative,0.0,1,ER+/HER2- Low Prolif,17.0,1.0,0,69.81742927150015,0
65.5,Mastectomy,Breast Cancer,Breast Invasive Ductal Carcinoma,Moderate,0.0,LumA,3.0,Positive,Positive,3.0,Neutral,Negative,Ductal/NST,0.0,Post,9,Left,0.0,2.0,4.04,IDC,Positive,0.0,1,ER+/HER2- High Prolif,20.0,2.0,0,107.68857292499577,0
73.6,Mastectomy,Breast Cancer,Breast Invasive Ductal Carcinoma,High,0.0,LumB,3.0,Positive,Positive,3.0,Neutral,Negative,Ductal/NST,1.0,Post,6,Right,8.0,2.0,6.1,IDC,Negative,1.0,1,ER+/HER2- High Prolif,50.0,2.0,1,24.535845174746953,1
53.03,Mastectomy,Breast Cancer,Breast Invasive Ductal Carcinoma,Moderate,0.0,LumA,3.0,Positive,Positive,3.0,Neutral,Negative,Ductal/NST,1.0,Post,3,Left,3.0,2.0,5.07,IDC,Negative,1.0,1,ER+/HER2- Low Prolif,35.0,2.0,1,16.968285338349297,1
81.98,Mastectomy,Breast Cancer,Breast Invasive Ductal Carcinoma,Moderate,0.0,LumA,3.0,Positive,Positive,3.0,Neutral,Negative,Ductal/NST,1.0,Post,4ER+,Right,1.0,4.0,5.04,IDC,Negative,0.0,1,ER+/HER2- High Prolif,20.0,2.0,1,16.398710650448773,1
71.17,Mastectomy,Breast Cancer,Breast Invasive Ductal Carcinoma,High,0.0,LumB,3.0,Positive,Positive,2.0,Gain,Positive,Ductal/NST,1.0,Post,5,Left,9.0,7.0,5.09,IDC,Positive,1.0,1,HER2+,45.0,3.0,1,104.38974307318878,1
49.76,Mastectomy,Breast Cancer,Breast Invasive Ductal Carcinoma,Moderate,0.0,LumA,3.0,Positive,Positive,3.0,Neutral,Negative,Ductal/NST,0.0,Pre,7,Left,0.0,16.0,4.02,IDC,Negative,0.0,1,ER+/HER2- Low Prolif,10.0,1.0,0,101.62093354688932,0
58.49,Mastectomy,Breast Cancer,Breast Invasive Ductal Carcinoma,High,0.0,LumA,3.0,Positive,Positive,1.0,Neutral,Negative,Ductal/NST,0.0,Post,8,Left,0.0,6.0,2.05,IDC,Positive,0.0,1,ER+/HER2- Low Prolif,25.0,2.0,1,87.99504881304256,1
76.06,Breast Conserving,Breast Cancer,Breast Invasive Ductal Carcinoma,High,0.0,Basal,3.0,Positive,Positive,3.0,Neutral,Negative,Ductal/NST,0.0,Post,10,Right,0.0,5.0,4.04,IDC,Negative,1.0,1,ER-/HER2-,20.0,1.0,0,73.24617676732562,0
61.12,Mastectomy,Breast Cancer,Breast Invasive Lobular Carcinoma,Low,0.0,Normal,3.0,Positive,Positive,2.0,Neutral,Negative,Lobular,1.0,Post,4ER+,Left,2.0,6.0,4.1,ILC,Negative,0.0,1,ER+/HER2- Low Prolif,50.0,2.0,1,63.210773541431124,1
49.98,Mastectomy,Breast Cancer,Breast Invasive Ductal Carcinoma,Low,0.0,claudin-low,3.0,Negative,Negative,3.0,Loss,Negative,Ductal/NST,0.0,Pre,10,Left,0.0,8.0,4.09,IDC,Negative,0.0,1,ER-/HER2-,45.0,2.0,0,64.94286273695056,0
79.01,Mastectomy,Breast Cancer,Breast Invasive Lobular Carcinoma,High,0.0,NC,3.0,Positive,Positive,3.0,Neutral,Negative,Lobular,0.0,Post,3,Left,0.0,12.0,1.06,ILC,Negative,0.0,1,ER+/HER2- Low Prolif,30.0,2.0,1,22.56608935030816,1
59.18,Mastectomy,Breast Cancer,Breast Invasive Lobular Carcinoma,High,0.0,LumA,3.0,Positive,Positive,3.0,Neutral,Negative,Lobular,1.0,Post,3,Left,1.0,6.0,5.04,ILC,Positive,0.0,1,ER+/HER2- Low Prolif,20.0,2.0,0,100.82995812448279,0
47.62,Breast Conserving,Breast Cancer,Breast Invasive Ductal Carcinoma,High,0.0,LumA,3.0,Positive,Positive,3.0,Neutral,Negative,Ductal/NST,0.0,Pre,8,Left,0.0,8.0,4.05,IDC,Positive,1.0,1,ER+/HER2- Low Prolif,25.0,2.0,0,99.27067285686812,0
52.13,Mastectomy,Breast Cancer,Breast Invasive Ductal Carcinoma,High,0.0,LumB,3.0,Positive,Positive,3.0,Neutral,Negative,Ductal/NST,1.0,Post,9,Right,0.0,6.0,4.07,IDC,Negative,0.0,1,ER+/HER2- High Prolif,35.0,2.0,0,76.39557161989256,0
67.79,Mastectomy,Breast Cancer,Breast Mixed Ductal and Lobular Carcinoma,Moderate,0.0,LumA,3.0,Positive,Positive,3.0,Gain,Negative,Mixed,0.0,Post,4ER+,Right,0.0,3.0,4.098,MDLC,Negative,0.0,1,ER+/HER2- Low Prolif,49.0,2.0,1,65.09451451261789,1
63.58,Mastectomy,Breast Cancer,Breast Invasive Ductal Carcinoma,Low,0.0,LumA,3.0,Positive,Positive,2.0,Neutral,Negative,Ductal/NST,0.0,Post,3,Left,0.0,4.0,3.054,IDC,Positive,0.0,1,ER+/HER2- Low Prolif,27.0,2.0,0,117.05181373502462,0
75.48,Breast Conserving,Breast Cancer,Breast Invasive Ductal Carcinoma,High,0.0,LumA,3.0,Positive,Positive,3.0,Neutral,Negative,Ductal/NST,0.0,Post,3,Left,0.0,3.0,4.03,IDC,Positive,1.0,1,ER+/HER2- Low Prolif,15.0,1.0,1,63.13495124430109,1
59.85,Breast Conserving,Breast Cancer,Breast Invasive Ductal Carcinoma,Moderate,0.0,Basal,3.0,Negative,Negative,3.0,Neutral,Negative,Ductal/NST,0.0,Post,10,Right,0.0,12.0,4.053999999999999,IDC,Negative,1.0,1,ER-/HER2-,27.0,2.0,0,69.06347350685401,0
63.03,Mastectomy,Breast Cancer,Breast Invasive Lobular Carcinoma,Moderate,0.0,LumA,3.0,Positive,Positive,3.0,Neutral,Negative,Lobular,0.0,Post,3,Right,0.0,11.0,4.0360000000000005,ILC,Negative,0.0,1,ER+/HER2- Low Prolif,18.0,1.0,0,85.94008806255611,0
49.02,Breast Conserving,Breast Cancer,Breast Invasive Ductal Carcinoma,Moderate,0.0,LumA,3.0,Positive,Positive,2.0,Neutral,Negative,Ductal/NST,0.0,Pre,8,Left,0.0,4.0,3.04,IDC,Positive,1.0,1,ER+/HER2- Low Prolif,20.0,1.0,0,116.61695521005593,0
56.07,Mastectomy,Breast Cancer,Breast Invasive Ductal Carcinoma,Low,1.0,claudin-low,3.0,Negative,Negative,3.0,Gain,Positive,Ductal/NST,0.0,Post,5,Left,11.0,4.0,6.1979999999999995,IDC,Negative,1.0,1,ER-/HER2-,99.0,3.0,1,30.70580195028164,1
46.59,Mastectomy,Breast Cancer,Breast Invasive Ductal Carcinoma,High,0.0,Normal,3.0,Negative,Positive,3.0,Neutral,Negative,Ductal/NST,0.0,Pre,9,Right,0.0,4.0,4.1,IDC,Negative,0.0,1,ER+/HER2- High Prolif,50.0,2.0,0,85.18363901556734,0
64.68,Mastectomy,Breast Cancer,Breast Invasive Ductal Carcinoma,High,1.0,Basal,3.0,Negative,Negative,3.0,Neutral,Negative,Medullary,1.0,Post,10,Right,11.0,7.0,6.002000000000001,IDC,Negative,1.0,1,ER-/HER2-,1.0,2.0,1,58.855978117701085,1
67.8,Mastectomy,Breast Cancer,Breast Invasive Ductal Carcinoma,High,1.0,Basal,3.0,Negative,Negative,3.0,Neutral,Negative,Ductal/NST,0.0,Post,8,Right,1.0,7.0,5.09,IDC,Negative,0.0,1,ER-/HER2-,45.0,2.0,1,55.038511314916335,1
52.98,Breast Conserving,Breast Cancer,Breast Invasive Lobular Carcinoma,High,0.0,LumA,3.0,Positive,Positive,3.0,Neutral,Negative,Lobular,0.0,Post,3,Left,0.0,7.0,4.056,ILC,Positive,1.0,1,ER+/HER2- Low Prolif,28.0,2.0,1,78.51181058963938,1
43.51,Mastectomy,Breast Cancer,Breast Invasive Ductal Carcinoma,High,0.0,Basal,3.0,Negative,Negative,3.0,Loss,Negative,Ductal/NST,0.0,Pre,10,Right,0.0,3.0,4.05,IDC,Negative,0.0,1,ER-/HER2-,25.0,2.0,1,80.59011429370553,1
44.27,Mastectomy,Breast Cancer,Breast Invasive Lobular Carcinoma,Moderate,0.0,Normal,3.0,Positive,Positive,1.0,Neutral,Negative,Lobular,1.0,Pre,4ER+,Right,0.0,4.0,2.198,ILC,Positive,1.0,1,ER+/HER2- Low Prolif,99.0,2.0,0,98.31155685984513,0
67.27,Mastectomy,Breast Cancer,Breast Invasive Ductal Carcinoma,High,0.0,LumA,3.0,Positive,Positive,2.0,Neutral,Negative,Ductal/NST,1.0,Post,8,Right,4.0,9.0,5.044,IDC,Positive,0.0,1,ER+/HER2- Low Prolif,22.0,2.0,1,16.89283305538081,1
66.39,Mastectomy,Breast Cancer,Breast Invasive Lobular Carcinoma,Moderate,0.0,LumA,3.0,Positive,Positive,1.0,Neutral,Negative,Lobular,1.0,Post,8,Left,5.0,7.0,4.12,ILC,Negative,1.0,1,ER+/HER2- Low Prolif,60.0,3.0,1,52.458162379658894,1
64.76,Mastectomy,Breast Cancer,Breast Invasive Ductal Carcinoma,Moderate,0.0,LumB,3.0,Positive,Positive,3.0,Gain,Negative,Ductal/NST,0.0,Post,1,Left,0.0,4.0,4.03,IDC,Negative,1.0,1,ER+/HER2- High Prolif,15.0,1.0,0,83.85566387776765,0
60.44,Breast Conserving,Breast Cancer,Breast Invasive Ductal Carcinoma,High,0.0,Her2,3.0,Negative,Negative,3.0,Gain,Positive,Ductal/NST,0.0,Post,4ER-,Left,0.0,6.0,4.04,IDC,Negative,1.0,1,HER2+,20.0,1.0,0,76.4529121409202,0
65.83,Mastectomy,Breast Cancer,Breast Invasive Ductal Carcinoma,Moderate,0.0,Her2,3.0,Positive,Positive,3.0,Gain,Positive,Ductal/NST,1.0,Post,5,Left,1.0,7.0,5.052,IDC,Positive,0.0,1,HER2+,26.0,2.0,1,79.59287089713753,1
75.41,Breast Conserving,Breast Cancer,Breast Invasive Ductal Carcinoma,Moderate,0.0,LumA,3.0,Positive,Positive,3.0,Gain,Positive,Ductal/NST,1.0,Post,5,Right,1.0,6.0,5.05,IDC,Negative,1.0,1,HER2+,25.0,2.0,1,66.33871592664947,1
51.29,Mastectomy,Breast Cancer,Breast Mixed Ductal and Lobular Carcinoma,High,0.0,LumA,3.0,Positive,Positive,3.0,Neutral,Negative,Mixed,0.0,Post,8,Right,0.0,10.0,4.136,MDLC,Positive,0.0,1,ER+/HER2- Low Prolif,68.0,2.0,0,119.0386588775897,0
49.43,Mastectomy,Breast Cancer,Breast Invasive Ductal Carcinoma,High,1.0,Her2,3.0,Negative,Negative,3.0,Gain,Positive,Ductal/NST,0.0,Pre,5,Left,1.0,5.0,5.12,IDC,Negative,0.0,1,HER2+,60.0,2.0,1,104.50090284833881,1
26.72,Breast Conserving,Breast Cancer,Breast Invasive Ductal Carcinoma,High,1.0,Basal,3.0,Negative,Negative,3.0,Neutral,Negative,Ductal/NST,0.0,Pre,10,Left,3.0,3.0,5.09,IDC,Negative,1.0,1,ER-/HER2-,45.0,2.0,0,84.56004037890258,0
56.27,Breast Conserving,Breast Cancer,Breast Invasive Ductal Carcinoma,Moderate,1.0,claudin-low,3.0,Negative,Negative,3.0,Neutral,Negative,Ductal/NST,1.0,Post,4ER-,Left,4.0,6.0,6.0360000000000005,IDC,Negative,1.0,1,ER-/HER2-,18.0,2.0,1,83.13891221484606,1
54.18,Mastectomy,Breast Cancer,Breast Invasive Ductal Carcinoma,Moderate,0.0,LumA,3.0,Positive,Positive,2.0,Neutral,Negative,Ductal/NST,0.0,Post,8,Left,0.0,3.0,3.08,IDC,Positive,0.0,1,ER+/HER2- Low Prolif,40.0,2.0,0,113.64595222074807,0
52.29,Mastectomy,Breast Cancer,Breast Invasive Ductal Carcinoma,Moderate,0.0,LumB,3.0,Positive,Positive,3.0,Loss,Negative,Ductal/NST,1.0,Post,1,Left,1.0,6.0,5.092,IDC,Negative,0.0,1,ER+/HER2- High Prolif,46.0,2.0,0,73.79727635346516,0
42.27,Mastectomy,Breast Cancer,Breast Mixed Ductal and Lobular Carcinoma,Low,0.0,Normal,3.0,Positive,Positive,2.0,Neutral,Negative,Mixed,0.0,Pre,3,Left,0.0,5.0,3.04,MDLC,Positive,0.0,1,ER+/HER2- Low Prolif,20.0,1.0,0,72.78628224150499,0
56.08,Breast Conserving,Breast Cancer,Breast Mixed Ductal and Lobular Carcinoma,High,0.0,LumA,3.0,Positive,Positive,2.0,Neutral,Negative,Mixed,0.0,Post,3,Right,0.0,9.0,3.03,MDLC,Positive,1.0,1,ER+/HER2- Low Prolif,15.0,1.0,0,61.86804497307068,0
53.02,Mastectomy,Breast Cancer,Breast Invasive Lobular Carcinoma,High,0.0,LumB,3.0,Positive,Positive,2.0,Neutral,Negative,Lobular,1.0,Post,8,Left,1.0,6.0,4.04,ILC,Negative,0.0,1,ER+/HER2- Low Prolif,20.0,2.0,1,29.596918124794406,1
76.42,Mastectomy,Breast Cancer,Breast Mixed Ductal and Lobular Carcinoma,Moderate,0.0,LumA,3.0,Positive,Positive,3.0,Neutral,Negative,Mixed,1.0,Post,8,Left,5.0,6.0,3.07,MDLC,Positive,0.0,1,ER+/HER2- Low Prolif,35.0,2.0,1,19.621424719246424,1
52.61,Mastectomy,Breast Cancer,Breast Mixed Ductal and Lobular Carcinoma,Moderate,0.0,Normal,3.0,Positive,Positive,2.0,Neutral,Negative,Mixed,0.0,Post,4ER+,Left,0.0,7.0,3.03,MDLC,Negative,0.0,1,ER+/HER2- Low Prolif,15.0,1.0,0,99.10000952255311,0
64.21,Breast Conserving,Breast Cancer,Breast Invasive Ductal Carcinoma,High,0.0,LumB,3.0,Positive,Positive,3.0,Neutral,Negative,Ductal/NST,1.0,Post,8,Right,2.0,7.0,5.032,IDC,Positive,1.0,1,ER+/HER2- High Prolif,16.0,2.0,0,82.11158062342567,0
50.08,Breast Conserving,Breast Cancer,Breast Invasive Ductal Carcinoma,Moderate,1.0,Her2,3.0,Negative,Negative,3.0,Gain,Positive,Ductal/NST,0.0,Post,5,Right,1.0,15.0,5.074,IDC,Negative,1.0,1,HER2+,37.0,2.0,1,81.38128204628208,1
38.1,Mastectomy,Breast Cancer,Breast Invasive Ductal Carcinoma,Low,1.0,Normal,3.0,Negative,Positive,3.0,Neutral,Negative,Ductal/NST,0.0,Pre,3,Right,3.0,15.0,5.09,IDC,Positive,0.0,1,ER+/HER2- High Prolif,45.0,2.0,0,111.86149499037822,0
70.57,Mastectomy,Breast Cancer,Breast Mixed Ductal and Lobular Carcinoma,Moderate,0.0,LumA,3.0,Positive,Positive,3.0,Neutral,Negative,Mixed,0.0,Post,8,Left,0.0,14.0,4.044,MDLC,Positive,0.0,1,ER+/HER2- High Prolif,22.0,2.0,1,14.863221538495155,1
73.21,Mastectomy,Breast Cancer,Breast Invasive Ductal Carcinoma,Low,0.0,LumB,3.0,Positive,Positive,2.0,Neutral,Negative,Ductal/NST,1.0,Post,8,Right,1.0,6.0,4.05,IDC,Positive,0.0,1,ER+/HER2- High Prolif,25.0,2.0,1,75.26376277753404,1
63.7,Mastectomy,Breast Cancer,Breast Invasive Ductal Carcinoma,High,0.0,LumA,3.0,Positive,Positive,2.0,Neutral,Negative,Ductal/NST,1.0,Post,6,Right,1.0,3.0,4.12,IDC,Negative,0.0,1,ER+/HER2- Low Prolif,60.0,3.0,0,88.39259440149343,0
38.93,Mastectomy,Breast Cancer,Breast Invasive Ductal Carcinoma,High,1.0,Basal,3.0,Negative,Negative,3.0,Neutral,Negative,Ductal/NST,0.0,Pre,10,Left,3.0,7.0,5.02,IDC,Negative,0.0,1,ER-/HER2-,10.0,2.0,1,113.54486607389542,1
45.77,Breast Conserving,Breast Cancer,Breast Invasive Ductal Carcinoma,Moderate,0.0,Basal,3.0,Negative,Negative,3.0,Neutral,Negative,Ductal/NST,0.0,Pre,10,Right,0.0,7.0,4.02,IDC,Negative,1.0,1,ER-/HER2-,10.0,2.0,0,118.09160567488331,0
48.41,Mastectomy,Breast Cancer,Breast Invasive Ductal Carcinoma,Moderate,0.0,LumA,3.0,Positive,Positive,3.0,Neutral,Negative,Ductal/NST,1.0,Pre,4ER+,Right,1.0,4.0,2.03,IDC,Positive,0.0,1,ER+/HER2- Low Prolif,15.0,2.0,0,71.13153094218727,0
67.82,Breast Conserving,Breast Cancer,Breast Invasive Ductal Carcinoma,High,0.0,LumA,3.0,Positive,Positive,2.0,Neutral,Negative,Tubular/ cribriform,0.0,Post,7,Right,0.0,6.0,3.03,IDC,Positive,1.0,1,ER+/HER2- Low Prolif,15.0,1.0,0,112.11739007733665,0
57.95,Mastectomy,Breast Cancer,Breast Invasive Lobular Carcinoma,Moderate,0.0,LumA,3.0,Positive,Positive,3.0,Neutral,Negative,Lobular,1.0,Post,3,Left,0.0,4.0,4.1,ILC,Positive,1.0,1,ER+/HER2- Low Prolif,50.0,2.0,0,106.59581116750451,0
74.86,Mastectomy,Breast Cancer,Breast Invasive Ductal Carcinoma,High,0.0,LumB,3.0,Positive,Positive,3.0,Loss,Negative,Ductal/NST,1.0,Post,9,Left,1.0,4.0,5.08,IDC,Positive,0.0,1,ER+/HER2- High Prolif,40.0,2.0,1,74.15121121059492,1
65.86,Breast Conserving,Breast Cancer,Breast Invasive Ductal Carcinoma,High,0.0,Basal,3.0,Negative,Negative,3.0,Neutral,Negative,Ductal/NST,0.0,Post,1,Left,0.0,11.0,4.07,IDC,Negative,1.0,1,ER-/HER2-,35.0,2.0,1,53.92235203030437,1
70.22,Mastectomy,Breast Cancer,Breast Invasive Ductal Carcinoma,High,0.0,Her2,3.0,Negative,Negative,3.0,Gain,Positive,Ductal/NST,0.0,Post,10,Left,0.0,10.0,4.026,IDC,Negative,0.0,1,ER-/HER2-,13.0,1.0,0,106.25531067864313,0
47.86,Breast Conserving,Breast Cancer,Breast Invasive Ductal Carcinoma,Moderate,0.0,LumA,3.0,Positive,Positive,2.0,Neutral,Negative,Ductal/NST,0.0,Pre,8,Left,0.0,3.0,3.06,IDC,Positive,1.0,1,ER+/HER2- Low Prolif,30.0,2.0,0,110.68699368701326,0
78.62,Mastectomy,Breast Cancer,Breast Mixed Ductal and Lobular Carcinoma,Moderate,0.0,LumA,3.0,Positive,Positive,2.0,Neutral,Negative,Mixed,0.0,Post,4ER+,Left,0.0,11.0,3.05,MDLC,Positive,0.0,1,ER+/HER2- Low Prolif,25.0,2.0,0,105.66143945657993,0
43.85,Mastectomy,Breast Cancer,Breast Invasive Ductal Carcinoma,High,0.0,Normal,3.0,Positive,Positive,2.0,Neutral,Negative,Ductal/NST,0.0,Pre,4ER+,Right,0.0,4.0,5.0,IDC,Positive,0.0,1,ER-/HER2-,23.0,2.0,0,97.57321929788492,0
63.35,Mastectomy,Breast Cancer,Breast Invasive Ductal Carcinoma,Moderate,0.0,Normal,3.0,Positive,Positive,3.0,Neutral,Negative,Ductal/NST,1.0,Post,1,Right,0.0,4.0,4.04,IDC,Negative,0.0,1,ER+/HER2- Low Prolif,20.0,2.0,0,67.87469266094325,0
75.46,Breast Conserving,Breast Cancer,Breast Invasive Ductal Carcinoma,High,0.0,LumA,3.0,Positive,Positive,2.0,Loss,Negative,Ductal/NST,0.0,Post,8,Left,0.0,5.0,3.056,IDC,Positive,1.0,1,ER+/HER2- Low Prolif,28.0,2.0,0,61.95157076947511,0
68.85,Mastectomy,Breast Cancer,Breast Invasive Ductal Carcinoma,Moderate,0.0,LumA,3.0,Positive,Positive,2.0,Gain,Negative,Ductal/NST,0.0,Post,6,Right,0.0,8.0,3.06,IDC,Positive,0.0,1,ER+/HER2- High Prolif,30.0,2.0,1,81.47512759177414,1
43.73,Mastectomy,Breast Cancer,Breast Invasive Ductal Carcinoma,Moderate,0.0,LumA,3.0,Positive,Positive,2.0,Gain,Negative,Ductal/NST,0.0,Pre,7,Left,0.0,6.0,3.056,IDC,Negative,0.0,1,ER+/HER2- High Prolif,28.0,2.0,1,61.4913121730838,1
83.49,Mastectomy,Breast Cancer,Breast Invasive Ductal Carcinoma,Moderate,0.0,LumB,3.0,Positive,Positive,1.0,Neutral,Negative,Ductal/NST,0.0,Post,4ER+,Left,0.0,46.0,2.04,IDC,Negative,0.0,1,ER+/HER2- High Prolif,20.0,1.0,0,115.2508708689412,0
49.92,Breast Conserving,Breast Cancer,Breast Invasive Ductal Carcinoma,Low,1.0,Basal,3.0,Negative,Negative,3.0,Neutral,Negative,Ductal/NST,0.0,Pre,10,Right,2.0,6.0,5.04,IDC,Negative,1.0,1,ER-/HER2-,20.0,2.0,1,70.92661324612098,1
72.49,Breast Conserving,Breast Cancer,Breast Invasive Ductal Carcinoma,High,0.0,Basal,3.0,Negative,Negative,3.0,Neutral,Negative,Ductal/NST,0.0,Post,10,Left,0.0,7.0,4.1,IDC,Negative,1.0,1,ER+/HER2- High Prolif,50.0,2.0,1,113.67819934786472,1
89.0,Mastectomy,Breast Cancer,Breast Invasive Ductal Carcinoma,High,0.0,LumA,3.0,Positive,Positive,3.0,Neutral,Negative,Ductal/NST,1.0,Post,7,Left,3.0,5.0,2.07,IDC,Positive,0.0,1,ER+/HER2- High Prolif,35.0,2.0,1,53.69908488248362,1
53.18,Mastectomy,Breast Cancer,Breast Invasive Ductal Carcinoma,High,0.0,LumB,3.0,Positive,Positive,2.0,Gain,Positive,Ductal/NST,0.0,Post,5,Right,0.0,4.0,3.05,IDC,Negative,0.0,1,HER2+,25.0,2.0,0,96.99901887124429,0
81.06,Mastectomy,Breast Cancer,Breast Invasive Lobular Carcinoma,High,0.0,LumA,3.0,Positive,Positive,2.0,Gain,Negative,Lobular,1.0,Post,2,Right,0.0,2.0,3.04,ILC,Negative,1.0,1,ER+/HER2- High Prolif,20.0,1.0,1,115.80858089298273,1
44.51,Breast Conserving,Breast Cancer,Breast Invasive Lobular Carcinoma,High,0.0,Normal,3.0,Positive,Positive,2.0,Neutral,Negative,Lobular,0.0,Pre,3,Right,0.0,5.0,3.05,ILC,Positive,1.0,1,ER+/HER2- High Prolif,25.0,2.0,0,107.79223745857058,0
61.3,Mastectomy,Breast Cancer,Breast Invasive Ductal Carcinoma,Moderate,0.0,LumA,3.0,Positive,Positive,3.0,Gain,Negative,Ductal/NST,0.0,Post,6,Right,0.0,8.0,4.05,IDC,Positive,0.0,1,ER+/HER2- High Prolif,25.0,2.0,1,109.77786933125489,1
65.83,Mastectomy,Breast Cancer,Breast Invasive Ductal Carcinoma,Moderate,0.0,LumA,3.0,Positive,Positive,3.0,Neutral,Negative,Ductal/NST,1.0,Post,8,Left,7.0,12.0,6.07,IDC,Positive,1.0,1,ER+/HER2- High Prolif,35.0,2.0,0,88.891341090753,0
71.67,Mastectomy,Breast Cancer,Breast Invasive Ductal Carcinoma,Moderate,0.0,LumB,3.0,Positive,Positive,2.0,Neutral,Negative,Ductal/NST,0.0,Post,8,Right,0.0,7.0,3.08,IDC,Negative,0.0,1,ER+/HER2- High Prolif,40.0,2.0,1,33.14544255724402,1
45.39,Mastectomy,Breast Cancer,Breast Invasive Ductal Carcinoma,Moderate,0.0,LumA,3.0,Positive,Positive,3.0,Neutral,Negative,Ductal/NST,1.0,Pre,7,Left,0.0,6.0,4.07,IDC,Positive,0.0,1,ER+/HER2- High Prolif,35.0,2.0,0,67.03849133774366,0
49.77,Mastectomy,Breast Cancer,Breast Invasive Ductal Carcinoma,Moderate,0.0,LumA,3.0,Positive,Positive,2.0,Neutral,Negative,Ductal/NST,1.0,Pre,3,Left,1.0,4.0,4.02,IDC,Positive,0.0,1,ER+/HER2- Low Prolif,10.0,2.0,0,67.51114753215303,0
43.77,Mastectomy,Breast Cancer,Breast Invasive Ductal Carcinoma,High,0.0,Basal,3.0,Negative,Positive,3.0,Gain,Negative,Ductal/NST,0.0,Pre,10,Left,0.0,4.0,4.0280000000000005,IDC,Negative,0.0,1,ER-/HER2-,14.0,1.0,0,101.13391723373829,0
39.92,Mastectomy,Breast Cancer,Breast Invasive Ductal Carcinoma,Moderate,0.0,Normal,3.0,Positive,Positive,2.0,Neutral,Negative,Ductal/NST,0.0,Pre,4ER+,Right,0.0,3.0,3.1,IDC,Positive,0.0,1,ER+/HER2- Low Prolif,50.0,2.0,1,19.49102049451787,1
75.74,Mastectomy,Breast Cancer,Breast Mixed Ductal and Lobular Carcinoma,High,0.0,LumB,3.0,Positive,Positive,2.0,Neutral,Negative,Mixed,1.0,Post,3,Left,1.0,5.0,4.114,MDLC,Negative,1.0,1,ER+/HER2- Low Prolif,57.0,3.0,1,22.88402414876208,1
67.19,Mastectomy,Breast Cancer,Breast Invasive Ductal Carcinoma,High,0.0,LumA,3.0,Positive,Positive,3.0,Neutral,Negative,Ductal/NST,1.0,Post,2,Left,2.0,5.0,2.032,IDC,Positive,1.0,1,ER+/HER2- Low Prolif,16.0,2.0,1,13.96795717036737,1
76.88,Mastectomy,Breast Cancer,Breast Mixed Ductal and Lobular Carcinoma,Moderate,0.0,LumA,3.0,Positive,Positive,2.0,Neutral,Negative,Mixed,0.0,Post,4ER+,Left,0.0,4.0,3.02,MDLC,Positive,0.0,1,ER+/HER2- Low Prolif,10.0,1.0,1,22.199839761640266,1
64.15,Mastectomy,Breast Cancer,Invasive Breast Carcinoma,High,0.0,Her2,3.0,Positive,Negative,2.0,Gain,Positive,Ductal/NST,0.0,Post,5,Left,0.0,5.0,3.002,BRCA,Negative,0.0,1,HER2+,1.0,1.0,0,85.81835369396777,0
65.93,Mastectomy,Breast Cancer,Breast Invasive Ductal Carcinoma,Moderate,0.0,LumA,3.0,Positive,Positive,2.0,Neutral,Negative,Ductal/NST,0.0,Post,8,Left,0.0,6.0,3.02,IDC,Positive,0.0,1,ER+/HER2- Low Prolif,10.0,1.0,0,72.0314836020202,0
78.54,Mastectomy,Breast Cancer,Breast Invasive Ductal Carcinoma,High,0.0,LumA,3.0,Positive,Positive,2.0,Neutral,Negative,Tubular/ cribriform,1.0,Post,3,Left,0.0,5.0,3.0439999999999996,IDC,Negative,0.0,1,ER+/HER2- Low Prolif,22.0,2.0,1,85.76473152896654,1
78.87,Mastectomy,Breast Cancer,Breast Invasive Lobular Carcinoma,High,0.0,LumB,3.0,Positive,Positive,3.0,Neutral,Negative,Lobular,1.0,Post,1,Left,2.0,8.0,5.16,ILC,Negative,1.0,1,ER-/HER2-,80.0,3.0,1,19.68837403370473,1
83.27,Breast Conserving,Breast Cancer,Breast Mixed Ductal and Lobular Carcinoma,Moderate,0.0,LumB,3.0,Positive,Positive,3.0,Neutral,Negative,Mixed,1.0,Post,7,Left,1.0,6.0,2.02,MDLC,Negative,1.0,1,ER+/HER2- High Prolif,10.0,2.0,0,89.49567280448622,0
45.44,Breast Conserving,Breast Cancer,Breast Invasive Ductal Carcinoma,Moderate,0.0,LumA,3.0,Positive,Positive,1.0,Neutral,Negative,Ductal/NST,0.0,Pre,3,Left,0.0,4.0,2.022,IDC,Positive,1.0,1,ER+/HER2- Low Prolif,11.0,1.0,0,63.85253622450804,0
49.61,Mastectomy,Breast Cancer,Breast Invasive Ductal Carcinoma,High,0.0,LumB,3.0,Positive,Positive,3.0,Loss,Negative,Ductal/NST,1.0,Pre,1,Left,2.0,11.0,5.05,IDC,Negative,1.0,1,ER+/HER2- High Prolif,25.0,2.0,1,46.44936807172622,1
55.66,Breast Conserving,Breast Cancer,Breast Invasive Ductal Carcinoma,Moderate,0.0,Her2,3.0,Positive,Positive,3.0,Neutral,Negative,Ductal/NST,0.0,Post,4ER+,Left,0.0,11.0,4.032,IDC,Positive,1.0,1,ER+/HER2- High Prolif,16.0,2.0,1,103.2465335847011,1
74.39,Breast Conserving,Breast Cancer,Breast Invasive Ductal Carcinoma,High,0.0,LumB,3.0,Positive,Positive,2.0,Gain,Negative,Ductal/NST,1.0,Post,8,Right,0.0,5.0,3.198,IDC,Negative,1.0,1,ER+/HER2- High Prolif,99.0,3.0,0,94.91828411486392,0
67.26,Mastectomy,Breast Cancer,Breast Invasive Ductal Carcinoma,Moderate,0.0,LumB,3.0,Positive,Positive,3.0,Neutral,Negative,Ductal/NST,0.0,Post,3,Left,0.0,3.0,1.024,IDC,Positive,0.0,1,ER+/HER2- High Prolif,12.0,2.0,0,76.13960426610586,0
54.35,Mastectomy,Breast Cancer,Breast Invasive Ductal Carcinoma,Moderate,0.0,LumA,3.0,Positive,Positive,3.0,Neutral,Negative,Ductal/NST,1.0,Post,8,Left,0.0,12.0,2.06,IDC,Positive,0.0,1,ER+/HER2- Low Prolif,30.0,2.0,0,107.85354603823129,0
86.75,Mastectomy,Breast Cancer,Breast Invasive Ductal Carcinoma,Moderate,0.0,LumA,3.0,Positive,Positive,3.0,Neutral,Negative,Ductal/NST,1.0,Post,8,Left,19.0,2.0,3.04,IDC,Positive,0.0,1,ER+/HER2- Low Prolif,20.0,2.0,1,14.513369059469193,1
63.07,Breast Conserving,Breast Cancer,Breast Invasive Lobular Carcinoma,Low,0.0,LumB,3.0,Positive,Positive,2.0,Gain,Positive,Lobular,1.0,Post,5,Right,0.0,6.0,3.05,ILC,Positive,1.0,1,HER2+,25.0,2.0,1,99.96259611960507,1
81.52,Mastectomy,Breast Cancer,Breast Invasive Ductal Carcinoma,Moderate,0.0,LumA,3.0,Positive,Positive,3.0,Neutral,Negative,Ductal/NST,1.0,Post,8,Left,0.0,5.0,4.06,IDC,Negative,0.0,1,ER+/HER2- High Prolif,30.0,2.0,1,42.440315675527195,1
73.95,Mastectomy,Breast Cancer,Breast Invasive Ductal Carcinoma,Moderate,0.0,LumA,3.0,Positive,Positive,2.0,Neutral,Negative,Ductal/NST,1.0,Post,2,Right,1.0,7.0,4.05,IDC,Positive,0.0,1,ER+/HER2- High Prolif,25.0,2.0,1,24.761801383138874,1
62.35,Breast Conserving,Breast Cancer,Breast Invasive Lobular Carcinoma,Moderate,0.0,LumA,3.0,Positive,Positive,3.0,Neutral,Negative,Lobular,0.0,Post,8,Left,0.0,6.0,3.032,ILC,Positive,0.0,1,ER+/HER2- Low Prolif,16.0,1.0,0,78.62171753541443,0
74.8,Mastectomy,Breast Cancer,Breast Invasive Ductal Carcinoma,High,0.0,LumA,3.0,Positive,Positive,3.0,Neutral,Negative,Ductal/NST,1.0,Post,7,Left,2.0,9.0,5.06,IDC,Positive,0.0,1,ER+/HER2- Low Prolif,30.0,2.0,1,87.24761385932827,1
74.56,Mastectomy,Breast Cancer,Breast Invasive Ductal Carcinoma,High,0.0,LumA,3.0,Positive,Positive,3.0,Gain,Positive,Ductal/NST,0.0,Post,5,Right,0.0,3.0,4.03,IDC,Negative,0.0,1,HER2+,15.0,2.0,0,87.31320894490807,0
74.29,Breast Conserving,Breast Cancer,Breast Invasive Ductal Carcinoma,Low,0.0,claudin-low,3.0,Positive,Negative,2.0,Neutral,Negative,Ductal/NST,0.0,Post,4ER+,Right,0.0,4.0,3.034,IDC,Negative,1.0,1,ER-/HER2-,17.0,1.0,0,60.697232394486036,0
44.95,Breast Conserving,Breast Cancer,Breast Invasive Lobular Carcinoma,Low,0.0,LumA,3.0,Positive,Positive,2.0,Neutral,Negative,Lobular,0.0,Pre,3,Right,0.0,6.0,3.02,ILC,Positive,1.0,1,ER+/HER2- Low Prolif,10.0,1.0,0,64.34681326767354,0
64.32,Breast Conserving,Breast Cancer,Breast Invasive Ductal Carcinoma,High,0.0,LumB,3.0,Positive,Positive,3.0,Neutral,Negative,Ductal/NST,1.0,Post,1,Left,0.0,10.0,4.046,IDC,Positive,1.0,1,ER+/HER2- High Prolif,23.0,2.0,0,83.54961338440108,0
50.7,Mastectomy,Breast Cancer,Breast Invasive Ductal Carcinoma,Low,0.0,claudin-low,3.0,Negative,Negative,3.0,Neutral,Negative,Ductal/NST,0.0,Post,10,Right,0.0,8.0,4.07,IDC,Negative,0.0,1,ER-/HER2-,35.0,2.0,0,88.79633008302741,0
43.86,Mastectomy,Breast Cancer,Breast Invasive Ductal Carcinoma,High,0.0,LumA,3.0,Positive,Positive,1.0,Gain,Negative,Ductal/NST,0.0,Pre,4ER+,Right,0.0,2.0,2.04,IDC,Positive,0.0,1,HER2+,20.0,1.0,0,96.00123288715822,0
47.03,Mastectomy,Breast Cancer,Breast Invasive Ductal Carcinoma,Moderate,0.0,LumA,3.0,Positive,Positive,2.0,Neutral,Negative,Ductal/NST,0.0,Pre,3,Left,0.0,5.0,3.05,IDC,Positive,0.0,1,ER+/HER2- Low Prolif,25.0,2.0,0,77.4997547225582,0
67.12,Mastectomy,Breast Cancer,Breast Invasive Ductal Carcinoma,High,0.0,LumA,3.0,Positive,Positive,2.0,Neutral,Negative,Ductal/NST,1.0,Post,8,Left,2.0,6.0,4.06,IDC,Positive,0.0,1,ER+/HER2- Low Prolif,30.0,2.0,1,79.92582745222747,1
57.33,Breast Conserving,Breast Cancer,Breast Invasive Ductal Carcinoma,Low,0.0,LumA,3.0,Positive,Positive,1.0,Neutral,Negative,Ductal/NST,0.0,Post,3,Right,0.0,4.0,2.05,IDC,Positive,1.0,1,ER+/HER2- Low Prolif,25.0,2.0,0,101.69891316759255,0
74.53,Mastectomy,Breast Cancer,Breast Invasive Ductal Carcinoma,High,0.0,Normal,3.0,Negative,Negative,2.0,Gain,Positive,Ductal/NST,0.0,Post,5,Left,0.0,8.0,3.08,IDC,Negative,0.0,1,HER2+,40.0,2.0,1,106.76697746092172,1
58.69,Mastectomy,Breast Cancer,Breast Invasive Lobular Carcinoma,Moderate,0.0,LumA,3.0,Positive,Positive,2.0,Neutral,Negative,Lobular,1.0,Post,3,Right,1.0,3.0,4.04,ILC,Positive,0.0,1,ER+/HER2- Low Prolif,20.0,2.0,0,111.60734383135228,0
64.47,Mastectomy,Breast Cancer,Breast Invasive Ductal Carcinoma,Moderate,0.0,LumB,3.0,Positive,Positive,2.0,Neutral,Negative,Ductal/NST,1.0,Post,8,Right,14.0,9.0,5.06,IDC,Positive,1.0,1,ER+/HER2- High Prolif,30.0,3.0,1,91.38767273081966,1
42.45,Breast Conserving,Breast Cancer,Breast Invasive Lobular Carcinoma,Low,0.0,claudin-low,3.0,Positive,Positive,2.0,Neutral,Negative,Lobular,0.0,Pre,4ER+,Left,0.0,5.0,3.056,ILC,Negative,1.0,1,ER-/HER2-,28.0,2.0,0,106.79105933360098,0
79.35,Mastectomy,Breast Cancer,Breast Invasive Ductal Carcinoma,Moderate,0.0,LumA,3.0,Positive,Positive,2.0,Gain,Positive,Ductal/NST,0.0,Post,5,Left,0.0,5.0,3.05,IDC,Negative,0.0,1,HER2+,25.0,2.0,1,98.77594048156365,1
49.34,Breast Conserving,Breast Cancer,Breast Invasive Ductal Carcinoma,High,0.0,Her2,3.0,Positive,Negative,3.0,Gain,Positive,Ductal/NST,0.0,Pre,5,Right,0.0,10.0,4.0360000000000005,IDC,Negative,1.0,1,HER2+,18.0,1.0,1,42.4597338377011,1
69.68,Mastectomy,Breast Cancer,Breast Invasive Ductal Carcinoma,High,0.0,Basal,3.0,Positive,Negative,3.0,Neutral,Negative,Ductal/NST,0.0,Post,9,Right,0.0,9.0,4.053999999999999,IDC,Negative,0.0,1,ER-/HER2-,27.0,2.0,0,62.37712952090143,0
37.05,Breast Conserving,Breast Cancer,Breast Invasive Ductal Carcinoma,High,0.0,Basal,3.0,Negative,Negative,3.0,Neutral,Negative,Ductal/NST,0.0,Pre,10,Left,0.0,11.0,4.07,IDC,Negative,1.0,1,ER-/HER2-,35.0,2.0,0,88.83041683546973,0
76.71,Mastectomy,Breast Cancer,Breast Invasive Ductal Carcinoma,Low,0.0,LumA,3.0,Positive,Positive,1.0,Neutral,Negative,Ductal/NST,0.0,Post,3,Right,0.0,4.0,2.014,IDC,Positive,0.0,1,ER+/HER2- Low Prolif,7.0,1.0,0,66.29581070509049,0
57.93,Breast Conserving,Breast Cancer,Breast Invasive Ductal Carcinoma,Moderate,0.0,LumA,3.0,Positive,Positive,2.0,Neutral,Negative,Ductal/NST,0.0,Post,7,Right,0.0,8.0,3.04,IDC,Positive,1.0,1,ER+/HER2- Low Prolif,20.0,1.0,0,74.52270095175164,0
43.42,Mastectomy,Breast Cancer,Breast Invasive Ductal Carcinoma,Moderate,1.0,Her2,3.0,Negative,Negative,3.0,Gain,Positive,Ductal/NST,0.0,Pre,5,Right,1.0,13.0,5.09,IDC,Negative,0.0,1,HER2+,45.0,2.0,1,31.163470728210065,1
52.09,Mastectomy,Breast Cancer,Breast Invasive Ductal Carcinoma,Moderate,0.0,Normal,3.0,Positive,Positive,3.0,Gain,Negative,Ductal/NST,1.0,Post,4ER+,Right,3.0,11.0,5.066,IDC,Negative,0.0,1,ER+/HER2- Low Prolif,33.0,2.0,1,93.0663931772127,1
63.95,Breast Conserving,Breast Cancer,Breast Invasive Ductal Carcinoma,High,0.0,claudin-low,3.0,Negative,Negative,3.0,Neutral,Negative,Ductal/NST,0.0,Post,4ER-,Right,0.0,8.0,4.032,IDC,Negative,1.0,1,ER-/HER2-,16.0,1.0,0,119.19975559602878,0
33.04,Mastectomy,Breast Cancer,Breast Invasive Ductal Carcinoma,Low,1.0,claudin-low,3.0,Negative,Negative,3.0,Neutral,Negative,Ductal/NST,0.0,Pre,10,Left,3.0,6.0,5.04,IDC,Negative,0.0,1,ER-/HER2-,20.0,2.0,0,68.5497325740908,0
47.71,Mastectomy,Breast Cancer,Breast Invasive Ductal Carcinoma,Moderate,0.0,LumA,3.0,Positive,Positive,3.0,Neutral,Negative,Ductal/NST,0.0,Pre,8,Left,0.0,4.0,4.07,IDC,Positive,0.0,1,ER+/HER2- High Prolif,35.0,2.0,0,89.93328920708136,0
41.53,Mastectomy,Breast Cancer,Breast Invasive Ductal Carcinoma,Low,0.0,Basal,3.0,Negative,Negative,3.0,Gain,Positive,Ductal/NST,0.0,Pre,5,Left,0.0,5.0,4.06,IDC,Negative,0.0,1,HER2+,30.0,2.0,1,99.13815184086451,1
40.04,Mastectomy,Breast Cancer,Breast Mixed Ductal and Lobular Carcinoma,Low,0.0,Normal,3.0,Positive,Positive,1.0,Neutral,Negative,Mixed,0.0,Pre,4ER+,Left,0.0,5.0,2.002,MDLC,Positive,0.0,1,ER+/HER2- Low Prolif,1.0,1.0,0,97.08934405908714,0
63.63,Breast Conserving,Breast Cancer,Breast Invasive Ductal Carcinoma,Moderate,0.0,LumA,3.0,Positive,Positive,2.0,Neutral,Negative,Ductal/NST,0.0,Post,7,Left,0.0,5.0,3.02,IDC,Positive,1.0,1,ER+/HER2- Low Prolif,10.0,2.0,1,118.97455533607271,1
40.25,Breast Conserving,Breast Cancer,Breast Invasive Ductal Carcinoma,High,0.0,LumA,3.0,Positive,Positive,2.0,Neutral,Negative,Ductal/NST,0.0,Pre,3,Left,0.0,8.0,3.04,IDC,Positive,1.0,1,ER+/HER2- Low Prolif,20.0,1.0,0,102.14789823264624,0
47.61,Mastectomy,Breast Cancer,Breast Invasive Ductal Carcinoma,High,0.0,LumB,3.0,Positive,Positive,2.0,Neutral,Negative,Ductal/NST,1.0,Pre,6,Left,0.0,5.0,3.036,IDC,Negative,0.0,1,ER+/HER2- High Prolif,18.0,1.0,0,93.57892100921485,0
64.3,Mastectomy,Breast Cancer,Breast Invasive Ductal Carcinoma,Moderate,1.0,claudin-low,3.0,Negative,Negative,3.0,Gain,Negative,Ductal/NST,0.0,Post,5,Right,1.0,6.0,5.0,IDC,Negative,1.0,1,HER2+,23.0,3.0,0,60.58625084515102,0
73.03,Mastectomy,Breast Cancer,Breast Invasive Ductal Carcinoma,Moderate,0.0,LumA,3.0,Positive,Positive,1.0,Neutral,Negative,Ductal/NST,1.0,Post,9,Right,2.0,3.0,3.052,IDC,Positive,0.0,1,ER+/HER2- High Prolif,26.0,2.0,0,79.58767849463952,0
69.87,Mastectomy,Breast Cancer,Breast Invasive Ductal Carcinoma,Moderate,0.0,LumB,3.0,Positive,Positive,3.0,Gain,Positive,Ductal/NST,1.0,Post,5,Left,3.0,9.0,5.08,IDC,Positive,1.0,1,HER2+,40.0,2.0,1,56.562709106434056,1
43.51,Mastectomy,Breast Cancer,Breast Invasive Ductal Carcinoma,High,1.0,Basal,3.0,Negative,Negative,3.0,Neutral,Negative,Ductal/NST,0.0,Pre,10,Left,2.0,4.0,5.03,IDC,Negative,1.0,1,ER-/HER2-,15.0,2.0,1,52.17795326562058,1
78.19,Breast Conserving,Breast Cancer,Breast Invasive Ductal Carcinoma,High,0.0,LumB,3.0,Positive,Positive,2.0,Neutral,Negative,Ductal/NST,1.0,Post,8,Right,3.0,3.0,4.056,IDC,Positive,1.0,1,ER+/HER2- High Prolif,28.0,2.0,1,95.85259976013566,1
76.54,Mastectomy,Breast Cancer,Breast Invasive Ductal Carcinoma,Moderate,0.0,LumB,3.0,Positive,Positive,2.0,Neutral,Negative,Ductal/NST,1.0,Post,7,Left,1.0,1.0,4.05,IDC,Positive,0.0,1,ER+/HER2- High Prolif,25.0,2.0,1,48.80678234732593,1
75.2,Mastectomy,Breast Cancer,Breast Invasive Ductal Carcinoma,Moderate,0.0,Her2,3.0,Positive,Negative,3.0,Gain,Negative,Ductal/NST,1.0,Post,5,Right,1.0,10.0,5.044,IDC,Negative,0.0,1,ER+/HER2- High Prolif,22.0,2.0,0,91.06269860308268,0
59.49,Mastectomy,Breast Cancer,Breast Invasive Ductal Carcinoma,Moderate,0.0,Her2,3.0,Positive,Negative,3.0,Gain,Positive,Ductal/NST,1.0,Post,5,Right,6.0,10.0,6.0520000000000005,IDC,Negative,1.0,1,HER2+,26.0,2.0,1,112.521791165185,1
58.39,Mastectomy,Breast Cancer,Breast Invasive Ductal Carcinoma,High,0.0,claudin-low,3.0,Negative,Negative,3.0,Neutral,Negative,Ductal/NST,1.0,Post,10,Left,0.0,10.0,4.06,IDC,Negative,0.0,1,ER+/HER2- High Prolif,30.0,2.0,1,104.70857719904528,1
50.78,Mastectomy,Breast Cancer,Breast Invasive Ductal Carcinoma,High,0.0,LumA,3.0,Positive,Positive,2.0,Neutral,Negative,Ductal/NST,0.0,Post,4ER+,Right,0.0,2.0,3.06,IDC,Negative,0.0,1,ER+/HER2- High Prolif,30.0,2.0,0,65.27198994869,0
36.35,Mastectomy,Breast Cancer,Breast Invasive Ductal Carcinoma,Moderate,1.0,Her2,3.0,Negative,Negative,3.0,Gain,Positive,Ductal/NST,1.0,Pre,5,Left,3.0,4.0,5.046,IDC,Negative,0.0,1,HER2+,23.0,2.0,0,81.03761587255084,0
41.09,Mastectomy,Breast Cancer,Breast Invasive Ductal Carcinoma,High,0.0,LumB,3.0,Positive,Positive,3.0,Neutral,Negative,Ductal/NST,0.0,Pre,6,Right,0.0,5.0,4.04,IDC,Positive,0.0,1,ER+/HER2- High Prolif,20.0,1.0,1,58.33135495650198,1
33.92,Breast Conserving,Breast Cancer,Breast Invasive Ductal Carcinoma,High,1.0,Basal,3.0,Negative,Negative,2.0,Neutral,Negative,Ductal/NST,0.0,Pre,10,Left,1.0,30.0,4.05,IDC,Negative,1.0,1,ER-/HER2-,25.0,2.0,1,93.09407532148171,1
57.32,Breast Conserving,Breast Cancer,Breast Invasive Ductal Carcinoma,Moderate,0.0,LumA,3.0,Positive,Positive,2.0,Neutral,Negative,Ductal/NST,0.0,Post,4ER+,Left,0.0,3.0,3.04,IDC,Positive,1.0,1,ER+/HER2- Low Prolif,20.0,1.0,1,93.4906304011457,1
60.31,Breast Conserving,Breast Cancer,Breast Invasive Ductal Carcinoma,Low,0.0,claudin-low,3.0,Negative,Negative,3.0,Gain,Negative,Ductal/NST,0.0,Post,10,Right,0.0,6.0,4.053999999999999,IDC,Negative,1.0,1,ER-/HER2-,27.0,2.0,0,61.99218652748199,0
77.77,Breast Conserving,Breast Cancer,Breast Invasive Ductal Carcinoma,High,0.0,LumB,3.0,Positive,Positive,2.0,Neutral,Negative,Ductal/NST,0.0,Post,2,Left,0.0,5.0,3.036,IDC,Positive,1.0,1,ER+/HER2- High Prolif,18.0,1.0,0,64.71470982930124,0
65.53,Mastectomy,Breast Cancer,Breast Invasive Ductal Carcinoma,Moderate,1.0,Basal,3.0,Negative,Negative,3.0,Neutral,Negative,Ductal/NST,0.0,Post,9,Right,1.0,6.0,5.038,IDC,Negative,0.0,1,ER-/HER2-,19.0,2.0,1,23.13737783428072,1
69.75,Mastectomy,Breast Cancer,Breast Invasive Ductal Carcinoma,Moderate,0.0,LumB,3.0,Positive,Positive,3.0,Neutral,Negative,Ductal/NST,0.0,Post,1,Left,0.0,16.0,4.044,IDC,Negative,0.0,1,ER+/HER2- High Prolif,22.0,2.0,0,83.81539657209576,0
69.99,Mastectomy,Breast Cancer,Breast Invasive Ductal Carcinoma,Moderate,0.0,LumA,3.0,Positive,Positive,3.0,Neutral,Negative,Ductal/NST,1.0,Post,3,Left,12.0,5.0,6.06,IDC,Positive,1.0,1,ER+/HER2- Low Prolif,30.0,2.0,0,67.96294524258361,0
67.15,Breast Conserving,Breast Cancer,Breast Invasive Ductal Carcinoma,Moderate,0.0,Her2,3.0,Negative,Negative,3.0,Gain,Positive,Ductal/NST,0.0,Post,4ER-,Left,0.0,10.0,4.042,IDC,Negative,1.0,1,HER2+,21.0,2.0,0,94.05245089569348,0
69.31,Mastectomy,Breast Cancer,Breast Invasive Ductal Carcinoma,High,0.0,LumB,3.0,Positive,Positive,3.0,Neutral,Negative,Ductal/NST,1.0,Post,1,Left,4.0,2.0,6.12,IDC,Negative,1.0,1,ER+/HER2- High Prolif,60.0,3.0,1,109.4757139213932,1
70.38,Breast Conserving,Breast Cancer,Breast Mixed Ductal and Lobular Carcinoma,High,0.0,LumB,3.0,Positive,Positive,2.0,Neutral,Negative,Mixed,0.0,Post,7,Right,0.0,3.0,3.04,MDLC,Negative,1.0,1,ER+/HER2- High Prolif,20.0,1.0,0,101.36789814823594,0
76.93,Breast Conserving,Breast Cancer,Breast Invasive Ductal Carcinoma,Moderate,0.0,LumA,3.0,Positive,Positive,1.0,Neutral,Negative,Ductal/NST,1.0,Post,3,Left,0.0,8.0,2.026,IDC,Positive,0.0,1,ER+/HER2- Low Prolif,13.0,1.0,1,66.56725622436858,1
56.94,Breast Conserving,Breast Cancer,Breast Invasive Ductal Carcinoma,Moderate,0.0,LumA,3.0,Positive,Positive,2.0,Neutral,Negative,Ductal/NST,0.0,Post,8,Right,0.0,10.0,3.05,IDC,Positive,1.0,1,ER+/HER2- Low Prolif,25.0,2.0,0,108.03520194654497,0
72.44,Breast Conserving,Breast Cancer,Breast Invasive Ductal Carcinoma,Moderate,0.0,LumA,3.0,Positive,Positive,2.0,Neutral,Negative,Ductal/NST,1.0,Post,8,Left,2.0,3.0,4.0280000000000005,IDC,Positive,1.0,1,ER+/HER2- Low Prolif,14.0,2.0,0,72.0090146546886,0
69.93,Mastectomy,Breast Cancer,Breast Mixed Ductal and Lobular Carcinoma,Moderate,0.0,LumA,3.0,Positive,Positive,2.0,Neutral,Negative,Mixed,1.0,Post,4ER+,Left,0.0,7.0,3.06,MDLC,Positive,0.0,1,ER+/HER2- High Prolif,30.0,2.0,0,70.04895493554419,0
55.83,Mastectomy,Breast Cancer,Breast Mixed Ductal and Lobular Carcinoma,High,0.0,LumB,3.0,Positive,Positive,1.0,Neutral,Negative,Mixed,1.0,Post,3,Left,6.0,5.0,4.1,MDLC,Positive,0.0,1,ER+/HER2- Low Prolif,50.0,2.0,1,101.25740633963609,1
61.16,Mastectomy,Breast Cancer,Breast Invasive Ductal Carcinoma,Moderate,0.0,LumA,3.0,Positive,Positive,2.0,Neutral,Negative,Ductal/NST,1.0,Post,3,Right,1.0,6.0,4.03,IDC,Positive,1.0,1,ER+/HER2- Low Prolif,15.0,2.0,0,66.27407042006402,0
76.81,Breast Conserving,Breast Cancer,Breast Invasive Ductal Carcinoma,High,0.0,LumA,3.0,Positive,Positive,2.0,Neutral,Negative,Ductal/NST,0.0,Post,7,Right,0.0,17.0,3.05,IDC,Positive,1.0,1,ER+/HER2- High Prolif,25.0,2.0,0,98.1858149726182,0
77.45,Mastectomy,Breast Cancer,Breast Invasive Ductal Carcinoma,High,0.0,LumB,3.0,Positive,Positive,2.0,Neutral,Negative,Ductal/NST,0.0,Post,8,Left,0.0,6.0,3.06,IDC,Positive,0.0,1,ER+/HER2- High Prolif,30.0,2.0,1,46.56535691130607,1
65.16,Breast Conserving,Breast Cancer,Breast Invasive Ductal Carcinoma,Moderate,0.0,Basal,3.0,Negative,Negative,3.0,Neutral,Negative,Ductal/NST,0.0,Post,10,Left,0.0,5.0,4.0360000000000005,IDC,Negative,1.0,1,ER-/HER2-,18.0,1.0,0,102.38854358921407,0
73.65,Mastectomy,Breast Cancer,Breast Invasive Ductal Carcinoma,High,0.0,LumA,3.0,Positive,Positive,1.0,Neutral,Negative,Ductal/NST,1.0,Post,8,Right,3.0,2.0,3.04,IDC,Positive,0.0,1,ER+/HER2- High Prolif,20.0,2.0,0,61.89516868953852,0
72.54,Breast Conserving,Breast Cancer,Breast Invasive Ductal Carcinoma,Moderate,0.0,LumA,3.0,Positive,Positive,3.0,Neutral,Negative,Ductal/NST,1.0,Post,8,Right,5.0,6.0,6.044,IDC,Positive,1.0,1,ER+/HER2- Low Prolif,22.0,2.0,0,116.17273477462139,0
58.89,Mastectomy,Breast Cancer,Breast Invasive Lobular Carcinoma,Low,0.0,Normal,3.0,Positive,Positive,3.0,Neutral,Negative,Lobular,1.0,Post,3,Left,0.0,5.0,2.04,ILC,Negative,0.0,1,ER+/HER2- Low Prolif,20.0,1.0,0,63.118277019088346,0
69.67,Mastectomy,Breast Cancer,Breast Mixed Ductal and Lobular Carcinoma,High,0.0,LumA,3.0,Positive,Positive,3.0,Neutral,Negative,Mixed,1.0,Post,3,Left,4.0,3.0,6.06,MDLC,Positive,0.0,1,ER+/HER2- Low Prolif,30.0,2.0,0,92.47778011806423,0
62.99,Mastectomy,Breast Cancer,Breast Invasive Ductal Carcinoma,Moderate,0.0,Her2,3.0,Positive,Negative,3.0,Gain,Negative,Ductal/NST,1.0,Post,4ER+,Right,5.0,5.0,6.034,IDC,Negative,1.0,1,ER-/HER2-,17.0,2.0,1,108.71650867758964,1
41.0,Breast Conserving,Breast Cancer,Breast Invasive Ductal Carcinoma,High,0.0,LumA,3.0,Positive,Positive,2.0,Neutral,Negative,Ductal/NST,0.0,Pre,9,Right,0.0,8.0,3.1,IDC,Negative,1.0,1,ER+/HER2- High Prolif,50.0,2.0,1,54.033781303289615,1
76.37,Mastectomy,Breast Cancer,Breast Invasive Ductal Carcinoma,Low,0.0,LumA,3.0,Negative,Positive,2.0,Neutral,Negative,Ductal/NST,0.0,Post,8,Right,0.0,7.0,3.04,IDC,Negative,0.0,1,ER+/HER2- Low Prolif,20.0,1.0,0,102.54363116705498,0
77.13,Mastectomy,Breast Cancer,Breast Invasive Ductal Carcinoma,High,0.0,LumB,3.0,Positive,Positive,3.0,Gain,Negative,Ductal/NST,1.0,Post,6,Right,1.0,4.0,5.08,IDC,Negative,0.0,1,ER+/HER2- High Prolif,40.0,2.0,0,112.25814742476514,0
66.47,Mastectomy,Breast Cancer,Breast Invasive Lobular Carcinoma,High,0.0,LumA,3.0,Negative,Negative,2.0,Neutral,Negative,Lobular,0.0,Post,3,Left,0.0,9.0,3.0660000000000003,ILC,Negative,0.0,1,ER+/HER2- Low Prolif,33.0,2.0,0,102.84521592794567,0
33.55,Breast Conserving,Breast Cancer,Breast Invasive Ductal Carcinoma,High,1.0,Her2,3.0,Negative,Negative,3.0,Neutral,Negative,Ductal/NST,0.0,Pre,4ER-,Left,4.0,15.0,6.1,IDC,Negative,1.0,1,ER-/HER2-,50.0,2.0,1,13.170466359872222,1
77.54,Breast Conserving,Breast Cancer,Breast Invasive Ductal Carcinoma,High,0.0,LumB,3.0,Positive,Positive,2.0,Neutral,Negative,Ductal/NST,0.0,Post,8,Left,0.0,6.0,3.0439999999999996,IDC,Positive,1.0,1,ER+/HER2- High Prolif,22.0,2.0,0,108.10368498418751,0
69.65,Mastectomy,Breast Cancer,Breast Invasive Ductal Carcinoma,Low,0.0,LumA,3.0,Positive,Positive,1.0,Neutral,Negative,Ductal/NST,1.0,Post,7,Right,1.0,11.0,3.036,IDC,Positive,0.0,1,ER+/HER2- Low Prolif,18.0,2.0,1,109.78125345328047,1
75.27,Mastectomy,Breast Cancer,Breast Invasive Lobular Carcinoma,High,0.0,LumB,3.0,Positive,Positive,3.0,Neutral,Negative,Lobular,1.0,Post,8,Left,6.0,10.0,6.064,ILC,Negative,0.0,1,ER+/HER2- High Prolif,32.0,2.0,1,21.858961092902426,1
44.84,Mastectomy,Breast Cancer,Breast Invasive Ductal Carcinoma,Moderate,0.0,LumA,3.0,Positive,Positive,2.0,Neutral,Negative,Ductal/NST,0.0,Pre,7,Right,0.0,6.0,3.06,IDC,Positive,1.0,1,ER+/HER2- Low Prolif,30.0,2.0,0,80.36701155256836,0
71.61,Mastectomy,Breast Cancer,Breast Invasive Ductal Carcinoma,High,0.0,LumA,3.0,Positive,Positive,2.0,Neutral,Negative,Ductal/NST,1.0,Post,4ER+,Left,1.0,9.0,4.042,IDC,Negative,0.0,1,ER+/HER2- High Prolif,21.0,2.0,1,46.485872859764804,1
42.84,Mastectomy,Breast Cancer,Breast Invasive Ductal Carcinoma,High,1.0,Her2,3.0,Negative,Positive,3.0,Neutral,Negative,Ductal/NST,0.0,Pre,4ER-,Left,2.0,17.0,5.074,IDC,Negative,1.0,1,ER+/HER2- Low Prolif,37.0,2.0,0,108.88950682479073,0
65.76,Breast Conserving,Breast Cancer,Breast Invasive Ductal Carcinoma,High,1.0,Her2,3.0,Negative,Negative,3.0,Neutral,Negative,Ductal/NST,0.0,Post,10,Left,2.0,4.0,5.12,IDC,Negative,1.0,1,ER-/HER2-,60.0,3.0,0,64.8068907830805,0
67.68,Breast Conserving,Breast Cancer,Breast Mixed Ductal and Lobular Carcinoma,High,0.0,LumA,3.0,Positive,Positive,2.0,Neutral,Negative,Mixed,0.0,Post,3,Right,0.0,4.0,3.0460000000000003,MDLC,Positive,1.0,1,ER+/HER2- Low Prolif,23.0,2.0,1,114.60669244148693,1
68.56,Breast Conserving,Breast Cancer,Breast Invasive Ductal Carcinoma,High,0.0,LumA,3.0,Positive,Positive,2.0,Neutral,Negative,Tubular/ cribriform,1.0,Post,3,Left,1.0,3.0,4.04,IDC,Positive,1.0,1,ER+/HER2- Low Prolif,20.0,2.0,0,113.68899936363165,0
69.93,Breast Conserving,Breast Cancer,Breast Invasive Ductal Carcinoma,Moderate,0.0,LumB,3.0,Positive,Positive,3.0,Neutral,Negative,Ductal/NST,1.0,Post,6,Left,1.0,2.0,5.04,IDC,Positive,1.0,1,ER+/HER2- High Prolif,20.0,2.0,0,92.85554256922417,0
44.36,Breast Conserving,Breast Cancer,Breast Invasive Ductal Carcinoma,High,0.0,LumA,3.0,Positive,Positive,3.0,Neutral,Negative,Ductal/NST,0.0,Pre,8,Right,0.0,5.0,4.044,IDC,Positive,1.0,1,ER+/HER2- Low Prolif,22.0,2.0,0,109.03786619774962,0
65.86,Mastectomy,Breast Cancer,Breast Invasive Ductal Carcinoma,Moderate,0.0,claudin-low,3.0,Positive,Positive,3.0,Neutral,Negative,Ductal/NST,1.0,Post,4ER+,Left,6.0,4.0,6.028,IDC,Negative,1.0,1,ER+/HER2- High Prolif,14.0,2.0,0,87.139097071098,0
72.12,Mastectomy,Breast Cancer,Breast Invasive Ductal Carcinoma,High,0.0,LumA,3.0,Positive,Positive,2.0,Neutral,Negative,Ductal/NST,1.0,Post,8,Left,3.0,3.0,4.06,IDC,Positive,0.0,1,ER+/HER2- High Prolif,30.0,2.0,1,114.66557186925606,1
49.88,Breast Conserving,Breast Cancer,Breast Invasive Ductal Carcinoma,Moderate,0.0,Normal,3.0,Negative,Negative,3.0,Gain,Negative,Ductal/NST,0.0,Pre,5,Right,0.0,4.0,4.024,IDC,Positive,1.0,1,HER2+,12.0,1.0,1,73.9312919173149,1
62.68,Breast Conserving,Breast Cancer,Breast Mixed Ductal and Lobular Carcinoma,Moderate,0.0,LumA,3.0,Positive,Positive,3.0,Loss,Negative,Mixed,1.0,Post,8,Left,4.0,8.0,6.034,MDLC,Positive,1.0,1,ER+/HER2- Low Prolif,17.0,2.0,1,80.23841891433833,1
70.71,Mastectomy,Breast Cancer,Breast Mixed Ductal and Lobular Carcinoma,Moderate,0.0,Her2,3.0,Positive,Positive,3.0,Gain,Positive,Mixed,1.0,Post,5,Right,0.0,5.0,5.062,MDLC,Negative,0.0,1,HER2+,31.0,2.0,1,60.43211637365854,1
46.95,Breast Conserving,Breast Cancer,Breast Mixed Ductal and Lobular Carcinoma,Moderate,0.0,LumA,3.0,Positive,Positive,3.0,Neutral,Negative,Mixed,0.0,Pre,3,Right,0.0,5.0,4.05,MDLC,Positive,1.0,1,ER+/HER2- Low Prolif,25.0,2.0,0,98.6146617117915,0
63.92,Breast Conserving,Breast Cancer,Breast Invasive Mixed Mucinous Carcinoma,Moderate,0.0,LumB,3.0,Positive,Positive,1.0,Neutral,Negative,Mucinous,0.0,Post,1,Right,0.0,8.0,2.086,IMMC,Negative,1.0,1,ER+/HER2- High Prolif,43.0,2.0,1,43.66676334339097,1
56.47,Mastectomy,Breast Cancer,Breast Mixed Ductal and Lobular Carcinoma,High,0.0,LumA,3.0,Positive,Positive,3.0,Neutral,Negative,Mixed,0.0,Post,3,Left,0.0,19.0,4.11,MDLC,Positive,0.0,1,ER+/HER2- High Prolif,55.0,2.0,0,91.58415965616679,0
67.7,Mastectomy,Breast Cancer,Breast Invasive Ductal Carcinoma,High,0.0,LumB,3.0,Positive,Positive,3.0,Gain,Positive,Ductal/NST,1.0,Post,1,Left,1.0,2.0,5.11,IDC,Negative,1.0,1,ER+/HER2- High Prolif,55.0,3.0,1,47.49577089995093,1
72.73,Mastectomy,Breast Cancer,Breast Invasive Ductal Carcinoma,High,0.0,LumB,3.0,Positive,Positive,3.0,Neutral,Negative,Ductal/NST,1.0,Post,6,Left,0.0,4.0,4.08,IDC,Negative,0.0,1,ER+/HER2- High Prolif,40.0,2.0,1,84.63199325632014,1
45.4,Breast Conserving,Breast Cancer,Breast Invasive Ductal Carcinoma,Moderate,0.0,claudin-low,3.0,Positive,Negative,3.0,Neutral,Negative,Ductal/NST,0.0,Pre,2,Left,0.0,2.0,4.04,IDC,Negative,1.0,1,ER-/HER2-,20.0,1.0,0,103.89537130531991,0
70.42,Breast Conserving,Breast Cancer,Breast Mixed Ductal and Lobular Carcinoma,Moderate,0.0,LumA,3.0,Positive,Positive,3.0,Neutral,Negative,Mixed,1.0,Post,8,Right,6.0,5.0,6.08,MDLC,Positive,1.0,1,ER+/HER2- Low Prolif,40.0,3.0,0,64.89779892183537,0
55.56,Breast Conserving,Breast Cancer,Breast Invasive Ductal Carcinoma,High,0.0,LumB,3.0,Positive,Positive,2.0,Neutral,Negative,Ductal/NST,0.0,Post,4ER+,Left,0.0,2.0,3.034,IDC,Negative,1.0,1,ER+/HER2- High Prolif,17.0,1.0,0,63.62112503943383,0
70.11,Breast Conserving,Breast Cancer,Breast Invasive Ductal Carcinoma,High,0.0,LumA,3.0,Positive,Positive,3.0,Neutral,Negative,Ductal/NST,0.0,Post,4ER+,Left,0.0,13.0,4.05,IDC,Positive,1.0,1,ER+/HER2- High Prolif,25.0,2.0,0,74.82619404060878,0
44.12,Breast Conserving,Breast Cancer,Breast Invasive Ductal Carcinoma,Moderate,0.0,LumA,3.0,Positive,Positive,2.0,Neutral,Negative,Ductal/NST,0.0,Pre,7,Left,0.0,8.0,3.032,IDC,Positive,1.0,1,ER+/HER2- High Prolif,16.0,1.0,1,93.25644917926944,1
61.76,Mastectomy,Breast Cancer,Breast Mixed Ductal and Lobular Carcinoma,Moderate,0.0,LumB,3.0,Positive,Positive,2.0,Neutral,Negative,Mixed,0.0,Post,8,Left,0.0,3.0,3.034,MDLC,Positive,0.0,1,ER+/HER2- High Prolif,17.0,1.0,0,69.5726808067913,0
55.04,Breast Conserving,Breast Cancer,Breast Mixed Ductal and Lobular Carcinoma,Moderate,0.0,LumA,3.0,Positive,Positive,2.0,Neutral,Negative,Mixed,1.0,Post,3,Right,0.0,9.0,3.03,MDLC,Positive,1.0,1,ER+/HER2- Low Prolif,15.0,1.0,0,112.3070139955321,0
76.66,Mastectomy,Breast Cancer,Breast Invasive Ductal Carcinoma,Moderate,0.0,claudin-low,3.0,Positive,Negative,3.0,Gain,Negative,Ductal/NST,1.0,Post,4ER+,Left,2.0,3.0,5.07,IDC,Negative,0.0,1,ER-/HER2-,35.0,2.0,1,97.49053672239164,1
68.21,Mastectomy,Breast Cancer,Breast Invasive Ductal Carcinoma,Moderate,0.0,LumA,3.0,Positive,Positive,2.0,Neutral,Negative,Ductal/NST,0.0,Post,3,Right,0.0,5.0,3.042,IDC,Positive,0.0,1,ER+/HER2- Low Prolif,21.0,2.0,0,73.15283924148265,0
52.57,Mastectomy,Breast Cancer,Breast Invasive Ductal Carcinoma,Low,0.0,Basal,3.0,Negative,Negative,3.0,Gain,Positive,Ductal/NST,0.0,Post,5,Left,0.0,4.0,4.002,IDC,Negative,0.0,1,HER2+,1.0,1.0,0,118.55191534914788,0
39.25,Breast Conserving,Breast Cancer,Breast Invasive Ductal Carcinoma,High,0.0,Basal,3.0,Negative,Negative,3.0,Neutral,Negative,Ductal/NST,0.0,Pre,10,Right,0.0,12.0,4.03,IDC,Negative,0.0,1,ER-/HER2-,15.0,1.0,1,97.27875942181183,1
61.04,Mastectomy,Breast Cancer,Breast Mixed Ductal and Lobular Carcinoma,High,1.0,Normal,3.0,Negative,Negative,3.0,Neutral,Negative,Mixed,1.0,Post,7,Right,16.0,6.0,6.03,MDLC,Negative,1.0,1,ER-/HER2-,15.0,2.0,0,80.21374750626642,0
53.69,Mastectomy,Breast Cancer,Breast Mixed Ductal and Lobular Carcinoma,High,0.0,LumA,3.0,Positive,Positive,2.0,Neutral,Negative,Mixed,0.0,Post,8,Left,0.0,8.0,3.034,MDLC,Positive,0.0,1,ER+/HER2- Low Prolif,17.0,1.0,0,70.92707494132196,0
75.01,Breast Conserving,Breast Cancer,Breast Invasive Ductal Carcinoma,High,0.0,LumB,3.0,Positive,Positive,2.0,Neutral,Negative,Ductal/NST,1.0,Post,8,Right,1.0,6.0,4.05,IDC,Negative,1.0,1,ER+/HER2- High Prolif,25.0,2.0,0,107.38191042854875,0
75.55,Breast Conserving,Breast Cancer,Breast Invasive Ductal Carcinoma,High,0.0,LumB,3.0,Positive,Positive,3.0,Gain,Positive,Ductal/NST,1.0,Post,1,Right,1.0,7.0,5.04,IDC,Negative,1.0,1,HER2+,20.0,2.0,0,99.52246653005257,0
41.54,Mastectomy,Breast Cancer,Breast Invasive Ductal Carcinoma,High,1.0,Her2,3.0,Negative,Negative,3.0,Gain,Positive,Ductal/NST,0.0,Pre,5,Right,1.0,6.0,5.04,IDC,Negative,1.0,1,HER2+,20.0,2.0,0,89.89174298718834,0
68.66,Mastectomy,Breast Cancer,Breast Mixed Ductal and Lobular Carcinoma,Moderate,0.0,claudin-low,3.0,Negative,Negative,3.0,Neutral,Negative,Mixed,0.0,Post,4ER-,Right,0.0,3.0,4.032,MDLC,Negative,0.0,1,ER-/HER2-,16.0,1.0,0,93.32181305625788,0
71.19,Breast Conserving,Breast Cancer,Breast Invasive Ductal Carcinoma,High,0.0,LumA,3.0,Positive,Positive,2.0,Neutral,Negative,Ductal/NST,1.0,Post,4ER+,Right,0.0,5.0,3.03,IDC,Positive,1.0,1,ER+/HER2- Low Prolif,15.0,2.0,0,103.15210669633584,0
47.38,Mastectomy,Breast Cancer,Breast Invasive Ductal Carcinoma,High,1.0,Basal,3.0,Negative,Negative,3.0,Loss,Negative,Ductal/NST,0.0,Pre,10,Right,2.0,7.0,5.06,IDC,Negative,0.0,1,ER-/HER2-,30.0,2.0,0,73.70728447987793,0
52.23,Mastectomy,Breast Cancer,Breast Invasive Ductal Carcinoma,High,1.0,Her2,3.0,Negative,Negative,3.0,Neutral,Negative,Ductal/NST,0.0,Post,4ER-,Left,1.0,12.0,5.06,IDC,Negative,0.0,1,ER-/HER2-,30.0,2.0,1,21.85025912925856,1
67.87,Mastectomy,Breast Cancer,Breast Invasive Ductal Carcinoma,Moderate,0.0,claudin-low,3.0,Positive,Positive,3.0,Neutral,Negative,Ductal/NST,1.0,Post,4ER+,Left,0.0,7.0,3.1,IDC,Positive,0.0,1,ER+/HER2- Low Prolif,50.0,2.0,0,119.78003496340452,0
70.59,Breast Conserving,Breast Cancer,Breast Invasive Lobular Carcinoma,High,0.0,LumA,3.0,Positive,Positive,3.0,Neutral,Negative,Lobular,1.0,Post,3,Left,0.0,5.0,4.05,ILC,Negative,1.0,1,ER+/HER2- High Prolif,25.0,2.0,0,118.487589728807,0
28.05,Breast Conserving,Breast Cancer,Breast Invasive Ductal Carcinoma,High,1.0,Basal,3.0,Negative,Negative,3.0,Neutral,Negative,Ductal/NST,0.0,Pre,10,Right,0.0,5.0,5.07,IDC,Negative,1.0,1,ER-/HER2-,35.0,2.0,1,65.3973929078788,1
56.33,Breast Conserving,Breast Cancer,Breast Invasive Ductal Carcinoma,Moderate,0.0,LumB,3.0,Positive,Positive,2.0,Gain,Positive,Ductal/NST,1.0,Post,5,Right,1.0,6.0,4.048,IDC,Negative,1.0,1,HER2+,24.0,2.0,1,18.21634608179758,1
66.38,Breast Conserving,Breast Cancer,Breast Invasive Ductal Carcinoma,Low,0.0,LumA,3.0,Positive,Positive,2.0,Neutral,Negative,Ductal/NST,0.0,Post,8,Right,0.0,7.0,3.03,IDC,Positive,1.0,1,ER+/HER2- Low Prolif,15.0,1.0,0,99.01954118081622,0
43.63,Mastectomy,Breast Cancer,Breast Invasive Ductal Carcinoma,Moderate,0.0,Normal,3.0,Positive,Positive,2.0,Neutral,Negative,Ductal/NST,0.0,Pre,9,Right,0.0,8.0,3.032,IDC,Positive,0.0,1,ER+/HER2- High Prolif,16.0,2.0,1,71.34911929096344,1
49.0,Mastectomy,Breast Cancer,Breast Invasive Ductal Carcinoma,Moderate,0.0,LumA,3.0,Positive,Positive,2.0,Neutral,Negative,Ductal/NST,0.0,Pre,8,Left,0.0,5.0,3.04,IDC,Negative,0.0,1,ER+/HER2- Low Prolif,20.0,1.0,0,71.9725470557487,0
65.41,Mastectomy,Breast Cancer,Breast Invasive Ductal Carcinoma,Moderate,0.0,LumA,3.0,Positive,Positive,3.0,Neutral,Negative,Ductal/NST,0.0,Post,8,Left,0.0,5.0,2.02,IDC,Positive,0.0,1,ER+/HER2- High Prolif,10.0,1.0,1,59.685294148324715,1
72.38,Mastectomy,Breast Cancer,Breast Invasive Ductal Carcinoma,Moderate,0.0,LumA,3.0,Positive,Positive,2.0,Neutral,Negative,Ductal/NST,1.0,Post,8,Left,0.0,7.0,3.06,IDC,Negative,0.0,1,ER+/HER2- Low Prolif,30.0,2.0,0,100.81369454587748,0
76.37,Mastectomy,Breast Cancer,Breast Invasive Ductal Carcinoma,Low,0.0,LumA,3.0,Positive,Positive,3.0,Neutral,Negative,Ductal/NST,1.0,Post,3,Right,1.0,7.0,5.04,IDC,Positive,0.0,1,ER+/HER2- Low Prolif,20.0,2.0,0,64.33190453875055,0
69.95,Mastectomy,Breast Cancer,Breast Invasive Ductal Carcinoma,High,0.0,Her2,3.0,Positive,Positive,2.0,Neutral,Negative,Ductal/NST,1.0,Post,1,Left,0.0,4.0,3.06,IDC,Negative,0.0,1,ER+/HER2- High Prolif,30.0,2.0,0,61.839150132348365,0
61.92,Mastectomy,Breast Cancer,Breast Invasive Ductal Carcinoma,Moderate,0.0,LumA,3.0,Positive,Positive,3.0,Neutral,Negative,Ductal/NST,0.0,Post,9,Left,0.0,7.0,3.036,IDC,Positive,0.0,1,ER+/HER2- High Prolif,18.0,1.0,0,75.46097331067283,0
32.74,Breast Conserving,Breast Cancer,Breast Invasive Ductal Carcinoma,Moderate,1.0,claudin-low,3.0,Negative,Negative,3.0,Neutral,Negative,Ductal/NST,1.0,Pre,10,Left,17.0,6.0,6.04,IDC,Negative,1.0,1,ER-/HER2-,20.0,2.0,1,107.87205173789637,1
67.86,Mastectomy,Breast Cancer,Breast Invasive Ductal Carcinoma,High,0.0,LumB,3.0,Positive,Positive,2.0,Neutral,Negative,Ductal/NST,1.0,Post,6,Right,14.0,1.0,5.1,IDC,Positive,1.0,1,ER+/HER2- High Prolif,50.0,3.0,1,49.8988213556245,1
69.93,Breast Conserving,Breast Cancer,Breast Invasive Ductal Carcinoma,High,1.0,Basal,3.0,Negative,Negative,3.0,Neutral,Negative,Ductal/NST,1.0,Post,10,Left,20.0,6.0,6.04,IDC,Negative,1.0,1,ER+/HER2- High Prolif,20.0,2.0,1,24.643237774181433,1
73.81,Mastectomy,Breast Cancer,Breast Invasive Ductal Carcinoma,Moderate,0.0,LumA,3.0,Positive,Positive,2.0,Neutral,Negative,Ductal/NST,0.0,Post,8,Left,0.0,5.0,3.03,IDC,Negative,0.0,1,ER+/HER2- Low Prolif,15.0,1.0,0,87.75737740435898,0
63.24,Breast Conserving,Breast Cancer,Breast Invasive Ductal Carcinoma,Low,0.0,LumA,3.0,Positive,Positive,2.0,Neutral,Negative,Ductal/NST,0.0,Post,8,Left,0.0,2.0,3.022,IDC,Positive,1.0,1,ER+/HER2- High Prolif,11.0,1.0,0,112.09635032450284,0
59.5,Breast Conserving,Breast Cancer,Breast Invasive Ductal Carcinoma,High,0.0,LumA,3.0,Positive,Positive,2.0,Neutral,Negative,Ductal/NST,1.0,Post,6,Right,0.0,5.0,4.03,IDC,Negative,1.0,1,ER+/HER2- High Prolif,15.0,2.0,0,103.63014418597848,0
61.06,Breast Conserving,Breast Cancer,Breast Invasive Ductal Carcinoma,High,0.0,LumB,3.0,Positive,Positive,3.0,Gain,Negative,Ductal/NST,1.0,Post,1,Left,0.0,3.0,4.082,IDC,Positive,1.0,1,ER+/HER2- High Prolif,41.0,2.0,1,27.443101661706272,1
64.94,Breast Conserving,Breast Cancer,Breast Invasive Ductal Carcinoma,High,0.0,LumA,3.0,Positive,Negative,2.0,Neutral,Negative,Ductal/NST,1.0,Post,4ER+,Left,0.0,5.0,3.03,IDC,Negative,1.0,1,ER+/HER2- Low Prolif,15.0,1.0,0,104.56239127199886,0
59.12,Mastectomy,Breast Cancer,Breast Invasive Lobular Carcinoma,Moderate,0.0,Normal,3.0,Positive,Positive,3.0,Neutral,Negative,Lobular,1.0,Post,3,Left,0.0,8.0,1.05,ILC,Negative,0.0,1,ER+/HER2- Low Prolif,25.0,2.0,1,94.243148225487,1
43.8,Breast Conserving,Breast Cancer,Breast Invasive Ductal Carcinoma,Moderate,0.0,Normal,3.0,Positive,Positive,2.0,Neutral,Negative,Ductal/NST,1.0,Pre,1,Right,0.0,2.0,3.034,IDC,Negative,1.0,1,ER+/HER2- Low Prolif,17.0,1.0,0,85.52960006688453,0
57.87,Mastectomy,Breast Cancer,Breast Invasive Ductal Carcinoma,Moderate,0.0,Basal,3.0,Positive,Negative,3.0,Gain,Positive,Ductal/NST,1.0,Post,5,Left,0.0,6.0,4.08,IDC,Negative,0.0,1,HER2+,40.0,2.0,1,78.7675508381562,1
74.71,Breast Conserving,Breast Cancer,Breast Invasive Ductal Carcinoma,High,0.0,LumB,3.0,Positive,Positive,2.0,Gain,Negative,Ductal/NST,1.0,Post,2,Right,7.0,6.0,5.0360000000000005,IDC,Positive,1.0,1,ER+/HER2- High Prolif,18.0,2.0,1,22.921249021261346,1
51.09,Breast Conserving,Breast Cancer,Breast Invasive Ductal Carcinoma,Moderate,0.0,LumA,3.0,Positive,Positive,2.0,Neutral,Negative,Ductal/NST,1.0,Post,8,Right,0.0,5.0,3.06,IDC,Positive,1.0,1,ER+/HER2- High Prolif,30.0,2.0,0,80.75609955281777,0
72.14,Breast Conserving,Breast Cancer,Breast Invasive Ductal Carcinoma,Moderate,0.0,LumA,3.0,Positive,Positive,2.0,Neutral,Negative,Ductal/NST,1.0,Post,3,Left,0.0,5.0,3.0239999999999996,IDC,Positive,1.0,1,ER+/HER2- Low Prolif,12.0,1.0,0,82.26232577907616,0
47.24,Breast Conserving,Breast Cancer,Breast Invasive Ductal Carcinoma,High,1.0,Her2,3.0,Negative,Negative,3.0,Gain,Positive,Ductal/NST,0.0,Pre,5,Left,1.0,9.0,5.06,IDC,Negative,1.0,1,HER2+,30.0,2.0,1,21.083535060419724,1
72.02,Mastectomy,Breast Cancer,Breast Invasive Lobular Carcinoma,High,0.0,LumB,3.0,Positive,Positive,3.0,Neutral,Negative,Lobular,1.0,Post,8,Right,0.0,7.0,4.0360000000000005,ILC,Positive,0.0,1,ER+/HER2- High Prolif,18.0,2.0,1,87.70466619758496,1
77.66,Mastectomy,Breast Cancer,Breast Mixed Ductal and Lobular Carcinoma,Moderate,0.0,LumA,3.0,Positive,Positive,3.0,Neutral,Negative,Mixed,1.0,Post,8,Right,5.0,3.0,3.08,MDLC,Positive,1.0,1,ER+/HER2- Low Prolif,40.0,2.0,0,119.25897382416348,0
69.72,Mastectomy,Breast Cancer,Breast Invasive Ductal Carcinoma,High,0.0,LumA,3.0,Positive,Positive,2.0,Loss,Negative,Ductal/NST,1.0,Post,7,Left,1.0,8.0,4.04,IDC,Negative,0.0,1,ER+/HER2- Low Prolif,20.0,2.0,1,19.8584046873329,1
83.96,Mastectomy,Breast Cancer,Breast Invasive Ductal Carcinoma,High,0.0,LumB,3.0,Positive,Positive,2.0,Neutral,Negative,Ductal/NST,1.0,Post,6,Right,0.0,5.0,3.052,IDC,Positive,0.0,1,ER+/HER2- High Prolif,26.0,3.0,0,62.406551484748945,0
63.48,Mastectomy,Breast Cancer,Breast Invasive Ductal Carcinoma,Moderate,1.0,Basal,3.0,Negative,Negative,3.0,Neutral,Negative,Ductal/NST,0.0,Post,10,Right,1.0,3.0,5.02,IDC,Negative,1.0,1,ER-/HER2-,10.0,2.0,1,100.76088640335847,1
74.98,Mastectomy,Breast Cancer,Breast Mixed Ductal and Lobular Carcinoma,Low,0.0,LumB,3.0,Positive,Positive,3.0,Undef,Negative,Mixed,0.0,Post,1,Left,0.0,2.0,4.06,MDLC,Positive,1.0,1,ER+/HER2- High Prolif,30.0,2.0,0,112.02188976734692,0
58.61,Breast Conserving,Breast Cancer,Breast Invasive Ductal Carcinoma,Low,0.0,LumA,3.0,Positive,Positive,3.0,Loss,Negative,Ductal/NST,0.0,Post,7,Right,0.0,13.0,4.03,IDC,Positive,1.0,1,ER+/HER2- High Prolif,15.0,1.0,0,94.72052451434361,0
64.08,Mastectomy,Breast Cancer,Breast Invasive Ductal Carcinoma,Moderate,0.0,LumA,3.0,Positive,Positive,2.0,Neutral,Negative,Ductal/NST,1.0,Post,8,Right,0.0,5.0,4.006,IDC,Positive,0.0,1,ER+/HER2- Low Prolif,3.0,2.0,0,86.31692515137543,0
46.58,Breast Conserving,Breast Cancer,Breast Invasive Ductal Carcinoma,Moderate,0.0,LumA,3.0,Positive,Positive,2.0,Neutral,Negative,Ductal/NST,0.0,Pre,3,Left,0.0,7.0,3.02,IDC,Positive,1.0,1,ER+/HER2- Low Prolif,10.0,1.0,0,103.51545962490819,0
38.59,Breast Conserving,Breast Cancer,Breast Invasive Ductal Carcinoma,Moderate,0.0,Basal,3.0,Negative,Negative,3.0,Neutral,Negative,Ductal/NST,0.0,Pre,10,Right,0.0,7.0,4.07,IDC,Negative,1.0,1,ER+/HER2- High Prolif,35.0,2.0,1,88.27416053290159,1
63.22,Mastectomy,Breast Cancer,Breast Invasive Lobular Carcinoma,Moderate,0.0,LumA,3.0,Positive,Positive,3.0,Neutral,Negative,Lobular,1.0,Post,4ER+,Right,0.0,5.0,4.04,ILC,Positive,0.0,1,ER+/HER2- Low Prolif,20.0,1.0,0,89.20013648548218,0
44.59,Mastectomy,Breast Cancer,Breast Invasive Ductal Carcinoma,High,1.0,Basal,3.0,Negative,Negative,3.0,Neutral,Negative,Ductal/NST,1.0,Pre,10,Right,2.0,5.0,5.03,IDC,Negative,1.0,1,ER-/HER2-,15.0,2.0,1,20.785668309325175,1
69.16,Mastectomy,Breast Cancer,Breast Invasive Ductal Carcinoma,High,0.0,LumB,3.0,Positive,Positive,3.0,Loss,Negative,Ductal/NST,1.0,Post,1,Right,4.0,4.0,6.058,IDC,Negative,1.0,1,ER+/HER2- High Prolif,29.0,2.0,1,21.162473121200726,1
77.31,Mastectomy,Breast Cancer,Breast Invasive Ductal Carcinoma,Moderate,0.0,LumB,3.0,Positive,Positive,2.0,Gain,Negative,Ductal/NST,1.0,Post,1,Right,0.0,5.0,5.1,IDC,Positive,1.0,1,ER+/HER2- High Prolif,50.0,2.0,0,112.40539428489963,0
78.8,Breast Conserving,Breast Cancer,Breast Invasive Ductal Carcinoma,Moderate,0.0,LumA,3.0,Positive,Positive,2.0,Neutral,Negative,Ductal/NST,0.0,Post,4ER+,Left,0.0,5.0,3.04,IDC,Positive,1.0,1,ER+/HER2- Low Prolif,20.0,1.0,0,114.04211184067552,0
57.14,Breast Conserving,Breast Cancer,Breast Invasive Ductal Carcinoma,High,0.0,LumB,3.0,Positive,Positive,2.0,Gain,Negative,Ductal/NST,1.0,Post,9,Right,0.0,4.0,3.034,IDC,Positive,1.0,1,ER+/HER2- High Prolif,17.0,1.0,0,85.30325561240733,0
61.55,Breast Conserving,Breast Cancer,Breast Mixed Ductal and Lobular Carcinoma,Moderate,0.0,Normal,3.0,Positive,Negative,3.0,Neutral,Negative,Mixed,1.0,Post,9,Right,0.0,2.0,4.05,MDLC,Negative,1.0,1,ER-/HER2-,25.0,2.0,0,76.60966783410309,0
76.72,Breast Conserving,Breast Cancer,Breast Invasive Ductal Carcinoma,Low,0.0,Her2,3.0,Positive,Negative,3.0,Neutral,Negative,Ductal/NST,0.0,Post,4ER+,Right,0.0,4.0,4.04,IDC,Negative,1.0,1,ER-/HER2-,20.0,1.0,0,95.54101971560173,0
69.29,Mastectomy,Breast Cancer,Breast Invasive Lobular Carcinoma,Low,0.0,Normal,3.0,Positive,Positive,2.0,Neutral,Negative,Lobular,0.0,Post,4ER+,Left,0.0,1.0,3.002,ILC,Positive,0.0,1,ER+/HER2- Low Prolif,1.0,1.0,1,118.55707447812695,1
76.19,Mastectomy,Breast Cancer,Breast Invasive Ductal Carcinoma,High,0.0,LumA,3.0,Positive,Positive,2.0,Neutral,Negative,Ductal/NST,1.0,Post,7,Right,1.0,16.0,4.034,IDC,Positive,0.0,1,ER+/HER2- High Prolif,17.0,2.0,1,52.42124594166099,1
31.87,Mastectomy,Breast Cancer,Breast Invasive Ductal Carcinoma,Low,0.0,Normal,3.0,Negative,Negative,3.0,Gain,Positive,Ductal/NST,0.0,Pre,3,Left,0.0,2.0,4.002,IDC,Negative,0.0,1,ER-/HER2-,1.0,1.0,0,114.74180073700145,0
51.08,Breast Conserving,Breast Cancer,Breast Invasive Ductal Carcinoma,Moderate,1.0,Normal,3.0,Negative,Negative,3.0,Neutral,Negative,Ductal/NST,1.0,Post,4ER-,Right,3.0,7.0,2.06,IDC,Negative,1.0,1,ER+/HER2- High Prolif,30.0,2.0,0,72.63973134033999,0
70.68,Breast Conserving,Breast Cancer,Breast Invasive Ductal Carcinoma,Moderate,0.0,Normal,3.0,Positive,Positive,3.0,Neutral,Negative,Ductal/NST,1.0,Post,4ER+,Right,4.0,8.0,6.024,IDC,Positive,1.0,1,ER-/HER2-,12.0,2.0,1,52.029351883224216,1
66.53,Breast Conserving,Breast Cancer,Breast Invasive Ductal Carcinoma,High,0.0,LumA,3.0,Positive,Positive,2.0,Gain,Negative,Ductal/NST,1.0,Post,7,Right,0.0,5.0,3.04,IDC,Positive,1.0,1,ER+/HER2- Low Prolif,20.0,1.0,0,97.37799501380897,0
68.52,Breast Conserving,Breast Cancer,Breast Invasive Ductal Carcinoma,High,0.0,LumB,3.0,Positive,Positive,2.0,Neutral,Negative,Ductal/NST,1.0,Post,8,Right,0.0,8.0,3.05,IDC,Positive,1.0,1,ER+/HER2- High Prolif,25.0,2.0,1,99.78235326381028,1
44.41,Breast Conserving,Breast Cancer,Breast Invasive Ductal Carcinoma,High,0.0,Normal,3.0,Positive,Positive,2.0,Neutral,Negative,Tubular/ cribriform,0.0,Pre,4ER+,Right,0.0,4.0,3.0239999999999996,IDC,Positive,1.0,1,ER+/HER2- Low Prolif,12.0,1.0,0,97.89361320555123,0
53.38,Mastectomy,Breast Cancer,Breast Invasive Ductal Carcinoma,Low,0.0,claudin-low,3.0,Positive,Negative,2.0,Neutral,Negative,Ductal/NST,0.0,Post,4ER-,Right,0.0,3.0,3.03,IDC,Negative,0.0,1,ER-/HER2-,15.0,1.0,0,103.98678134491686,0
69.04,Breast Conserving,Breast Cancer,Breast Invasive Ductal Carcinoma,High,0.0,LumA,3.0,Positive,Positive,3.0,Neutral,Negative,Ductal/NST,1.0,Post,3,Right,0.0,7.0,4.0360000000000005,IDC,Negative,1.0,1,ER+/HER2- Low Prolif,18.0,1.0,0,67.8940611076356,0
69.23,Mastectomy,Breast Cancer,Breast Invasive Ductal Carcinoma,High,0.0,LumB,3.0,Positive,Positive,3.0,Gain,Positive,Ductal/NST,1.0,Post,5,Right,11.0,8.0,6.06,IDC,Positive,1.0,1,HER2+,30.0,3.0,1,114.30284635745674,1
60.46,Mastectomy,Breast Cancer,Breast Invasive Ductal Carcinoma,Moderate,0.0,LumB,3.0,Positive,Positive,3.0,Neutral,Negative,Ductal/NST,1.0,Post,8,Left,0.0,6.0,1.06,IDC,Positive,0.0,1,ER+/HER2- High Prolif,30.0,2.0,0,102.9494978809253,0
62.84,Mastectomy,Breast Cancer,Breast Invasive Ductal Carcinoma,Moderate,0.0,LumB,3.0,Positive,Positive,3.0,Neutral,Negative,Ductal/NST,0.0,Post,3,Right,0.0,15.0,4.05,IDC,Positive,0.0,1,ER+/HER2- High Prolif,25.0,2.0,1,118.48811489287006,1
46.79,Breast Conserving,Breast Cancer,Breast Invasive Ductal Carcinoma,Low,0.0,Normal,3.0,Positive,Positive,2.0,Neutral,Negative,Ductal/NST,0.0,Pre,4ER+,Right,0.0,3.0,3.022,IDC,Positive,1.0,1,ER+/HER2- Low Prolif,11.0,1.0,0,114.54195123993846,0
49.57,Mastectomy,Breast Cancer,Breast Invasive Ductal Carcinoma,Moderate,1.0,Her2,3.0,Negative,Negative,3.0,Gain,Positive,Ductal/NST,1.0,Pre,5,Right,7.0,11.0,6.08,IDC,Negative,1.0,1,HER2+,40.0,3.0,0,70.78098653221451,0
69.05,Mastectomy,Breast Cancer,Breast Invasive Ductal Carcinoma,High,0.0,Basal,3.0,Negative,Negative,3.0,Neutral,Negative,Ductal/NST,1.0,Post,10,Left,0.0,8.0,4.1,IDC,Negative,0.0,1,ER-/HER2-,50.0,2.0,1,93.3648440079657,1
54.69,Mastectomy,Breast Cancer,Breast Invasive Ductal Carcinoma,High,0.0,Her2,3.0,Positive,Positive,3.0,Gain,Positive,Ductal/NST,0.0,Post,5,Right,0.0,6.0,1.03,IDC,Negative,0.0,1,HER2+,15.0,2.0,0,74.25259949543266,0
50.08,Breast Conserving,Breast Cancer,Breast Invasive Ductal Carcinoma,Moderate,0.0,claudin-low,3.0,Positive,Positive,3.0,Neutral,Negative,Ductal/NST,1.0,Post,4ER+,Right,3.0,2.0,2.036,IDC,Positive,1.0,1,ER+/HER2- Low Prolif,18.0,2.0,0,118.28370564249838,0
53.96,Breast Conserving,Breast Cancer,Invasive Breast Carcinoma,High,0.0,claudin-low,3.0,Positive,Positive,2.0,Neutral,Negative,Ductal/NST,0.0,Post,4ER+,Right,0.0,19.0,3.03,BRCA,Negative,1.0,1,ER+/HER2- High Prolif,15.0,1.0,1,52.6360352373389,1
68.53,Mastectomy,Breast Cancer,Breast Invasive Ductal Carcinoma,High,0.0,claudin-low,3.0,Positive,Positive,3.0,Loss,Negative,Ductal/NST,1.0,Post,4ER+,Right,1.0,3.0,5.0,IDC,Negative,0.0,1,ER+/HER2- High Prolif,23.0,2.0,1,21.018077403456225,1
65.26,Mastectomy,Breast Cancer,Breast Invasive Lobular Carcinoma,Low,0.0,Normal,3.0,Positive,Positive,3.0,Neutral,Negative,Lobular,1.0,Post,6,Right,0.0,6.0,4.04,ILC,Negative,0.0,1,ER+/HER2- Low Prolif,20.0,1.0,0,70.85861716256939,0
68.6,Mastectomy,Breast Cancer,Breast Mixed Ductal and Lobular Carcinoma,Moderate,0.0,LumA,3.0,Positive,Positive,3.0,Neutral,Negative,Mixed,1.0,Post,3,Right,0.0,9.0,4.03,MDLC,Negative,0.0,1,ER+/HER2- Low Prolif,15.0,1.0,0,111.26310560217475,0
78.04,Breast Conserving,Breast Cancer,Breast Mixed Ductal and Lobular Carcinoma,Moderate,0.0,LumA,3.0,Positive,Positive,3.0,Neutral,Negative,Mixed,1.0,Post,3,Right,0.0,5.0,4.06,MDLC,Positive,1.0,1,ER+/HER2- Low Prolif,30.0,2.0,0,89.53667138688209,0
74.34,Breast Conserving,Breast Cancer,Breast Invasive Ductal Carcinoma,Moderate,0.0,LumA,3.0,Positive,Positive,2.0,Neutral,Negative,Ductal/NST,1.0,Post,8,Left,0.0,8.0,3.03,IDC,Positive,1.0,1,ER+/HER2- Low Prolif,15.0,1.0,1,95.93186692016317,1
79.76,Mastectomy,Breast Cancer,Breast Invasive Lobular Carcinoma,Moderate,0.0,LumA,3.0,Positive,Positive,2.0,Neutral,Negative,Lobular,0.0,Post,4ER+,Right,0.0,7.0,3.04,ILC,Positive,0.0,1,ER+/HER2- Low Prolif,20.0,1.0,1,72.30765897146695,1
61.88,Mastectomy,Breast Cancer,Breast Invasive Ductal Carcinoma,Moderate,0.0,LumA,3.0,Positive,Positive,3.0,Neutral,Negative,Ductal/NST,1.0,Post,4ER+,Left,0.0,7.0,4.07,IDC,Positive,0.0,1,ER+/HER2- Low Prolif,35.0,2.0,1,57.81597699867344,1
42.84,Breast Conserving,Breast Cancer,Breast Invasive Ductal Carcinoma,Low,0.0,LumA,3.0,Positive,Positive,3.0,Gain,Positive,Ductal/NST,0.0,Pre,6,Left,0.0,13.0,1.02,IDC,Positive,1.0,1,ER+/HER2- High Prolif,10.0,1.0,0,74.83386446419063,0
65.44,Mastectomy,Breast Cancer,Breast Invasive Ductal Carcinoma,High,0.0,Basal,3.0,Positive,Positive,3.0,Neutral,Negative,Ductal/NST,1.0,Post,10,Left,1.0,2.0,5.05,IDC,Negative,0.0,1,ER-/HER2-,25.0,2.0,1,109.88627359023148,1
69.24,Breast Conserving,Breast Cancer,Breast Invasive Ductal Carcinoma,Moderate,0.0,LumA,3.0,Positive,Positive,3.0,Neutral,Negative,Ductal/NST,1.0,Post,4ER+,Right,9.0,4.0,6.1,IDC,Positive,0.0,1,ER+/HER2- Low Prolif,50.0,2.0,1,24.009328089064343,1
53.07,Breast Conserving,Breast Cancer,Invasive Breast Carcinoma,Low,0.0,Basal,3.0,Negative,Negative,3.0,Gain,Positive,Ductal/NST,0.0,Post,4ER-,Right,0.0,5.0,4.03,BRCA,Negative,1.0,1,ER+/HER2- High Prolif,15.0,1.0,0,112.24499407635068,0
54.75,Mastectomy,Breast Cancer,Breast Invasive Lobular Carcinoma,Moderate,0.0,LumA,3.0,Positive,Positive,3.0,Neutral,Negative,Lobular,1.0,Post,8,Left,0.0,8.0,4.04,ILC,Positive,0.0,1,ER+/HER2- High Prolif,20.0,1.0,0,86.71831530015993,0
88.8,Mastectomy,Breast Cancer,Breast Invasive Ductal Carcinoma,Moderate,0.0,LumA,3.0,Positive,Positive,1.0,Neutral,Negative,Ductal/NST,1.0,Post,7,Left,1.0,6.0,3.06,IDC,Positive,0.0,1,ER+/HER2- High Prolif,30.0,2.0,1,65.20351126341279,1
72.16,Breast Conserving,Breast Cancer,Breast Invasive Ductal Carcinoma,Moderate,0.0,LumA,3.0,Positive,Positive,3.0,Gain,Positive,Ductal/NST,1.0,Post,5,Left,0.0,5.0,4.03,IDC,Positive,1.0,1,HER2+,15.0,1.0,0,90.8890412357814,0
52.98,Mastectomy,Breast Cancer,Breast Invasive Ductal Carcinoma,High,0.0,LumA,3.0,Positive,Positive,2.0,Neutral,Negative,Ductal/NST,0.0,Post,7,Left,0.0,13.0,3.03,IDC,Negative,0.0,1,ER+/HER2- High Prolif,15.0,1.0,1,13.226193634881259,1
62.11,Mastectomy,Breast Cancer,Breast Invasive Ductal Carcinoma,High,0.0,LumA,3.0,Positive,Positive,2.0,Neutral,Negative,Ductal/NST,1.0,Post,9,Left,3.0,1.0,4.05,IDC,Negative,0.0,1,ER+/HER2- High Prolif,25.0,2.0,0,81.55400216398594,0
65.35,Mastectomy,Breast Cancer,Breast Invasive Ductal Carcinoma,Low,0.0,Basal,3.0,Negative,Negative,3.0,Gain,Positive,Ductal/NST,1.0,Post,5,Right,0.0,2.0,4.03,IDC,Negative,0.0,1,HER2+,15.0,1.0,0,95.57705108609565,0
70.23,Breast Conserving,Breast Cancer,Breast Invasive Ductal Carcinoma,Moderate,0.0,LumB,3.0,Positive,Positive,3.0,Gain,Negative,Ductal/NST,1.0,Post,1,Right,0.0,5.0,4.03,IDC,Negative,1.0,1,ER+/HER2- High Prolif,15.0,1.0,1,62.615349335365636,1
73.17,Breast Conserving,Breast Cancer,Breast Invasive Ductal Carcinoma,Moderate,0.0,LumA,3.0,Positive,Positive,2.0,Neutral,Negative,Ductal/NST,1.0,Post,8,Right,0.0,2.0,3.04,IDC,Positive,1.0,1,ER+/HER2- Low Prolif,20.0,1.0,1,18.080753773638435,1
76.91,Breast Conserving,Breast Cancer,Breast Invasive Ductal Carcinoma,Moderate,0.0,LumA,3.0,Positive,Positive,3.0,Neutral,Negative,Ductal/NST,1.0,Post,3,Right,3.0,6.0,2.048,IDC,Positive,0.0,1,ER+/HER2- Low Prolif,24.0,2.0,0,69.81143235510136,0
50.24,Breast Conserving,Breast Cancer,Breast Invasive Ductal Carcinoma,High,1.0,Basal,3.0,Negative,Positive,3.0,Neutral,Negative,Ductal/NST,1.0,Post,9,Left,3.0,9.0,5.07,IDC,Negative,1.0,1,ER-/HER2-,35.0,2.0,0,83.46489219910565,0
67.45,Mastectomy,Breast Cancer,Breast Mixed Ductal and Lobular Carcinoma,Moderate,0.0,LumA,3.0,Positive,Positive,2.0,Neutral,Negative,Mixed,0.0,Post,2,Right,0.0,3.0,3.03,MDLC,Negative,0.0,1,ER+/HER2- Low Prolif,15.0,1.0,0,118.16473934011725,0
52.43,Mastectomy,Breast Cancer,Breast Invasive Ductal Carcinoma,Moderate,0.0,Basal,3.0,Negative,Negative,3.0,Neutral,Negative,Ductal/NST,0.0,Post,10,Left,0.0,7.0,4.053999999999999,IDC,Negative,0.0,1,ER-/HER2-,27.0,2.0,0,75.48800596206765,0
79.17,Mastectomy,Breast Cancer,Breast Invasive Ductal Carcinoma,Moderate,0.0,Basal,3.0,Negative,Negative,3.0,Neutral,Negative,Ductal/NST,1.0,Post,4ER-,Right,0.0,6.0,4.12,IDC,Negative,1.0,1,ER-/HER2-,60.0,2.0,0,99.40419987247753,0
68.42,Mastectomy,Breast Cancer,Breast Invasive Ductal Carcinoma,High,0.0,LumB,3.0,Positive,Positive,3.0,Neutral,Negative,Ductal/NST,1.0,Post,7,Right,0.0,7.0,4.06,IDC,Positive,0.0,1,ER+/HER2- High Prolif,30.0,2.0,0,79.5114038534817,0
80.17,Mastectomy,Breast Cancer,Breast Invasive Ductal Carcinoma,High,0.0,LumB,3.0,Positive,Positive,3.0,Gain,Positive,Ductal/NST,1.0,Post,5,Right,0.0,4.0,4.07,IDC,Negative,0.0,1,HER2+,35.0,2.0,0,106.40838754119603,0
74.98,Mastectomy,Breast Cancer,Breast Invasive Ductal Carcinoma,High,1.0,Her2,3.0,Negative,Negative,3.0,Gain,Negative,Ductal/NST,1.0,Post,5,Left,12.0,9.0,6.05,IDC,Negative,1.0,1,HER2+,25.0,3.0,1,24.83233495695177,1
66.57,Breast Conserving,Breast Cancer,Breast Invasive Ductal Carcinoma,Low,0.0,Normal,3.0,Positive,Positive,2.0,Neutral,Negative,Ductal/NST,1.0,Post,2,Left,0.0,1.0,3.04,IDC,Positive,1.0,1,ER+/HER2- Low Prolif,20.0,1.0,1,24.692834651927328,1
74.11,Mastectomy,Breast Cancer,Breast Invasive Ductal Carcinoma,High,0.0,LumB,3.0,Positive,Positive,3.0,Neutral,Negative,Ductal/NST,1.0,Post,8,Right,6.0,3.0,6.056,IDC,Negative,1.0,1,ER+/HER2- High Prolif,28.0,2.0,1,82.11471262853486,1
42.11,Breast Conserving,Breast Cancer,Breast Invasive Ductal Carcinoma,High,0.0,LumB,3.0,Positive,Positive,3.0,Neutral,Negative,Ductal/NST,0.0,Pre,1,Left,0.0,5.0,4.02,IDC,Negative,1.0,1,ER+/HER2- High Prolif,10.0,1.0,0,67.85241964310099,0
55.77,Mastectomy,Breast Cancer,Invasive Breast Carcinoma,Moderate,0.0,LumA,3.0,Positive,Positive,2.0,Neutral,Negative,Ductal/NST,1.0,Post,4ER+,Left,0.0,5.0,3.04,BRCA,Positive,0.0,1,ER+/HER2- Low Prolif,20.0,1.0,0,118.18926270471269,0
63.53,Mastectomy,Breast Cancer,Breast Invasive Ductal Carcinoma,High,0.0,LumA,3.0,Positive,Positive,1.0,Neutral,Negative,Ductal/NST,0.0,Post,8,Left,0.0,6.0,2.04,IDC,Positive,0.0,1,ER+/HER2- Low Prolif,20.0,1.0,0,87.22737248301836,0
76.2,Breast Conserving,Breast Cancer,Breast Invasive Ductal Carcinoma,Moderate,0.0,claudin-low,3.0,Negative,Negative,3.0,Gain,Negative,Ductal/NST,1.0,Post,10,Right,0.0,3.0,4.03,IDC,Negative,1.0,1,ER-/HER2-,15.0,1.0,1,92.57284696066571,1
42.05,Breast Conserving,Breast Cancer,Breast Invasive Ductal Carcinoma,Moderate,1.0,claudin-low,3.0,Negative,Negative,2.0,Neutral,Negative,Ductal/NST,0.0,Pre,4ER-,Right,2.0,2.0,4.044,IDC,Negative,1.0,1,ER-/HER2-,22.0,2.0,0,74.16302780078783,0
90.23,Mastectomy,Breast Cancer,Breast Invasive Ductal Carcinoma,High,0.0,LumA,3.0,Positive,Positive,3.0,Neutral,Negative,Ductal/NST,1.0,Post,7,Left,1.0,9.0,5.04,IDC,Positive,0.0,1,ER+/HER2- Low Prolif,20.0,2.0,1,75.00382663049324,1
68.01,Breast Conserving,Breast Cancer,Breast Invasive Ductal Carcinoma,High,0.0,Basal,3.0,Negative,Negative,3.0,Neutral,Negative,Ductal/NST,1.0,Post,10,Left,0.0,10.0,4.06,IDC,Negative,1.0,1,ER-/HER2-,30.0,2.0,1,115.91463523525053,1
75.53,Breast Conserving,Breast Cancer,Breast Invasive Ductal Carcinoma,Moderate,0.0,LumB,3.0,Positive,Positive,3.0,Loss,Negative,Ductal/NST,0.0,Post,4ER+,Left,0.0,5.0,4.03,IDC,Negative,1.0,1,ER+/HER2- High Prolif,15.0,1.0,0,64.40980483980076,0
74.46,Mastectomy,Breast Cancer,Breast Invasive Ductal Carcinoma,High,0.0,LumA,3.0,Positive,Positive,2.0,Neutral,Negative,Ductal/NST,1.0,Post,4ER+,Right,1.0,5.0,4.03,IDC,Positive,0.0,1,ER+/HER2- High Prolif,15.0,2.0,0,70.18547430525244,0
72.56,Breast Conserving,Breast Cancer,Breast Invasive Ductal Carcinoma,Moderate,0.0,LumB,3.0,Positive,Positive,3.0,Neutral,Negative,Ductal/NST,1.0,Post,7,Left,0.0,7.0,4.06,IDC,Positive,1.0,1,ER+/HER2- High Prolif,30.0,2.0,0,91.18643691336106,0
39.99,Mastectomy,Breast Cancer,Breast Invasive Ductal Carcinoma,High,1.0,Basal,3.0,Negative,Negative,3.0,Gain,Positive,Ductal/NST,0.0,Pre,5,Right,1.0,8.0,5.05,IDC,Negative,0.0,1,HER2+,25.0,2.0,1,52.48602258856004,1
48.17,Breast Conserving,Breast Cancer,Breast Invasive Mixed Mucinous Carcinoma,Moderate,0.0,LumA,3.0,Positive,Positive,2.0,Neutral,Negative,Mucinous,0.0,Pre,3,Right,0.0,6.0,3.03,IMMC,Positive,1.0,1,ER+/HER2- Low Prolif,15.0,1.0,0,80.22019058587718,0
61.28,Mastectomy,Breast Cancer,Breast Invasive Ductal Carcinoma,Moderate,0.0,Her2,3.0,Negative,Negative,3.0,Gain,Positive,Ductal/NST,1.0,Post,5,Left,0.0,5.0,3.05,IDC,Negative,0.0,1,HER2+,25.0,2.0,1,42.85690531844096,1
74.53,Breast Conserving,Breast Cancer,Breast Invasive Ductal Carcinoma,Moderate,0.0,Basal,3.0,Negative,Negative,2.0,Neutral,Negative,Ductal/NST,0.0,Post,10,Left,0.0,5.0,3.028,IDC,Negative,1.0,1,ER-/HER2-,14.0,1.0,0,109.73300195295657,0
79.59,Breast Conserving,Breast Cancer,Breast Invasive Ductal Carcinoma,Moderate,0.0,LumB,3.0,Positive,Positive,2.0,Neutral,Negative,Ductal/NST,1.0,Post,8,Right,0.0,4.0,3.06,IDC,Positive,1.0,1,ER+/HER2- High Prolif,30.0,2.0,0,85.85325141970836,0
59.04,Breast Conserving,Breast Cancer,Breast Invasive Ductal Carcinoma,Moderate,0.0,Basal,3.0,Positive,Negative,2.0,Neutral,Negative,Ductal/NST,0.0,Post,9,Right,0.0,13.0,3.012,IDC,Negative,1.0,1,ER-/HER2-,6.0,1.0,0,74.92285635525779,0
63.02,Breast Conserving,Breast Cancer,Breast Invasive Ductal Carcinoma,High,1.0,Basal,3.0,Negative,Negative,3.0,Neutral,Negative,Ductal/NST,1.0,Post,10,Right,3.0,5.0,5.13,IDC,Negative,1.0,1,ER-/HER2-,65.0,3.0,0,97.0286991962418,0
46.03,Breast Conserving,Breast Cancer,Breast Invasive Ductal Carcinoma,Moderate,1.0,Normal,3.0,Negative,Positive,3.0,Gain,Positive,Ductal/NST,0.0,Pre,5,Right,2.0,4.0,5.04,IDC,Negative,1.0,1,HER2+,20.0,2.0,1,105.80870584446171,1
69.5,Mastectomy,Breast Cancer,Breast Mixed Ductal and Lobular Carcinoma,High,0.0,LumB,3.0,Positive,Positive,2.0,Neutral,Negative,Mixed,0.0,Post,9,Right,0.0,1.0,3.03,MDLC,Positive,0.0,1,ER+/HER2- High Prolif,15.0,1.0,0,102.40663301312675,0
56.92,Breast Conserving,Breast Cancer,Breast Mixed Ductal and Lobular Carcinoma,High,0.0,LumA,3.0,Positive,Positive,2.0,Neutral,Negative,Mixed,0.0,Post,7,Right,0.0,5.0,3.0239999999999996,MDLC,Positive,1.0,1,ER+/HER2- Low Prolif,12.0,1.0,1,36.14835056010089,1
62.79,Mastectomy,Breast Cancer,Breast Invasive Ductal Carcinoma,High,0.0,LumB,3.0,Positive,Positive,1.0,Gain,Negative,Ductal/NST,1.0,Post,1,Right,2.0,7.0,3.11,IDC,Negative,0.0,1,ER+/HER2- High Prolif,55.0,2.0,1,116.02803425958602,1
69.2,Mastectomy,Breast Cancer,Breast Invasive Ductal Carcinoma,High,0.0,LumB,3.0,Positive,Positive,3.0,Neutral,Negative,Ductal/NST,1.0,Post,6,Left,0.0,5.0,4.08,IDC,Positive,0.0,1,ER+/HER2- High Prolif,40.0,2.0,0,70.02251447405699,0
76.77,Mastectomy,Breast Cancer,Breast Invasive Ductal Carcinoma,Moderate,0.0,LumA,3.0,Positive,Positive,3.0,Neutral,Negative,Ductal/NST,1.0,Post,3,Left,1.0,2.0,2.04,IDC,Positive,0.0,1,ER+/HER2- Low Prolif,20.0,2.0,1,13.312683266500166,1
69.59,Mastectomy,Breast Cancer,Breast Mixed Ductal and Lobular Carcinoma,Moderate,0.0,LumA,3.0,Positive,Positive,2.0,Neutral,Negative,Mixed,1.0,Post,3,Left,0.0,4.0,3.06,MDLC,Positive,0.0,1,ER+/HER2- Low Prolif,30.0,2.0,1,116.74691328442502,1
70.31,Mastectomy,Breast Cancer,Breast Invasive Ductal Carcinoma,Moderate,0.0,LumA,3.0,Positive,Positive,2.0,Neutral,Negative,Ductal/NST,1.0,Post,8,Right,3.0,4.0,4.046,IDC,Positive,1.0,1,ER+/HER2- High Prolif,23.0,2.0,1,16.66127049066222,1
72.77,Mastectomy,Breast Cancer,Breast Invasive Ductal Carcinoma,High,0.0,Basal,3.0,Negative,Negative,3.0,Neutral,Negative,Ductal/NST,1.0,Post,10,Left,0.0,5.0,4.06,IDC,Negative,0.0,1,ER-/HER2-,30.0,2.0,1,108.24345627939168,1
41.28,Mastectomy,Breast Cancer,Breast Invasive Ductal Carcinoma,High,1.0,Her2,3.0,Negative,Negative,3.0,Gain,Positive,Ductal/NST,0.0,Pre,5,Right,1.0,10.0,5.07,IDC,Negative,1.0,1,HER2+,35.0,2.0,1,68.99171978132038,1
72.23,Breast Conserving,Breast Cancer,Breast Mixed Ductal and Lobular Carcinoma,Moderate,0.0,LumB,3.0,Positive,Positive,3.0,Neutral,Negative,Mixed,0.0,Post,7,Right,0.0,5.0,4.03,MDLC,Positive,1.0,1,ER+/HER2- High Prolif,15.0,1.0,0,70.05715297729905,0
66.12,Breast Conserving,Breast Cancer,Breast Invasive Ductal Carcinoma,High,0.0,LumB,3.0,Positive,Positive,2.0,Neutral,Negative,Ductal/NST,0.0,Post,4ER+,Right,0.0,3.0,3.03,IDC,Positive,1.0,1,ER+/HER2- High Prolif,15.0,1.0,1,119.24019798088443,1
46.4,Breast Conserving,Breast Cancer,Breast Invasive Ductal Carcinoma,High,0.0,LumA,3.0,Positive,Positive,3.0,Neutral,Negative,Ductal/NST,0.0,Pre,8,Left,0.0,7.0,4.0360000000000005,IDC,Positive,1.0,1,ER+/HER2- Low Prolif,18.0,1.0,0,62.20028561601258,0
76.83,Mastectomy,Breast Cancer,Breast Invasive Ductal Carcinoma,High,0.0,LumB,3.0,Positive,Positive,3.0,Gain,Positive,Ductal/NST,1.0,Post,1,Left,0.0,10.0,4.06,IDC,Negative,0.0,1,ER+/HER2- High Prolif,30.0,2.0,1,19.970028991423078,1
52.77,Breast Conserving,Breast Cancer,Breast Invasive Ductal Carcinoma,Moderate,0.0,LumA,3.0,Positive,Positive,2.0,Neutral,Negative,Ductal/NST,0.0,Post,2,Right,0.0,6.0,3.03,IDC,Positive,1.0,1,ER+/HER2- Low Prolif,15.0,1.0,1,71.81626271534265,1
47.98,Breast Conserving,Breast Cancer,Breast Mixed Ductal and Lobular Carcinoma,Moderate,0.0,LumA,3.0,Positive,Positive,2.0,Neutral,Negative,Mixed,0.0,Pre,3,Right,0.0,4.0,3.06,MDLC,Positive,1.0,1,ER+/HER2- Low Prolif,30.0,2.0,0,104.18412090393844,0
67.1,Mastectomy,Breast Cancer,Breast Mixed Ductal and Lobular Carcinoma,High,0.0,LumA,3.0,Positive,Positive,3.0,Neutral,Negative,Mixed,1.0,Post,8,Left,1.0,7.0,5.07,MDLC,Positive,0.0,1,ER+/HER2- High Prolif,35.0,2.0,0,99.8282716573083,0
58.25,Mastectomy,Breast Cancer,Breast Invasive Ductal Carcinoma,High,0.0,LumB,3.0,Positive,Positive,2.0,Gain,Negative,Medullary,1.0,Post,9,Left,0.0,10.0,3.08,IDC,Negative,0.0,1,ER+/HER2- High Prolif,40.0,2.0,0,88.47785254498883,0
40.71,Breast Conserving,Breast Cancer,Breast Invasive Ductal Carcinoma,Moderate,0.0,claudin-low,3.0,Positive,Positive,3.0,Neutral,Negative,Medullary,0.0,Pre,4ER+,Left,0.0,10.0,4.04,IDC,Negative,1.0,1,ER+/HER2- High Prolif,20.0,1.0,0,110.65022693815183,0
60.33,Mastectomy,Breast Cancer,Breast Invasive Ductal Carcinoma,High,0.0,LumB,3.0,Positive,Positive,3.0,Neutral,Negative,Ductal/NST,1.0,Post,6,Left,0.0,2.0,4.04,IDC,Positive,0.0,1,ER+/HER2- High Prolif,20.0,1.0,1,116.6846738468627,1
72.19,Mastectomy,Breast Cancer,Breast Invasive Ductal Carcinoma,Moderate,0.0,Her2,3.0,Positive,Positive,2.0,Neutral,Negative,Ductal/NST,0.0,Post,3,Left,0.0,80.0,3.0,IDC,Negative,0.0,1,ER+/HER2- High Prolif,23.0,2.0,1,68.49456717037607,1
35.78,Mastectomy,Breast Cancer,Breast Invasive Ductal Carcinoma,Low,0.0,Normal,3.0,Positive,Positive,2.0,Neutral,Negative,Ductal/NST,0.0,Pre,8,Right,0.0,5.0,3.036,IDC,Positive,0.0,1,ER+/HER2- Low Prolif,18.0,2.0,0,108.34020917700319,0
47.92,Mastectomy,Breast Cancer,Breast Mixed Ductal and Lobular Carcinoma,Moderate,0.0,Normal,3.0,Positive,Positive,3.0,Neutral,Negative,Mixed,0.0,Pre,4ER+,Left,0.0,2.0,1.04,MDLC,Positive,0.0,1,ER+/HER2- Low Prolif,20.0,1.0,1,79.97505291860836,1
66.55,Mastectomy,Breast Cancer,Breast Invasive Ductal Carcinoma,High,0.0,LumA,3.0,Positive,Positive,3.0,Neutral,Negative,Ductal/NST,0.0,Post,8,Right,0.0,6.0,4.08,IDC,Negative,0.0,1,ER+/HER2- High Prolif,40.0,2.0,1,87.14085841033865,1
45.85,Mastectomy,Breast Cancer,Breast Mixed Ductal and Lobular Carcinoma,Low,0.0,Normal,3.0,Positive,Positive,3.0,Loss,Negative,Mixed,0.0,Pre,1,Left,0.0,9.0,4.004,MDLC,Positive,0.0,1,ER+/HER2- High Prolif,2.0,2.0,1,61.090434994919505,1
68.18,Mastectomy,Breast Cancer,Breast Mixed Ductal and Lobular Carcinoma,Moderate,0.0,LumA,3.0,Positive,Positive,3.0,Neutral,Negative,Mixed,1.0,Post,3,Left,5.0,9.0,6.08,MDLC,Positive,1.0,1,ER+/HER2- Low Prolif,40.0,2.0,1,79.77627264907885,1
69.46,Breast Conserving,Breast Cancer,Breast Invasive Ductal Carcinoma,Moderate,0.0,LumA,3.0,Positive,Positive,2.0,Neutral,Negative,Ductal/NST,0.0,Post,3,Left,0.0,5.0,3.04,IDC,Positive,1.0,1,ER+/HER2- Low Prolif,20.0,1.0,0,95.12126186380513,0
70.1,Breast Conserving,Breast Cancer,Breast Invasive Ductal Carcinoma,High,0.0,LumB,3.0,Positive,Positive,2.0,Neutral,Negative,Ductal/NST,1.0,Post,3,Right,2.0,22.0,4.07,IDC,Negative,1.0,1,ER+/HER2- High Prolif,35.0,2.0,0,112.09627683079552,0
65.45,Breast Conserving,Breast Cancer,Breast Invasive Ductal Carcinoma,High,0.0,LumA,3.0,Positive,Positive,3.0,Neutral,Negative,Ductal/NST,1.0,Post,8,Left,0.0,5.0,5.052,IDC,Positive,1.0,1,ER+/HER2- Low Prolif,26.0,2.0,1,75.10594568769483,1
69.42,Mastectomy,Breast Cancer,Breast Invasive Ductal Carcinoma,High,0.0,LumA,3.0,Positive,Positive,2.0,Neutral,Negative,Ductal/NST,0.0,Post,8,Left,0.0,7.0,3.0439999999999996,IDC,Positive,0.0,1,ER+/HER2- Low Prolif,22.0,2.0,1,109.32506513302681,1
67.25,Breast Conserving,Breast Cancer,Breast Invasive Ductal Carcinoma,High,0.0,LumB,3.0,Positive,Positive,2.0,Gain,Negative,Ductal/NST,1.0,Post,9,Right,0.0,4.0,3.03,IDC,Positive,1.0,1,ER+/HER2- High Prolif,15.0,1.0,0,72.3504726022061,0
82.06,Mastectomy,Breast Cancer,Breast Invasive Ductal Carcinoma,Moderate,0.0,LumB,3.0,Positive,Positive,2.0,Gain,Positive,Ductal/NST,0.0,Post,5,Left,0.0,5.0,3.01,IDC,Negative,0.0,1,ER+/HER2- High Prolif,5.0,2.0,1,16.90820907687745,1
70.86,Breast Conserving,Breast Cancer,Breast Mixed Ductal and Lobular Carcinoma,High,0.0,LumA,3.0,Positive,Positive,2.0,Neutral,Negative,Mixed,0.0,Post,3,Left,0.0,10.0,3.06,MDLC,Positive,1.0,1,ER+/HER2- Low Prolif,30.0,2.0,0,66.71517716386367,0
31.71,Mastectomy,Breast Cancer,Breast Invasive Ductal Carcinoma,Moderate,1.0,Basal,3.0,Negative,Negative,3.0,Neutral,Negative,Ductal/NST,1.0,Pre,10,Right,14.0,5.0,6.1979999999999995,IDC,Positive,1.0,1,ER-/HER2-,99.0,3.0,0,76.18497669101937,0
60.51,Breast Conserving,Breast Cancer,Breast Invasive Ductal Carcinoma,Low,0.0,Basal,3.0,Negative,Negative,2.0,Neutral,Negative,Ductal/NST,0.0,Post,10,Left,0.0,10.0,3.05,IDC,Negative,1.0,1,ER-/HER2-,25.0,2.0,1,42.34402447596087,1
78.93,Mastectomy,Breast Cancer,Breast Invasive Ductal Carcinoma,Moderate,0.0,claudin-low,3.0,Positive,Negative,3.0,Gain,Positive,Ductal/NST,1.0,Post,5,Right,6.0,7.0,6.08,IDC,Negative,1.0,1,HER2+,40.0,3.0,1,114.64444028026834,1
49.63,Breast Conserving,Breast Cancer,Breast Invasive Lobular Carcinoma,High,1.0,Basal,3.0,Negative,Negative,3.0,Neutral,Negative,Lobular,0.0,Pre,10,Right,5.0,3.0,6.046,ILC,Negative,0.0,1,ER-/HER2-,23.0,2.0,1,108.14848866021896,1
53.35,Breast Conserving,Breast Cancer,Breast Invasive Lobular Carcinoma,High,1.0,Basal,3.0,Negative,Negative,3.0,Neutral,Negative,Lobular,1.0,Post,10,Left,2.0,8.0,5.08,ILC,Negative,0.0,1,ER-/HER2-,40.0,2.0,1,61.210929300856996,1
55.53,Breast Conserving,Breast Cancer,Breast Invasive Ductal Carcinoma,Moderate,0.0,LumA,3.0,Positive,Positive,1.0,Neutral,Negative,Ductal/NST,0.0,Post,8,Right,0.0,7.0,2.03,IDC,Positive,1.0,1,ER+/HER2- Low Prolif,15.0,1.0,0,63.42521136535889,0
64.46,Breast Conserving,Breast Cancer,Invasive Breast Carcinoma,Moderate,0.0,Her2,3.0,Negative,Positive,2.0,Neutral,Negative,Ductal/NST,0.0,Post,8,Left,0.0,5.0,3.036,BRCA,Negative,1.0,1,ER-/HER2-,18.0,1.0,0,91.87017168006192,0
52.81,Mastectomy,Breast Cancer,Invasive Breast Carcinoma,High,0.0,Normal,3.0,Positive,Positive,1.0,Neutral,Negative,Ductal/NST,1.0,Post,3,Left,0.0,5.0,2.12,BRCA,Negative,1.0,1,ER+/HER2- High Prolif,60.0,2.0,0,116.19634153769769,0
61.88,Mastectomy,Breast Cancer,Breast Mixed Ductal and Lobular Carcinoma,High,0.0,LumA,3.0,Positive,Positive,2.0,Neutral,Negative,Mixed,1.0,Post,8,Right,1.0,4.0,4.06,MDLC,Positive,0.0,1,ER+/HER2- High Prolif,30.0,2.0,0,62.36061244011058,0
58.26,Mastectomy,Breast Cancer,Breast Invasive Ductal Carcinoma,High,0.0,LumA,3.0,Positive,Positive,3.0,Gain,Negative,Ductal/NST,0.0,Post,7,Left,0.0,7.0,4.03,IDC,Negative,0.0,1,ER+/HER2- High Prolif,15.0,1.0,0,67.32659484060162,0
67.62,Breast Conserving,Breast Cancer,Breast Invasive Ductal Carcinoma,Low,0.0,Normal,3.0,Positive,Positive,3.0,Neutral,Negative,Ductal/NST,1.0,Post,4ER+,Right,0.0,5.0,4.05,IDC,Positive,1.0,1,ER+/HER2- Low Prolif,25.0,2.0,1,78.97432056256596,1
71.4,Mastectomy,Breast Cancer,Breast Mixed Ductal and Lobular Carcinoma,High,0.0,LumA,3.0,Positive,Positive,2.0,Neutral,Negative,Mixed,1.0,Post,3,Left,0.0,5.0,3.06,MDLC,Negative,0.0,1,ER+/HER2- Low Prolif,30.0,2.0,0,87.13194169700611,0
73.01,Breast Conserving,Breast Cancer,Breast Invasive Ductal Carcinoma,High,0.0,claudin-low,3.0,Positive,Positive,2.0,Neutral,Negative,Ductal/NST,1.0,Post,4ER+,Right,0.0,8.0,3.054,IDC,Positive,1.0,1,ER-/HER2-,27.0,2.0,1,41.95716776196233,1
50.6,Mastectomy,Breast Cancer,Breast Invasive Ductal Carcinoma,High,1.0,Her2,3.0,Negative,Negative,3.0,Gain,Positive,Ductal/NST,0.0,Post,5,Right,6.0,2.0,6.12,IDC,Negative,0.0,1,HER2+,60.0,3.0,1,32.31708525016622,1
79.12,Mastectomy,Breast Cancer,Breast Invasive Lobular Carcinoma,Moderate,0.0,Her2,3.0,Positive,Positive,3.0,Neutral,Negative,Lobular,1.0,Post,1,Right,14.0,5.0,3.06,ILC,Positive,0.0,1,ER+/HER2- High Prolif,30.0,2.0,1,62.079427733518074,1
52.13,Mastectomy,Breast Cancer,Breast Invasive Ductal Carcinoma,High,1.0,Her2,3.0,Negative,Negative,3.0,Gain,Positive,Ductal/NST,1.0,Post,4ER-,Left,16.0,6.0,6.16,IDC,Negative,1.0,1,HER2+,80.0,3.0,1,50.162040626813706,1
69.7,Breast Conserving,Breast Cancer,Breast Mixed Ductal and Lobular Carcinoma,High,0.0,LumB,3.0,Positive,Positive,2.0,Neutral,Negative,Mixed,1.0,Post,8,Left,1.0,6.0,4.03,MDLC,Positive,1.0,1,ER+/HER2- High Prolif,15.0,2.0,1,75.03486007989419,1
60.96,Breast Conserving,Breast Cancer,Breast Invasive Ductal Carcinoma,Moderate,0.0,LumB,3.0,Positive,Positive,3.0,Gain,Negative,Ductal/NST,0.0,Post,5,Left,0.0,2.0,4.0360000000000005,IDC,Negative,1.0,1,HER2+,18.0,1.0,1,20.395340792218363,1
66.58,Breast Conserving,Breast Cancer,Breast Mixed Ductal and Lobular Carcinoma,Moderate,0.0,LumA,3.0,Positive,Positive,2.0,Neutral,Negative,Mixed,1.0,Post,2,Right,1.0,7.0,4.046,MDLC,Negative,1.0,1,ER+/HER2- High Prolif,23.0,2.0,1,117.23463922794598,1
31.26,Mastectomy,Breast Cancer,Breast Invasive Ductal Carcinoma,Moderate,0.0,claudin-low,3.0,Negative,Negative,3.0,Loss,Negative,Ductal/NST,0.0,Pre,4ER-,Left,0.0,3.0,4.03,IDC,Negative,0.0,1,ER-/HER2-,15.0,1.0,0,116.0325010516743,0
64.01,Mastectomy,Breast Cancer,Breast Mixed Ductal and Lobular Carcinoma,Moderate,0.0,LumA,3.0,Positive,Positive,2.0,Neutral,Negative,Mixed,0.0,Post,3,Left,0.0,14.0,3.02,MDLC,Positive,0.0,1,ER+/HER2- Low Prolif,10.0,1.0,0,78.96936629860502,0
43.04,Mastectomy,Breast Cancer,Invasive Breast Carcinoma,Moderate,1.0,claudin-low,3.0,Negative,Negative,3.0,Neutral,Negative,Ductal/NST,1.0,Pre,10,Left,0.0,5.0,5.16,BRCA,Negative,1.0,1,ER-/HER2-,80.0,2.0,0,90.43408852130355,0
79.26,Mastectomy,Breast Cancer,Breast Invasive Lobular Carcinoma,Moderate,0.0,Normal,3.0,Positive,Positive,1.0,Neutral,Negative,Lobular,1.0,Post,4ER+,Left,0.0,8.0,2.096,ILC,Negative,1.0,1,ER+/HER2- High Prolif,48.0,2.0,1,118.51076040379711,1
66.94,Breast Conserving,Breast Cancer,Breast Invasive Lobular Carcinoma,High,0.0,Her2,3.0,Negative,Negative,2.0,Gain,Positive,Lobular,1.0,Post,5,Left,0.0,7.0,3.05,ILC,Negative,1.0,1,HER2+,25.0,2.0,0,62.494371543023526,0
74.57,Breast Conserving,Breast Cancer,Breast Invasive Ductal Carcinoma,High,0.0,LumB,3.0,Positive,Positive,2.0,Neutral,Negative,Ductal/NST,1.0,Post,1,Left,1.0,3.0,4.1,IDC,Negative,0.0,1,ER+/HER2- High Prolif,50.0,2.0,1,87.40146511413248,1
64.64,Mastectomy,Breast Cancer,Breast Invasive Lobular Carcinoma,High,1.0,LumA,3.0,Negative,Positive,3.0,Neutral,Negative,Lobular,0.0,Post,2,Right,13.0,14.0,6.13,ILC,Negative,1.0,1,ER+/HER2- Low Prolif,65.0,3.0,1,69.898407565165,1
70.49,Mastectomy,Breast Cancer,Breast Invasive Lobular Carcinoma,High,0.0,LumA,3.0,Positive,Positive,2.0,Neutral,Negative,Lobular,1.0,Post,8,Left,0.0,12.0,3.05,ILC,Positive,0.0,1,ER+/HER2- Low Prolif,25.0,2.0,1,45.428982558923394,1
54.69,Mastectomy,Breast Cancer,Breast Invasive Ductal Carcinoma,Moderate,0.0,LumA,3.0,Positive,Positive,2.0,Gain,Positive,Ductal/NST,0.0,Post,2,Right,0.0,6.0,3.0460000000000003,IDC,Negative,0.0,1,HER2+,23.0,2.0,0,68.90059205772533,0
68.93,Mastectomy,Breast Cancer,Breast Invasive Ductal Carcinoma,High,0.0,Her2,3.0,Positive,Positive,2.0,Gain,Positive,Ductal/NST,1.0,Post,5,Left,1.0,8.0,4.0360000000000005,IDC,Positive,0.0,1,ER+/HER2- High Prolif,18.0,2.0,1,99.88986212835046,1
78.44,Breast Conserving,Breast Cancer,Breast Invasive Ductal Carcinoma,High,0.0,LumA,3.0,Positive,Positive,3.0,Neutral,Negative,Ductal/NST,1.0,Post,9,Right,0.0,1.0,4.04,IDC,Positive,1.0,1,ER+/HER2- High Prolif,20.0,1.0,1,85.95096663581896,1
41.81,Mastectomy,Breast Cancer,Breast Invasive Ductal Carcinoma,High,0.0,Basal,3.0,Negative,Negative,3.0,Neutral,Negative,Ductal/NST,0.0,Pre,10,Right,0.0,4.0,4.053999999999999,IDC,Negative,0.0,1,ER-/HER2-,27.0,2.0,1,29.56262944924826,1
61.24,Breast Conserving,Breast Cancer,Breast Invasive Ductal Carcinoma,High,0.0,LumB,3.0,Positive,Positive,2.0,Neutral,Negative,Ductal/NST,1.0,Post,1,Right,2.0,11.0,4.04,IDC,Negative,1.0,1,ER+/HER2- High Prolif,20.0,2.0,1,110.38013592533498,1
71.78,Breast Conserving,Breast Cancer,Breast Invasive Ductal Carcinoma,High,0.0,NC,3.0,Positive,Positive,3.0,Neutral,Negative,Ductal/NST,1.0,Post,3,Right,2.0,4.0,5.03,IDC,Negative,1.0,1,ER+/HER2- High Prolif,15.0,2.0,0,119.19780737753081,0
56.37,Breast Conserving,Breast Cancer,Breast Invasive Ductal Carcinoma,High,0.0,LumB,3.0,Positive,Positive,2.0,Neutral,Negative,Ductal/NST,0.0,Post,2,Right,0.0,8.0,3.04,IDC,Positive,1.0,1,ER+/HER2- High Prolif,20.0,1.0,0,117.90712178616273,0
76.87,Breast Conserving,Breast Cancer,Breast Invasive Ductal Carcinoma,Moderate,0.0,Normal,3.0,Positive,Positive,1.0,Neutral,Negative,Ductal/NST,1.0,Post,4ER+,Right,4.0,4.0,4.03,IDC,Positive,1.0,1,ER+/HER2- Low Prolif,15.0,2.0,0,60.29639885606458,0
52.09,Mastectomy,Breast Cancer,Breast Invasive Ductal Carcinoma,High,1.0,Basal,3.0,Negative,Negative,3.0,Neutral,Negative,Ductal/NST,0.0,Post,10,Left,3.0,9.0,5.16,IDC,Negative,1.0,1,ER+/HER2- High Prolif,80.0,2.0,0,117.10870712539433,0
56.89,Breast Conserving,Breast Cancer,Breast Invasive Ductal Carcinoma,High,0.0,LumB,3.0,Positive,Positive,3.0,Neutral,Negative,Ductal/NST,1.0,Post,3,Left,1.0,6.0,5.05,IDC,Positive,1.0,1,ER+/HER2- High Prolif,25.0,2.0,0,98.34719626893002,0
41.27,Mastectomy,Breast Cancer,Breast Invasive Ductal Carcinoma,High,1.0,claudin-low,3.0,Negative,Negative,3.0,Neutral,Negative,Ductal/NST,0.0,Pre,10,Left,1.0,3.0,5.03,IDC,Negative,0.0,1,ER-/HER2-,15.0,2.0,0,112.07509767120132,0
72.88,Mastectomy,Breast Cancer,Invasive Breast Carcinoma,High,0.0,LumA,3.0,Positive,Positive,2.0,Neutral,Negative,Ductal/NST,0.0,Post,4ER+,Right,0.0,5.0,3.03,BRCA,Positive,0.0,1,ER+/HER2- Low Prolif,15.0,1.0,0,87.28439133803154,0
66.7,Breast Conserving,Breast Cancer,Breast Mixed Ductal and Lobular Carcinoma,High,0.0,claudin-low,3.0,Positive,Positive,3.0,Neutral,Negative,Mixed,1.0,Post,4ER+,Right,1.0,3.0,5.05,MDLC,Negative,1.0,1,ER-/HER2-,25.0,2.0,1,100.83402223570225,1
47.35,Mastectomy,Breast Cancer,Breast Invasive Ductal Carcinoma,Moderate,0.0,Normal,3.0,Positive,Negative,3.0,Gain,Positive,Ductal/NST,0.0,Pre,4ER+,Left,0.0,10.0,4.004,IDC,Negative,0.0,1,HER2+,2.0,1.0,0,90.93576171475502,0
72.88,Mastectomy,Breast Cancer,Breast Mixed Ductal and Lobular Carcinoma,Moderate,0.0,LumA,3.0,Positive,Positive,2.0,Neutral,Negative,Mixed,1.0,Post,3,Right,3.0,3.0,4.114,MDLC,Negative,1.0,1,ER+/HER2- Low Prolif,57.0,3.0,1,114.5783906355278,1
66.39,Mastectomy,Breast Cancer,Breast Mixed Ductal and Lobular Carcinoma,High,0.0,LumA,3.0,Positive,Positive,2.0,Neutral,Negative,Mixed,1.0,Post,8,Left,0.0,10.0,3.14,MDLC,Negative,1.0,1,ER+/HER2- Low Prolif,70.0,3.0,0,89.33079481541522,0
76.01,Mastectomy,Breast Cancer,Breast Invasive Ductal Carcinoma,High,0.0,LumA,3.0,Positive,Positive,2.0,Gain,Negative,Ductal/NST,1.0,Post,8,Left,1.0,4.0,4.08,IDC,Positive,0.0,1,ER+/HER2- High Prolif,40.0,2.0,1,90.37770690594287,1
56.89,Breast Conserving,Breast Cancer,Breast Invasive Ductal Carcinoma,Moderate,0.0,Normal,3.0,Positive,Positive,3.0,Neutral,Negative,Medullary,1.0,Post,3,Left,0.0,5.0,4.03,IDC,Positive,1.0,1,ER+/HER2- Low Prolif,15.0,1.0,0,100.01185545276626,0
79.29,Mastectomy,Breast Cancer,Breast Invasive Ductal Carcinoma,High,0.0,LumA,3.0,Positive,Positive,2.0,Neutral,Negative,Ductal/NST,1.0,Post,7,Left,2.0,8.0,4.05,IDC,Positive,0.0,1,ER+/HER2- Low Prolif,25.0,2.0,1,78.2488411610653,1
75.56,Mastectomy,Breast Cancer,Breast Invasive Lobular Carcinoma,High,0.0,Her2,3.0,Positive,Positive,3.0,Gain,Negative,Lobular,1.0,Post,5,Left,1.0,2.0,5.08,ILC,Negative,0.0,1,HER2+,40.0,2.0,0,68.37907528537878,0
77.15,Mastectomy,Breast Cancer,Invasive Breast Carcinoma,Low,0.0,Normal,3.0,Positive,Positive,3.0,Gain,Negative,Ductal/NST,1.0,Post,4ER+,Right,1.0,8.0,5.03,BRCA,Positive,0.0,1,ER+/HER2- Low Prolif,15.0,2.0,1,57.17024791938684,1
66.18,Breast Conserving,Breast Cancer,Breast Mixed Ductal and Lobular Carcinoma,High,0.0,LumA,3.0,Positive,Positive,2.0,Neutral,Negative,Mixed,1.0,Post,8,Left,0.0,2.0,3.05,MDLC,Positive,1.0,1,ER+/HER2- Low Prolif,25.0,2.0,1,112.73467620223343,1
62.55,Breast Conserving,Breast Cancer,Breast Invasive Ductal Carcinoma,Moderate,0.0,LumB,3.0,Positive,Positive,3.0,Neutral,Negative,Ductal/NST,1.0,Post,8,Left,0.0,5.0,4.044,IDC,Positive,1.0,1,ER+/HER2- High Prolif,22.0,2.0,1,105.5349000660441,1
35.14,Mastectomy,Breast Cancer,Breast Invasive Ductal Carcinoma,High,1.0,LumB,3.0,Negative,Positive,3.0,Neutral,Negative,Ductal/NST,1.0,Pre,8,Right,7.0,9.0,6.09,IDC,Positive,1.0,1,ER+/HER2- Low Prolif,45.0,2.0,1,16.883616371468456,1
57.99,Mastectomy,Breast Cancer,Breast Invasive Ductal Carcinoma,High,1.0,Basal,3.0,Negative,Positive,3.0,Neutral,Negative,Ductal/NST,0.0,Post,10,Right,3.0,6.0,5.09,IDC,Negative,1.0,1,ER-/HER2-,45.0,3.0,1,14.847633245703216,1
44.0,Mastectomy,Breast Cancer,Breast Invasive Ductal Carcinoma,Moderate,1.0,Her2,3.0,Negative,Negative,3.0,Gain,Positive,Ductal/NST,1.0,Pre,5,Right,2.0,8.0,5.1,IDC,Negative,1.0,1,HER2+,50.0,2.0,0,61.798415392360674,0
69.27,Breast Conserving,Breast Cancer,Breast Invasive Ductal Carcinoma,High,0.0,LumA,3.0,Positive,Positive,2.0,Neutral,Negative,Ductal/NST,1.0,Post,7,Right,4.0,7.0,5.06,IDC,Positive,1.0,1,ER+/HER2- Low Prolif,30.0,2.0,1,52.658043622829354,1
83.9,Mastectomy,Breast Cancer,Breast Invasive Ductal Carcinoma,Moderate,0.0,LumA,3.0,Positive,Positive,2.0,Neutral,Negative,Ductal/NST,1.0,Post,8,Left,3.0,5.0,4.15,IDC,Positive,0.0,1,ER+/HER2- Low Prolif,75.0,2.0,1,99.53975972443796,1
61.05,Mastectomy,Breast Cancer,Invasive Breast Carcinoma,High,0.0,LumA,3.0,Positive,Positive,2.0,Gain,Negative,Ductal/NST,1.0,Post,1,Left,0.0,6.0,3.026,BRCA,Positive,0.0,1,ER+/HER2- High Prolif,13.0,2.0,1,118.625821966014,1
83.32,Breast Conserving,Breast Cancer,Invasive Breast Carcinoma,Moderate,0.0,LumA,3.0,Positive,Positive,1.0,Gain,Negative,Ductal/NST,1.0,Post,4ER+,Left,0.0,5.0,2.04,BRCA,Positive,1.0,1,ER+/HER2- Low Prolif,20.0,1.0,0,78.47579649547146,0
65.86,Mastectomy,Breast Cancer,Breast Invasive Ductal Carcinoma,Low,0.0,LumB,3.0,Positive,Positive,2.0,Gain,Negative,Ductal/NST,1.0,Post,7,Left,0.0,5.0,3.04,IDC,Positive,1.0,1,ER+/HER2- High Prolif,20.0,1.0,0,102.2808457641988,0
45.33,Breast Conserving,Breast Cancer,Invasive Breast Carcinoma,High,1.0,Basal,3.0,Negative,Negative,3.0,Neutral,Negative,Ductal/NST,0.0,Pre,10,Right,0.0,5.0,5.026,BRCA,Negative,1.0,1,ER-/HER2-,13.0,2.0,1,28.245024239181042,1
69.8,Breast Conserving,Breast Cancer,Breast Mixed Ductal and Lobular Carcinoma,High,0.0,LumA,3.0,Positive,Positive,2.0,Neutral,Negative,Mixed,0.0,Post,7,Right,0.0,3.0,3.03,MDLC,Positive,1.0,1,ER+/HER2- Low Prolif,15.0,1.0,0,72.1112071273769,0
64.76,Breast Conserving,Breast Cancer,Breast Invasive Ductal Carcinoma,High,0.0,LumA,3.0,Positive,Positive,2.0,Neutral,Negative,Ductal/NST,1.0,Post,7,Left,0.0,8.0,3.062,IDC,Positive,1.0,1,ER+/HER2- High Prolif,31.0,2.0,0,100.40594599949503,0
37.27,Breast Conserving,Breast Cancer,Breast Invasive Lobular Carcinoma,High,1.0,Basal,3.0,Negative,Negative,3.0,Neutral,Negative,Lobular,1.0,Pre,10,Left,12.0,5.0,6.026,ILC,Negative,1.0,1,ER-/HER2-,13.0,3.0,1,76.1661172580306,1
57.34,Mastectomy,Breast Cancer,Breast Invasive Lobular Carcinoma,High,0.0,claudin-low,3.0,Negative,Negative,3.0,Neutral,Negative,Lobular,1.0,Post,4ER-,Right,0.0,10.0,4.0280000000000005,ILC,Negative,0.0,1,ER-/HER2-,14.0,1.0,0,118.19472276643623,0
82.72,Mastectomy,Breast Cancer,Breast Mixed Ductal and Lobular Carcinoma,Moderate,0.0,LumB,3.0,Positive,Positive,2.0,Neutral,Negative,Mixed,0.0,Post,7,Right,0.0,5.0,3.0439999999999996,MDLC,Positive,0.0,1,ER+/HER2- Low Prolif,22.0,2.0,0,65.6340429473651,0
72.18,Mastectomy,Breast Cancer,Invasive Breast Carcinoma,Moderate,0.0,Her2,3.0,Positive,Negative,2.0,Gain,Positive,Ductal/NST,1.0,Post,1,Right,0.0,5.0,4.056,BRCA,Negative,1.0,1,ER+/HER2- High Prolif,28.0,3.0,0,100.35612709350758,0
71.51,Breast Conserving,Breast Cancer,Breast Invasive Ductal Carcinoma,High,0.0,LumA,3.0,Positive,Positive,3.0,Neutral,Negative,Ductal/NST,0.0,Post,3,Right,0.0,6.0,4.0280000000000005,IDC,Positive,1.0,1,ER+/HER2- Low Prolif,14.0,1.0,0,86.62501315827427,0
61.84,Breast Conserving,Breast Cancer,Breast Invasive Ductal Carcinoma,Moderate,0.0,LumB,3.0,Positive,Positive,3.0,Neutral,Negative,Ductal/NST,1.0,Post,9,Left,0.0,9.0,4.0280000000000005,IDC,Negative,1.0,1,ER+/HER2- High Prolif,14.0,1.0,0,112.08853526265032,0
61.16,Mastectomy,Breast Cancer,Breast Invasive Ductal Carcinoma,High,0.0,LumA,3.0,Positive,Positive,3.0,Neutral,Negative,Ductal/NST,1.0,Post,3,Left,0.0,5.0,4.1,IDC,Positive,0.0,1,ER+/HER2- High Prolif,50.0,2.0,0,70.62898736684315,0
71.01,Mastectomy,Breast Cancer,Breast Invasive Ductal Carcinoma,High,0.0,LumA,3.0,Positive,Positive,2.0,Neutral,Negative,Ductal/NST,1.0,Post,4ER+,Left,4.0,3.0,5.04,IDC,Positive,1.0,1,ER+/HER2- Low Prolif,20.0,2.0,0,101.55755713356987,0
73.1,Mastectomy,Breast Cancer,Breast Invasive Ductal Carcinoma,Low,0.0,LumA,3.0,Positive,Positive,3.0,Neutral,Negative,Ductal/NST,1.0,Post,3,Left,2.0,6.0,2.044,IDC,Negative,0.0,1,ER+/HER2- Low Prolif,22.0,2.0,1,53.13621251615032,1
81.76,Mastectomy,Breast Cancer,Breast Invasive Ductal Carcinoma,High,0.0,LumA,3.0,Positive,Positive,2.0,Gain,Negative,Ductal/NST,0.0,Post,7,Right,0.0,5.0,3.032,IDC,Positive,0.0,1,ER+/HER2- High Prolif,16.0,1.0,1,116.75075496397714,1
85.94,Breast Conserving,Breast Cancer,Breast Invasive Ductal Carcinoma,High,0.0,LumA,3.0,Positive,Positive,2.0,Neutral,Negative,Ductal/NST,1.0,Post,8,Right,10.0,1.0,5.05,IDC,Positive,0.0,1,ER+/HER2- Low Prolif,25.0,2.0,1,102.94884369865653,1
81.57,Mastectomy,Breast Cancer,Breast Invasive Ductal Carcinoma,High,0.0,LumA,3.0,Positive,Positive,2.0,Neutral,Negative,Ductal/NST,1.0,Post,8,Right,3.0,11.0,4.07,IDC,Positive,0.0,1,ER+/HER2- High Prolif,35.0,2.0,1,102.53950010880288,1
80.48,Breast Conserving,Breast Cancer,Breast Mixed Ductal and Lobular Carcinoma,High,0.0,LumB,3.0,Positive,Positive,3.0,Neutral,Negative,Mixed,1.0,Post,9,Right,5.0,6.0,3.06,MDLC,Positive,1.0,1,ER+/HER2- High Prolif,30.0,2.0,1,62.61886125785679,1
36.03,Breast Conserving,Breast Cancer,Breast Invasive Ductal Carcinoma,Low,0.0,LumA,3.0,Positive,Positive,3.0,Gain,Negative,Ductal/NST,0.0,Pre,8,Right,0.0,9.0,4.002,IDC,Positive,1.0,1,ER+/HER2- Low Prolif,1.0,1.0,0,110.28691737888661,0
51.62,Mastectomy,Breast Cancer,Breast Invasive Ductal Carcinoma,High,1.0,Her2,3.0,Negative,Negative,3.0,Gain,Positive,Ductal/NST,1.0,Post,5,Left,5.0,9.0,6.044,IDC,Negative,1.0,1,HER2+,22.0,2.0,0,116.6768531684414,0
66.45,Breast Conserving,Breast Cancer,Breast Invasive Ductal Carcinoma,High,0.0,LumA,3.0,Positive,Positive,3.0,Neutral,Negative,Ductal/NST,1.0,Post,8,Right,0.0,7.0,4.06,IDC,Positive,1.0,1,ER+/HER2- Low Prolif,30.0,2.0,0,100.99488169737874,0
43.61,Mastectomy,Breast Cancer,Breast Invasive Ductal Carcinoma,High,1.0,Her2,3.0,Negative,Negative,3.0,Gain,Positive,Ductal/NST,0.0,Pre,5,Left,1.0,6.0,5.0360000000000005,IDC,Negative,0.0,1,HER2+,18.0,2.0,1,56.80050625246784,1
51.87,Breast Conserving,Breast Cancer,Breast Invasive Ductal Carcinoma,High,0.0,LumA,3.0,Positive,Positive,2.0,Neutral,Negative,Ductal/NST,0.0,Post,3,Right,0.0,10.0,3.028,IDC,Positive,1.0,1,ER+/HER2- Low Prolif,14.0,1.0,0,89.83048584050565,0
71.38,Breast Conserving,Breast Cancer,Breast Invasive Ductal Carcinoma,Moderate,0.0,LumA,3.0,Positive,Positive,2.0,Gain,Negative,Ductal/NST,1.0,Post,7,Right,0.0,5.0,3.03,IDC,Positive,1.0,1,ER+/HER2- Low Prolif,15.0,1.0,0,97.07083441207283,0
61.14,Breast Conserving,Breast Cancer,Breast Invasive Ductal Carcinoma,High,0.0,LumB,3.0,Positive,Positive,3.0,Gain,Positive,Ductal/NST,1.0,Post,9,Left,1.0,2.0,5.05,IDC,Negative,1.0,1,HER2+,25.0,2.0,0,112.1342990687231,0
64.15,Mastectomy,Breast Cancer,Breast Invasive Ductal Carcinoma,High,0.0,LumB,3.0,Positive,Positive,3.0,Gain,Positive,Ductal/NST,1.0,Post,5,Left,1.0,4.0,5.05,IDC,Positive,0.0,1,HER2+,25.0,2.0,0,94.23658479832979,0
71.49,Breast Conserving,Breast Cancer,Breast Invasive Ductal Carcinoma,Low,0.0,Basal,3.0,Positive,Positive,3.0,Gain,Positive,Ductal/NST,0.0,Post,5,Left,0.0,5.0,4.04,IDC,Negative,1.0,1,HER2+,20.0,1.0,0,61.82322358181021,0
68.0,Breast Conserving,Breast Cancer,Breast Invasive Ductal Carcinoma,High,0.0,Basal,3.0,Negative,Negative,3.0,Neutral,Negative,Ductal/NST,0.0,Post,10,Left,0.0,4.0,4.04,IDC,Negative,1.0,1,ER-/HER2-,20.0,1.0,0,115.85692173041866,0
47.14,Mastectomy,Breast Cancer,Breast Invasive Ductal Carcinoma,Moderate,0.0,LumA,3.0,Positive,Positive,1.0,Neutral,Negative,Ductal/NST,0.0,Pre,6,Right,0.0,6.0,2.064,IDC,Positive,0.0,1,ER+/HER2- Low Prolif,32.0,2.0,1,41.52796376851627,1
66.42,Mastectomy,Breast Cancer,Breast Mixed Ductal and Lobular Carcinoma,Moderate,0.0,LumA,3.0,Positive,Positive,2.0,Neutral,Negative,Mixed,0.0,Post,2,Right,0.0,4.0,3.026,MDLC,Positive,0.0,1,ER+/HER2- Low Prolif,13.0,1.0,1,18.088553638300127,1
67.59,Mastectomy,Breast Cancer,Breast Invasive Ductal Carcinoma,High,0.0,LumA,3.0,Positive,Positive,2.0,Neutral,Negative,Ductal/NST,1.0,Post,7,Left,3.0,7.0,4.08,IDC,Positive,0.0,1,ER+/HER2- Low Prolif,40.0,2.0,1,105.39001663554575,1
53.69,Breast Conserving,Breast Cancer,Breast Invasive Ductal Carcinoma,Low,1.0,Basal,3.0,Negative,Negative,3.0,Gain,Positive,Ductal/NST,1.0,Post,10,Left,11.0,4.0,6.05,IDC,Positive,1.0,1,HER2+,25.0,2.0,1,99.79330898604837,1
83.68,Breast Conserving,Breast Cancer,Breast Invasive Ductal Carcinoma,Moderate,0.0,Basal,3.0,Negative,Negative,2.0,Neutral,Negative,Ductal/NST,1.0,Post,9,Right,0.0,6.0,3.05,IDC,Negative,1.0,1,ER-/HER2-,25.0,2.0,0,101.37160506189367,0
55.36,Breast Conserving,Breast Cancer,Breast Mixed Ductal and Lobular Carcinoma,Low,0.0,LumA,3.0,Positive,Positive,2.0,Neutral,Negative,Mixed,1.0,Post,4ER+,Left,0.0,5.0,3.03,MDLC,Positive,1.0,1,ER+/HER2- Low Prolif,15.0,1.0,0,100.59080314663478,0
86.04,Mastectomy,Breast Cancer,Breast Invasive Ductal Carcinoma,High,0.0,LumA,3.0,Positive,Positive,2.0,Neutral,Negative,Ductal/NST,0.0,Post,4ER+,Left,0.0,4.0,3.04,IDC,Negative,0.0,1,ER+/HER2- Low Prolif,20.0,1.0,1,119.9695087149021,1
49.91,Breast Conserving,Breast Cancer,Breast Invasive Ductal Carcinoma,Low,0.0,claudin-low,3.0,Positive,Positive,2.0,Neutral,Negative,Ductal/NST,0.0,Pre,4ER+,Left,0.0,9.0,3.03,IDC,Positive,1.0,1,ER-/HER2-,15.0,1.0,1,119.63677840398178,1
61.0,Breast Conserving,Breast Cancer,Breast Invasive Ductal Carcinoma,High,0.0,LumA,3.0,Positive,Positive,2.0,Neutral,Negative,Ductal/NST,1.0,Post,7,Left,1.0,3.0,4.044,IDC,Positive,1.0,1,ER+/HER2- High Prolif,22.0,2.0,1,71.98662420508376,1
69.37,Mastectomy,Breast Cancer,Breast Invasive Ductal Carcinoma,High,0.0,LumA,3.0,Positive,Positive,2.0,Gain,Negative,Ductal/NST,1.0,Post,7,Right,0.0,4.0,3.06,IDC,Positive,0.0,1,ER+/HER2- High Prolif,30.0,2.0,0,72.94050914386303,0
71.07,Mastectomy,Breast Cancer,Breast Invasive Ductal Carcinoma,Low,0.0,LumB,3.0,Positive,Positive,3.0,Neutral,Negative,Ductal/NST,1.0,Post,9,Left,1.0,18.0,5.11,IDC,Positive,0.0,1,ER+/HER2- High Prolif,55.0,3.0,1,95.05064083949513,1
77.09,Mastectomy,Breast Cancer,Breast Invasive Ductal Carcinoma,Moderate,0.0,LumB,3.0,Positive,Positive,3.0,Neutral,Negative,Ductal/NST,1.0,Post,9,Left,0.0,2.0,1.05,IDC,Positive,0.0,1,ER+/HER2- High Prolif,25.0,2.0,1,114.03469882730222,1
49.05,Breast Conserving,Breast Cancer,Breast Invasive Ductal Carcinoma,High,1.0,claudin-low,3.0,Negative,Negative,3.0,Neutral,Negative,Ductal/NST,0.0,Pre,10,Left,1.0,8.0,5.0360000000000005,IDC,Negative,1.0,1,ER-/HER2-,18.0,2.0,0,99.53312821395943,0
90.08,Mastectomy,Breast Cancer,Breast Invasive Ductal Carcinoma,Moderate,0.0,Her2,3.0,Negative,Negative,3.0,Gain,Positive,Ductal/NST,1.0,Post,4ER-,Right,0.0,12.0,4.07,IDC,Negative,0.0,1,ER+/HER2- Low Prolif,35.0,3.0,1,103.76191819316044,1
44.93,Breast Conserving,Breast Cancer,Breast Invasive Ductal Carcinoma,High,1.0,Basal,3.0,Negative,Negative,3.0,Neutral,Negative,Ductal/NST,0.0,Pre,10,Right,2.0,4.0,5.07,IDC,Positive,1.0,1,ER-/HER2-,35.0,2.0,0,83.6318643392495,0
49.58,Breast Conserving,Breast Cancer,Breast Mixed Ductal and Lobular Carcinoma,Low,0.0,LumA,3.0,Positive,Positive,1.0,Neutral,Negative,Mixed,0.0,Pre,7,Left,0.0,6.0,2.03,MDLC,Positive,1.0,1,ER+/HER2- Low Prolif,15.0,2.0,0,99.07397862248952,0
51.25,Mastectomy,Breast Cancer,Breast Invasive Ductal Carcinoma,Moderate,1.0,Her2,3.0,Negative,Negative,3.0,Neutral,Negative,Ductal/NST,1.0,Post,4ER-,Left,1.0,7.0,5.05,IDC,Negative,1.0,1,ER-/HER2-,25.0,2.0,0,66.39558181847944,0
68.1,Breast Conserving,Breast Cancer,Breast Invasive Ductal Carcinoma,Low,0.0,LumB,3.0,Positive,Positive,3.0,Neutral,Negative,Ductal/NST,1.0,Post,6,Left,5.0,6.0,3.0239999999999996,IDC,Positive,1.0,1,ER+/HER2- High Prolif,12.0,3.0,0,99.47071827618217,0
38.92,Breast Conserving,Breast Cancer,Breast Invasive Ductal Carcinoma,Low,0.0,claudin-low,3.0,Negative,Negative,3.0,Neutral,Negative,Ductal/NST,0.0,Pre,10,Right,0.0,6.0,4.024,IDC,Negative,1.0,1,ER-/HER2-,12.0,1.0,0,119.96482354624,0
43.44,Breast Conserving,Breast Cancer,Breast Mixed Ductal and Lobular Carcinoma,Moderate,0.0,LumA,3.0,Positive,Positive,2.0,Neutral,Negative,Mixed,0.0,Pre,8,Right,0.0,11.0,3.03,MDLC,Positive,1.0,1,ER+/HER2- Low Prolif,15.0,1.0,0,62.892722331633365,0
66.2,Breast Conserving,Breast Cancer,Breast Invasive Ductal Carcinoma,Moderate,0.0,LumA,3.0,Positive,Positive,2.0,Neutral,Negative,Ductal/NST,1.0,Post,2,Right,3.0,6.0,4.0360000000000005,IDC,Positive,1.0,1,ER+/HER2- High Prolif,18.0,2.0,1,38.71359498826535,1
36.99,Breast Conserving,Breast Cancer,Breast Invasive Ductal Carcinoma,Low,1.0,Normal,3.0,Negative,Negative,3.0,Neutral,Negative,Ductal/NST,0.0,Pre,4ER-,Left,3.0,9.0,5.06,IDC,Positive,1.0,1,ER-/HER2-,30.0,2.0,1,60.6587666134901,1
55.57,Breast Conserving,Breast Cancer,Breast Invasive Ductal Carcinoma,Moderate,0.0,LumB,3.0,Positive,Positive,3.0,Neutral,Negative,Ductal/NST,1.0,Post,10,Left,4.0,6.0,6.06,IDC,Negative,1.0,1,ER+/HER2- High Prolif,30.0,2.0,1,25.949216836361458,1
73.24,Mastectomy,Breast Cancer,Breast Mixed Ductal and Lobular Carcinoma,Moderate,0.0,LumA,3.0,Positive,Positive,2.0,Neutral,Negative,Mixed,1.0,Post,4ER+,Right,2.0,9.0,4.02,MDLC,Negative,0.0,1,ER+/HER2- Low Prolif,10.0,2.0,1,115.03751094394201,1
52.57,Breast Conserving,Breast Cancer,Breast Invasive Ductal Carcinoma,Moderate,0.0,LumA,3.0,Positive,Positive,2.0,Neutral,Negative,Ductal/NST,1.0,Post,3,Right,0.0,8.0,3.032,IDC,Positive,0.0,1,ER+/HER2- Low Prolif,16.0,1.0,0,118.63045105327903,0
54.96,Mastectomy,Breast Cancer,Breast Invasive Ductal Carcinoma,Low,1.0,Basal,3.0,Negative,Negative,3.0,Gain,Positive,Ductal/NST,0.0,Post,5,Right,1.0,7.0,5.05,IDC,Negative,0.0,1,HER2+,25.0,2.0,0,84.41447764337224,0
64.07,Breast Conserving,Breast Cancer,Breast Invasive Ductal Carcinoma,Moderate,0.0,LumB,3.0,Positive,Positive,3.0,Gain,Positive,Ductal/NST,1.0,Post,5,Right,1.0,3.0,5.04,IDC,Negative,1.0,1,HER2+,20.0,2.0,1,77.46686052069505,1
55.59,Breast Conserving,Breast Cancer,Breast Mixed Ductal and Lobular Carcinoma,Low,0.0,Basal,3.0,Positive,Positive,3.0,Neutral,Negative,Mixed,0.0,Post,9,Left,0.0,5.0,4.01,MDLC,Positive,1.0,1,ER+/HER2- High Prolif,5.0,1.0,0,112.24520702023555,0
71.91,Mastectomy,Breast Cancer,Breast Invasive Lobular Carcinoma,High,0.0,LumB,3.0,Positive,Positive,3.0,Neutral,Negative,Lobular,1.0,Post,9,Right,16.0,3.0,3.096,ILC,Positive,1.0,1,ER+/HER2- High Prolif,48.0,2.0,1,36.693422994373975,1
65.58,Breast Conserving,Breast Cancer,Breast Invasive Ductal Carcinoma,Moderate,0.0,LumA,3.0,Positive,Positive,3.0,Neutral,Negative,Ductal/NST,1.0,Post,4ER+,Left,2.0,3.0,2.036,IDC,Positive,1.0,1,ER+/HER2- Low Prolif,18.0,2.0,1,84.54367391583253,1
69.83,Breast Conserving,Breast Cancer,Breast Invasive Ductal Carcinoma,Low,0.0,Basal,3.0,Negative,Negative,3.0,Loss,Negative,Ductal/NST,1.0,Post,10,Right,0.0,7.0,4.05,IDC,Negative,1.0,1,ER-/HER2-,25.0,2.0,1,78.75784996945275,1
36.01,Mastectomy,Breast Cancer,Breast Invasive Ductal Carcinoma,High,0.0,Normal,3.0,Positive,Positive,3.0,Neutral,Negative,Ductal/NST,0.0,Pre,7,Right,0.0,5.0,4.02,IDC,Positive,0.0,1,ER+/HER2- High Prolif,10.0,1.0,0,106.94312904349641,0
48.07,Mastectomy,Breast Cancer,Breast Mixed Ductal and Lobular Carcinoma,Moderate,0.0,Basal,3.0,Positive,Positive,1.0,Neutral,Negative,Mixed,0.0,Pre,9,Right,0.0,6.0,2.0,MDLC,Positive,0.0,1,ER+/HER2- High Prolif,23.0,2.0,1,50.681573547546776,1
67.54,Mastectomy,Breast Cancer,Breast Invasive Ductal Carcinoma,Moderate,0.0,LumA,3.0,Positive,Positive,3.0,Neutral,Negative,Ductal/NST,0.0,Post,3,Right,0.0,10.0,4.026,IDC,Negative,0.0,1,ER+/HER2- High Prolif,13.0,1.0,0,94.02097565920006,0
74.78,Breast Conserving,Breast Cancer,Breast Invasive Ductal Carcinoma,High,0.0,LumA,3.0,Positive,Positive,2.0,Neutral,Negative,Ductal/NST,1.0,Post,8,Right,0.0,3.0,3.05,IDC,Positive,1.0,1,ER+/HER2- Low Prolif,25.0,2.0,1,24.264219957559934,1
72.61,Mastectomy,Breast Cancer,Breast Invasive Ductal Carcinoma,High,0.0,LumA,3.0,Positive,Positive,3.0,Neutral,Negative,Ductal/NST,1.0,Post,3,Right,5.0,3.0,6.07,IDC,Positive,1.0,1,ER+/HER2- Low Prolif,35.0,2.0,0,104.30695255507959,0
46.26,Mastectomy,Breast Cancer,Breast Invasive Ductal Carcinoma,Moderate,1.0,claudin-low,3.0,Negative,Negative,3.0,Gain,Positive,Ductal/NST,0.0,Pre,5,Left,1.0,9.0,5.07,IDC,Negative,0.0,1,HER2+,35.0,2.0,0,112.71093367808088,0
73.55,Mastectomy,Breast Cancer,Breast Invasive Ductal Carcinoma,High,0.0,LumB,3.0,Positive,Positive,2.0,Neutral,Negative,Ductal/NST,1.0,Post,2,Left,3.0,4.0,4.046,IDC,Positive,0.0,1,ER+/HER2- Low Prolif,23.0,2.0,1,84.52990512402236,1
72.23,Mastectomy,Breast Cancer,Breast Mixed Ductal and Lobular Carcinoma,Moderate,0.0,LumA,3.0,Positive,Positive,3.0,Neutral,Negative,Mixed,1.0,Post,3,Right,21.0,3.0,6.04,MDLC,Negative,1.0,1,ER+/HER2- Low Prolif,20.0,3.0,1,68.19323169760968,1
57.62,Breast Conserving,Breast Cancer,Breast Invasive Ductal Carcinoma,High,0.0,LumB,3.0,Positive,Positive,3.0,Undef,Negative,Ductal/NST,1.0,Post,6,Left,1.0,4.0,5.06,IDC,Negative,1.0,1,ER+/HER2- High Prolif,30.0,2.0,1,95.41038630744904,1
40.75,Breast Conserving,Breast Cancer,Breast Invasive Ductal Carcinoma,Moderate,1.0,Basal,3.0,Negative,Positive,3.0,Loss,Negative,Ductal/NST,0.0,Pre,10,Right,2.0,6.0,5.032,IDC,Negative,1.0,1,ER-/HER2-,16.0,2.0,1,68.17765812009529,1
44.5,Breast Conserving,Breast Cancer,Breast Invasive Ductal Carcinoma,High,1.0,Her2,3.0,Negative,Negative,2.0,Gain,Positive,Ductal/NST,0.0,Pre,5,Right,6.0,13.0,5.05,IDC,Negative,1.0,1,HER2+,25.0,2.0,1,104.03560203440233,1
47.3,Breast Conserving,Breast Cancer,Breast Invasive Lobular Carcinoma,Moderate,0.0,LumA,3.0,Positive,Positive,2.0,Neutral,Negative,Lobular,1.0,Pre,7,Right,0.0,7.0,3.04,ILC,Positive,1.0,1,ER+/HER2- Low Prolif,20.0,1.0,0,84.24841929906198,0
80.08,Mastectomy,Breast Cancer,Breast Invasive Ductal Carcinoma,Moderate,0.0,LumB,3.0,Positive,Positive,3.0,Neutral,Negative,Ductal/NST,1.0,Post,9,Left,2.0,2.0,5.06,IDC,Negative,1.0,1,ER+/HER2- High Prolif,30.0,2.0,1,71.60593858764445,1
75.65,Breast Conserving,Breast Cancer,Breast Invasive Ductal Carcinoma,High,0.0,LumB,3.0,Positive,Positive,3.0,Loss,Negative,Ductal/NST,1.0,Post,9,Left,0.0,13.0,4.05,IDC,Positive,1.0,1,ER+/HER2- High Prolif,25.0,2.0,0,79.62198969379432,0
53.6,Breast Conserving,Breast Cancer,Breast Invasive Ductal Carcinoma,High,0.0,LumA,3.0,Positive,Positive,2.0,Neutral,Negative,Ductal/NST,0.0,Post,3,Right,0.0,3.0,3.03,IDC,Positive,0.0,1,ER+/HER2- Low Prolif,15.0,1.0,0,100.05560313381508,0
65.31,Mastectomy,Breast Cancer,Breast Invasive Ductal Carcinoma,High,0.0,LumA,3.0,Positive,Positive,2.0,Neutral,Negative,Ductal/NST,0.0,Post,8,Left,0.0,5.0,3.08,IDC,Positive,0.0,1,ER+/HER2- Low Prolif,40.0,2.0,1,72.58130092582172,1
72.25,Mastectomy,Breast Cancer,Breast Invasive Ductal Carcinoma,Moderate,0.0,LumB,3.0,Positive,Positive,3.0,Neutral,Negative,Ductal/NST,0.0,Post,8,Right,0.0,10.0,4.13,IDC,Positive,0.0,1,ER+/HER2- High Prolif,65.0,2.0,1,106.67858908710126,1
74.28,Mastectomy,Breast Cancer,Breast Invasive Lobular Carcinoma,Low,0.0,LumA,3.0,Positive,Positive,3.0,Neutral,Negative,Lobular,1.0,Post,3,Right,6.0,8.0,6.102,ILC,Negative,0.0,1,ER+/HER2- Low Prolif,51.0,2.0,1,55.57614955093888,1
69.84,Mastectomy,Breast Cancer,Breast Invasive Lobular Carcinoma,High,0.0,LumB,3.0,Positive,Positive,3.0,Loss,Negative,Lobular,1.0,Post,2,Right,0.0,9.0,4.102,ILC,Negative,0.0,1,ER+/HER2- High Prolif,51.0,2.0,1,26.4736446726692,1
42.64,Mastectomy,Breast Cancer,Breast Invasive Ductal Carcinoma,High,0.0,LumA,3.0,Positive,Positive,2.0,Neutral,Negative,Ductal/NST,1.0,Pre,4ER+,Right,0.0,9.0,3.04,IDC,Positive,0.0,1,ER+/HER2- Low Prolif,20.0,2.0,0,108.47075651647552,0
69.56,Breast Conserving,Breast Cancer,Breast Invasive Ductal Carcinoma,Moderate,0.0,LumB,3.0,Positive,Positive,2.0,Loss,Negative,Ductal/NST,0.0,Post,1,Right,0.0,6.0,3.04,IDC,Positive,1.0,1,ER+/HER2- High Prolif,20.0,1.0,0,105.73710808659695,0
64.1,Breast Conserving,Breast Cancer,Breast Invasive Ductal Carcinoma,Moderate,0.0,Her2,3.0,Positive,Positive,3.0,Gain,Negative,Ductal/NST,0.0,Post,1,Left,0.0,6.0,4.03,IDC,Negative,1.0,1,HER2+,15.0,1.0,0,107.86881893151806,0
65.5,Mastectomy,Breast Cancer,Breast Invasive Ductal Carcinoma,High,0.0,LumA,3.0,Positive,Positive,1.0,Neutral,Negative,Tubular/ cribriform,0.0,Post,4ER+,Right,0.0,5.0,2.04,IDC,Positive,0.0,1,ER+/HER2- Low Prolif,20.0,1.0,0,86.13499888877598,0
51.62,Breast Conserving,Breast Cancer,Breast Invasive Ductal Carcinoma,High,0.0,LumB,3.0,Positive,Positive,2.0,Neutral,Negative,Ductal/NST,0.0,Post,7,Left,0.0,7.0,3.056,IDC,Positive,1.0,1,ER+/HER2- High Prolif,28.0,2.0,0,109.0700529705013,0
74.26,Breast Conserving,Breast Cancer,Breast Mixed Ductal and Lobular Carcinoma,Moderate,0.0,LumB,3.0,Positive,Positive,2.0,Neutral,Negative,Mixed,0.0,Post,3,Left,0.0,7.0,3.03,MDLC,Positive,1.0,1,ER+/HER2- High Prolif,15.0,1.0,0,67.21254332223651,0
75.73,Mastectomy,Breast Cancer,Breast Mixed Ductal and Lobular Carcinoma,Moderate,0.0,LumA,3.0,Positive,Positive,3.0,Neutral,Negative,Mixed,1.0,Post,3,Left,0.0,10.0,4.07,MDLC,Positive,0.0,1,ER+/HER2- Low Prolif,35.0,2.0,1,15.108529041840608,1
54.18,Breast Conserving,Breast Cancer,Breast Invasive Ductal Carcinoma,High,0.0,Her2,3.0,Negative,Negative,3.0,Neutral,Negative,Ductal/NST,0.0,Post,10,Left,0.0,13.0,4.04,IDC,Positive,0.0,1,ER-/HER2-,20.0,1.0,0,92.66934587765097,0
86.55,Mastectomy,Breast Cancer,Breast Invasive Ductal Carcinoma,Low,0.0,Basal,3.0,Positive,Positive,2.0,Loss,Negative,Ductal/NST,1.0,Post,6,Right,4.0,7.0,5.058,IDC,Positive,0.0,1,ER+/HER2- High Prolif,29.0,2.0,1,93.55482361275085,1
63.45,Breast Conserving,Breast Cancer,Breast Invasive Ductal Carcinoma,High,0.0,LumA,3.0,Positive,Positive,2.0,Neutral,Negative,Ductal/NST,1.0,Post,4ER+,Right,1.0,1.0,4.04,IDC,Positive,1.0,1,ER+/HER2- Low Prolif,20.0,2.0,0,60.34551962988729,0
72.39,Breast Conserving,Breast Cancer,Breast Invasive Ductal Carcinoma,High,0.0,LumB,3.0,Positive,Positive,3.0,Neutral,Negative,Ductal/NST,1.0,Post,4ER+,Left,1.0,4.0,5.04,IDC,Positive,1.0,1,ER+/HER2- High Prolif,20.0,2.0,1,78.99343154617418,1
72.61,Mastectomy,Breast Cancer,Breast Invasive Ductal Carcinoma,High,0.0,LumA,3.0,Positive,Positive,2.0,Neutral,Negative,Ductal/NST,1.0,Post,8,Left,1.0,7.0,4.09,IDC,Positive,0.0,1,ER+/HER2- High Prolif,45.0,2.0,0,79.47514979401622,0
38.49,Mastectomy,Breast Cancer,Breast Mixed Ductal and Lobular Carcinoma,High,0.0,LumA,3.0,Positive,Positive,3.0,Neutral,Negative,Mixed,1.0,Pre,7,Left,4.0,5.0,6.05,MDLC,Negative,0.0,1,ER+/HER2- High Prolif,25.0,2.0,1,88.04061495471615,1
69.27,Breast Conserving,Breast Cancer,Breast Invasive Ductal Carcinoma,High,0.0,LumB,3.0,Positive,Positive,3.0,Neutral,Negative,Ductal/NST,1.0,Post,4ER+,Left,0.0,10.0,4.09,IDC,Negative,1.0,1,ER+/HER2- High Prolif,45.0,2.0,0,81.98769209228388,0
45.42,Breast Conserving,Breast Cancer,Breast Invasive Ductal Carcinoma,High,0.0,Basal,3.0,Negative,Negative,3.0,Neutral,Negative,Ductal/NST,0.0,Pre,10,Right,0.0,10.0,4.04,IDC,Negative,1.0,1,ER-/HER2-,20.0,1.0,0,83.77036149655532,0
53.48,Mastectomy,Breast Cancer,Breast Invasive Ductal Carcinoma,High,1.0,claudin-low,3.0,Negative,Negative,2.0,Gain,Positive,Ductal/NST,1.0,Post,4ER-,Left,8.0,3.0,5.022,IDC,Negative,1.0,1,ER-/HER2-,11.0,2.0,0,101.72803240139173,0
40.21,Breast Conserving,Breast Cancer,Breast Invasive Ductal Carcinoma,High,1.0,Basal,3.0,Negative,Negative,3.0,Neutral,Negative,Ductal/NST,0.0,Pre,10,Left,2.0,5.0,5.07,IDC,Negative,1.0,1,ER-/HER2-,35.0,2.0,1,35.00012944296236,1
50.61,Mastectomy,Breast Cancer,Breast Invasive Ductal Carcinoma,Low,0.0,Basal,3.0,Positive,Positive,3.0,Neutral,Negative,Ductal/NST,1.0,Post,7,Left,2.0,6.0,5.05,IDC,Positive,0.0,1,ER+/HER2- High Prolif,25.0,2.0,0,83.31348607622074,0
66.56,Breast Conserving,Breast Cancer,Breast Invasive Ductal Carcinoma,High,0.0,claudin-low,3.0,Negative,Negative,2.0,Neutral,Negative,Ductal/NST,0.0,Post,10,Right,0.0,7.0,3.03,IDC,Negative,1.0,1,ER-/HER2-,15.0,1.0,0,86.92161735735183,0
69.66,Mastectomy,Breast Cancer,Breast Invasive Ductal Carcinoma,High,0.0,LumA,3.0,Positive,Positive,2.0,Gain,Negative,Ductal/NST,1.0,Post,7,Right,2.0,3.0,4.06,IDC,Negative,0.0,1,ER+/HER2- High Prolif,30.0,2.0,1,26.728119363371135,1
71.64,Breast Conserving,Breast Cancer,Breast Mixed Ductal and Lobular Carcinoma,Low,0.0,Normal,3.0,Positive,Positive,3.0,Neutral,Negative,Mixed,1.0,Post,1,Left,1.0,7.0,5.04,MDLC,Positive,1.0,1,ER+/HER2- Low Prolif,20.0,2.0,0,74.25264785245965,0
80.09,Mastectomy,Breast Cancer,Breast Invasive Ductal Carcinoma,Moderate,0.0,claudin-low,3.0,Positive,Positive,2.0,Neutral,Negative,Ductal/NST,1.0,Post,4ER+,Left,10.0,4.0,5.05,IDC,Negative,1.0,1,ER-/HER2-,25.0,3.0,1,13.570823892131248,1
49.87,Mastectomy,Breast Cancer,Breast Invasive Ductal Carcinoma,High,1.0,Her2,3.0,Negative,Negative,3.0,Gain,Positive,Ductal/NST,1.0,Pre,5,Left,4.0,5.0,6.044,IDC,Negative,1.0,1,HER2+,22.0,2.0,0,82.3951074977604,0
76.53,Breast Conserving,Breast Cancer,Breast Mixed Ductal and Lobular Carcinoma,High,0.0,LumB,3.0,Positive,Positive,3.0,Gain,Positive,Mixed,1.0,Post,1,Left,4.0,7.0,6.04,MDLC,Negative,0.0,1,ER+/HER2- High Prolif,20.0,2.0,1,49.863456351112475,1
60.13,Breast Conserving,Breast Cancer,Breast Invasive Ductal Carcinoma,Moderate,0.0,LumA,3.0,Positive,Positive,2.0,Gain,Negative,Ductal/NST,1.0,Post,4ER+,Left,0.0,4.0,3.04,IDC,Positive,1.0,1,ER+/HER2- Low Prolif,20.0,1.0,0,73.63617763578908,0
79.11,Breast Conserving,Breast Cancer,Breast Invasive Ductal Carcinoma,Low,0.0,LumA,3.0,Positive,Positive,3.0,Loss,Negative,Ductal/NST,1.0,Post,3,Left,0.0,8.0,4.08,IDC,Positive,0.0,1,ER+/HER2- Low Prolif,40.0,2.0,1,75.71111018030037,1
40.96,Mastectomy,Breast Cancer,Invasive Breast Carcinoma,High,0.0,Normal,3.0,Positive,Positive,2.0,Neutral,Negative,Ductal/NST,0.0,Pre,7,Right,0.0,5.0,3.01,BRCA,Positive,0.0,1,ER+/HER2- Low Prolif,5.0,1.0,0,64.39175542610661,0
54.83,Breast Conserving,Breast Cancer,Breast Invasive Ductal Carcinoma,Moderate,1.0,Her2,3.0,Negative,Negative,2.0,Gain,Positive,Ductal/NST,0.0,Post,1,Left,2.0,6.0,4.04,IDC,Negative,1.0,1,ER-/HER2-,20.0,2.0,1,54.36235687077109,1
84.3,Mastectomy,Breast Cancer,Breast Invasive Ductal Carcinoma,Moderate,0.0,LumA,3.0,Positive,Positive,2.0,Neutral,Negative,Ductal/NST,1.0,Post,3,Left,0.0,3.0,3.052,IDC,Positive,0.0,1,ER+/HER2- High Prolif,26.0,2.0,0,96.20691560288267,0
67.24,Breast Conserving,Breast Cancer,Breast Invasive Ductal Carcinoma,Moderate,0.0,Basal,3.0,Negative,Negative,3.0,Neutral,Negative,Ductal/NST,1.0,Post,10,Right,0.0,8.0,4.053999999999999,IDC,Negative,1.0,1,ER-/HER2-,27.0,2.0,0,100.09276791330097,0
69.77,Breast Conserving,Breast Cancer,Breast Invasive Ductal Carcinoma,Moderate,0.0,LumB,3.0,Positive,Positive,3.0,Neutral,Negative,Ductal/NST,1.0,Post,6,Left,2.0,4.0,2.08,IDC,Positive,0.0,1,ER+/HER2- High Prolif,40.0,2.0,1,59.24729157856274,1
70.52,Mastectomy,Breast Cancer,Breast Invasive Ductal Carcinoma,Low,0.0,LumB,3.0,Positive,Positive,2.0,Neutral,Negative,Ductal/NST,1.0,Post,2,Right,0.0,5.0,3.06,IDC,Positive,0.0,1,ER+/HER2- High Prolif,30.0,2.0,0,97.16942076057687,0
57.75,Breast Conserving,Breast Cancer,Breast Invasive Lobular Carcinoma,Moderate,0.0,LumA,3.0,Positive,Positive,1.0,Neutral,Negative,Lobular,1.0,Post,2,Right,0.0,5.0,2.052,ILC,Positive,1.0,1,ER+/HER2- High Prolif,26.0,2.0,0,87.80964262803434,0
53.56,Breast Conserving,Breast Cancer,Breast Invasive Ductal Carcinoma,High,0.0,LumB,3.0,Positive,Positive,3.0,Neutral,Negative,Ductal/NST,1.0,Post,1,Right,0.0,9.0,4.04,IDC,Negative,1.0,1,ER+/HER2- High Prolif,20.0,1.0,0,82.78714681075378,0
42.12,Mastectomy,Breast Cancer,Invasive Breast Carcinoma,Low,1.0,Basal,3.0,Negative,Positive,3.0,Neutral,Negative,Ductal/NST,0.0,Pre,10,Left,1.0,4.0,5.096,BRCA,Positive,1.0,1,ER-/HER2-,48.0,2.0,1,109.64913900532483,1
44.05,Breast Conserving,Breast Cancer,Breast Invasive Ductal Carcinoma,Moderate,0.0,Basal,3.0,Negative,Negative,2.0,Loss,Negative,Ductal/NST,0.0,Pre,10,Right,0.0,2.0,3.03,IDC,Negative,1.0,1,ER-/HER2-,15.0,1.0,0,111.80001897430951,0
73.93,Breast Conserving,Breast Cancer,Breast Invasive Ductal Carcinoma,Moderate,0.0,LumB,3.0,Positive,Positive,2.0,Neutral,Negative,Ductal/NST,0.0,Post,2,Left,0.0,2.0,3.03,IDC,Positive,1.0,1,ER+/HER2- High Prolif,15.0,1.0,1,49.61159043851644,1
76.3,Mastectomy,Breast Cancer,Breast Invasive Lobular Carcinoma,Low,0.0,LumA,3.0,Positive,Positive,2.0,Gain,Negative,Lobular,0.0,Post,3,Right,0.0,7.0,3.03,ILC,Negative,0.0,1,ER+/HER2- Low Prolif,15.0,1.0,1,67.51086482925956,1
64.27,Breast Conserving,Breast Cancer,Breast Invasive Ductal Carcinoma,High,1.0,claudin-low,3.0,Negative,Negative,3.0,Neutral,Negative,Ductal/NST,1.0,Post,10,Left,2.0,3.0,5.06,IDC,Positive,1.0,1,ER-/HER2-,30.0,2.0,0,91.14490710817309,0
38.44,Breast Conserving,Breast Cancer,Breast Invasive Ductal Carcinoma,High,1.0,Basal,3.0,Negative,Negative,3.0,Neutral,Negative,Ductal/NST,1.0,Pre,10,Right,14.0,3.0,6.064,IDC,Negative,1.0,1,ER-/HER2-,32.0,2.0,0,88.75091265778386,0
74.95,Breast Conserving,Breast Cancer,Breast Mixed Ductal and Lobular Carcinoma,Moderate,0.0,LumA,3.0,Positive,Positive,2.0,Neutral,Negative,Mixed,1.0,Post,3,Right,0.0,5.0,3.04,MDLC,Positive,1.0,1,ER+/HER2- Low Prolif,20.0,1.0,0,61.53852394838614,0
78.84,Mastectomy,Breast Cancer,Breast Invasive Ductal Carcinoma,High,0.0,LumA,3.0,Positive,Positive,2.0,Neutral,Negative,Ductal/NST,1.0,Post,7,Left,1.0,5.0,4.05,IDC,Positive,0.0,1,ER+/HER2- Low Prolif,25.0,2.0,0,80.47486965756939,0
47.88,Breast Conserving,Breast Cancer,Breast Invasive Ductal Carcinoma,High,0.0,claudin-low,3.0,Negative,Negative,3.0,Neutral,Negative,Ductal/NST,0.0,Pre,10,Right,0.0,2.0,4.03,IDC,Negative,1.0,1,ER-/HER2-,15.0,1.0,0,82.81173712715142,0
52.63,Breast Conserving,Breast Cancer,Breast Invasive Ductal Carcinoma,High,0.0,LumB,3.0,Positive,Positive,2.0,Neutral,Negative,Ductal/NST,1.0,Post,1,Left,0.0,3.0,3.04,IDC,Positive,1.0,1,ER+/HER2- High Prolif,20.0,1.0,1,96.63452537604346,1
67.79,Breast Conserving,Breast Cancer,Breast Mixed Ductal and Lobular Carcinoma,Moderate,0.0,LumB,3.0,Positive,Positive,3.0,Neutral,Negative,Mixed,1.0,Post,1,Left,0.0,10.0,4.04,MDLC,Positive,1.0,1,ER+/HER2- High Prolif,20.0,1.0,0,83.92936685381403,0
68.64,Mastectomy,Breast Cancer,Breast Invasive Lobular Carcinoma,High,0.0,claudin-low,3.0,Positive,Negative,3.0,Neutral,Negative,Lobular,1.0,Post,3,Right,8.0,9.0,6.12,ILC,Negative,0.0,1,ER+/HER2- High Prolif,60.0,3.0,1,54.82662049069718,1
68.82,Breast Conserving,Breast Cancer,Breast Mixed Ductal and Lobular Carcinoma,Moderate,0.0,LumA,3.0,Positive,Positive,3.0,Neutral,Negative,Mixed,1.0,Post,2,Right,4.0,5.0,6.06,MDLC,Positive,1.0,1,ER+/HER2- Low Prolif,30.0,2.0,1,79.18536362461033,1
75.28,Mastectomy,Breast Cancer,Breast Invasive Ductal Carcinoma,Moderate,0.0,LumA,3.0,Positive,Positive,2.0,Neutral,Negative,Ductal/NST,1.0,Post,4ER+,Left,0.0,9.0,3.05,IDC,Positive,0.0,1,ER+/HER2- Low Prolif,25.0,2.0,1,105.13528054464848,1
46.43,Breast Conserving,Breast Cancer,Breast Invasive Ductal Carcinoma,Moderate,0.0,LumA,3.0,Positive,Positive,2.0,Neutral,Negative,Tubular/ cribriform,0.0,Pre,3,Left,0.0,6.0,3.02,IDC,Positive,1.0,1,ER+/HER2- Low Prolif,10.0,1.0,0,94.81034215363994,0
69.55,Breast Conserving,Breast Cancer,Breast Invasive Ductal Carcinoma,High,0.0,Her2,3.0,Positive,Positive,3.0,Neutral,Negative,Ductal/NST,1.0,Post,1,Left,0.0,23.0,4.04,IDC,Negative,0.0,1,ER+/HER2- High Prolif,20.0,1.0,1,114.54822735502535,1
75.88,Mastectomy,Breast Cancer,Breast Invasive Ductal Carcinoma,High,0.0,LumA,3.0,Positive,Positive,2.0,Neutral,Negative,Ductal/NST,1.0,Post,8,Right,0.0,5.0,3.07,IDC,Negative,0.0,1,ER+/HER2- Low Prolif,35.0,2.0,1,27.883935940336098,1
66.55,Mastectomy,Breast Cancer,Breast Mixed Ductal and Lobular Carcinoma,Moderate,0.0,claudin-low,3.0,Positive,Positive,3.0,Neutral,Negative,Mixed,1.0,Post,4ER+,Right,2.0,3.0,5.0360000000000005,MDLC,Negative,0.0,1,ER-/HER2-,18.0,2.0,1,112.0714635174414,1
70.86,Breast Conserving,Breast Cancer,Breast Invasive Ductal Carcinoma,High,0.0,LumA,3.0,Positive,Positive,2.0,Neutral,Negative,Ductal/NST,1.0,Post,8,Right,0.0,5.0,3.04,IDC,Positive,1.0,1,ER+/HER2- Low Prolif,20.0,2.0,0,92.01615280361271,0
46.28,Breast Conserving,Breast Cancer,Breast Invasive Ductal Carcinoma,Moderate,0.0,LumA,3.0,Positive,Positive,2.0,Neutral,Negative,Ductal/NST,1.0,Pre,3,Left,0.0,14.0,3.03,IDC,Positive,0.0,1,ER+/HER2- Low Prolif,15.0,2.0,0,96.47430556760668,0
66.01,Breast Conserving,Breast Cancer,Breast Invasive Lobular Carcinoma,Low,0.0,LumB,3.0,Positive,Positive,2.0,Neutral,Negative,Lobular,0.0,Post,8,Left,0.0,11.0,3.04,ILC,Positive,1.0,1,ER+/HER2- High Prolif,20.0,2.0,1,65.14855965259012,1
40.53,Mastectomy,Breast Cancer,Breast Invasive Lobular Carcinoma,Low,1.0,Her2,3.0,Negative,Negative,3.0,Gain,Positive,Lobular,0.0,Pre,5,Left,1.0,11.0,5.07,ILC,Negative,1.0,1,HER2+,35.0,2.0,1,39.8903939362875,1
54.27,Mastectomy,Breast Cancer,Breast Invasive Lobular Carcinoma,Moderate,0.0,LumA,3.0,Positive,Positive,2.0,Neutral,Negative,Lobular,1.0,Post,3,Right,20.0,11.0,5.06,ILC,Positive,0.0,1,ER+/HER2- Low Prolif,30.0,2.0,0,105.89299569252769,0
75.38,Mastectomy,Breast Cancer,Breast Invasive Ductal Carcinoma,Moderate,0.0,LumA,3.0,Positive,Positive,2.0,Gain,Negative,Ductal/NST,1.0,Post,3,Left,1.0,8.0,4.06,IDC,Positive,0.0,1,ER+/HER2- Low Prolif,30.0,2.0,1,61.58666167373222,1
62.88,Breast Conserving,Breast Cancer,Breast Invasive Ductal Carcinoma,High,0.0,LumA,3.0,Positive,Positive,2.0,Neutral,Negative,Ductal/NST,1.0,Post,7,Right,3.0,5.0,4.04,IDC,Positive,1.0,1,ER+/HER2- Low Prolif,20.0,2.0,0,108.7791443229656,0
61.73,Breast Conserving,Breast Cancer,Breast Invasive Ductal Carcinoma,High,0.0,LumA,3.0,Positive,Positive,2.0,Neutral,Negative,Ductal/NST,1.0,Post,3,Left,3.0,5.0,4.032,IDC,Negative,1.0,1,ER+/HER2- Low Prolif,16.0,2.0,0,103.08738457358966,0
39.7,Breast Conserving,Breast Cancer,Breast Invasive Ductal Carcinoma,High,1.0,Basal,3.0,Negative,Negative,3.0,Neutral,Negative,Ductal/NST,0.0,Pre,10,Left,8.0,5.0,6.08,IDC,Negative,1.0,1,ER-/HER2-,40.0,2.0,0,117.33142175729608,0
70.79,Mastectomy,Breast Cancer,Breast Invasive Ductal Carcinoma,High,0.0,LumA,3.0,Positive,Positive,2.0,Neutral,Negative,Ductal/NST,1.0,Post,2,Left,2.0,2.0,4.04,IDC,Negative,1.0,1,ER+/HER2- Low Prolif,20.0,2.0,0,61.0939549605817,0
66.88,Breast Conserving,Breast Cancer,Breast Invasive Ductal Carcinoma,High,0.0,LumB,3.0,Positive,Positive,2.0,Gain,Negative,Ductal/NST,1.0,Post,1,Right,2.0,5.0,4.05,IDC,Positive,1.0,1,ER+/HER2- High Prolif,25.0,2.0,0,71.74667914101276,0
40.37,Breast Conserving,Breast Cancer,Breast Invasive Ductal Carcinoma,High,0.0,LumB,3.0,Positive,Positive,2.0,Loss,Negative,Ductal/NST,0.0,Pre,3,Right,0.0,4.0,3.05,IDC,Positive,1.0,1,ER+/HER2- High Prolif,25.0,2.0,0,60.45377249868853,0
80.21,Breast Conserving,Breast Cancer,Breast Invasive Ductal Carcinoma,High,0.0,LumB,3.0,Positive,Positive,2.0,Neutral,Negative,Ductal/NST,1.0,Post,10,Left,1.0,7.0,4.1,IDC,Positive,0.0,1,ER+/HER2- High Prolif,50.0,3.0,0,98.84848284927618,0
62.87,Breast Conserving,Breast Cancer,Breast Invasive Ductal Carcinoma,Low,0.0,LumA,3.0,Positive,Positive,3.0,Gain,Negative,Ductal/NST,0.0,Post,9,Left,0.0,9.0,4.034,IDC,Positive,1.0,1,ER+/HER2- Low Prolif,17.0,1.0,1,117.84351813083153,1
41.53,Breast Conserving,Breast Cancer,Breast Invasive Ductal Carcinoma,Moderate,1.0,claudin-low,3.0,Negative,Negative,3.0,Neutral,Negative,Ductal/NST,0.0,Pre,10,Left,4.0,3.0,6.04,IDC,Negative,1.0,1,ER-/HER2-,20.0,2.0,0,113.88183293699922,0
81.63,Breast Conserving,Breast Cancer,Breast Invasive Ductal Carcinoma,High,0.0,LumA,3.0,Positive,Positive,2.0,Neutral,Negative,Ductal/NST,1.0,Post,4ER+,Right,1.0,2.0,4.064,IDC,Positive,1.0,1,ER+/HER2- Low Prolif,32.0,2.0,0,74.60893779457795,0
79.42,Mastectomy,Breast Cancer,Breast Invasive Ductal Carcinoma,Moderate,0.0,LumA,3.0,Positive,Positive,2.0,Neutral,Negative,Ductal/NST,1.0,Post,8,Left,2.0,6.0,4.062,IDC,Positive,0.0,1,ER+/HER2- Low Prolif,31.0,2.0,1,65.20275415122991,1
62.89,Breast Conserving,Breast Cancer,Breast Invasive Ductal Carcinoma,High,0.0,LumB,3.0,Positive,Positive,3.0,Neutral,Negative,Ductal/NST,1.0,Post,1,Left,0.0,4.0,4.046,IDC,Positive,1.0,1,ER+/HER2- High Prolif,23.0,2.0,0,115.6220726877784,0
44.99,Mastectomy,Breast Cancer,Breast Invasive Ductal Carcinoma,High,0.0,LumB,3.0,Positive,Positive,2.0,Neutral,Negative,Ductal/NST,1.0,Pre,3,Right,0.0,12.0,3.04,IDC,Positive,0.0,1,ER+/HER2- High Prolif,20.0,1.0,0,63.61604341737365,0
55.43,Breast Conserving,Breast Cancer,Breast Invasive Ductal Carcinoma,High,1.0,Basal,3.0,Negative,Negative,3.0,Neutral,Negative,Ductal/NST,1.0,Post,10,Right,1.0,17.0,5.05,IDC,Negative,1.0,1,ER+/HER2- High Prolif,25.0,2.0,0,116.06616160833086,0
45.51,Mastectomy,Breast Cancer,Breast Invasive Ductal Carcinoma,Moderate,1.0,Basal,3.0,Negative,Negative,3.0,Neutral,Negative,Ductal/NST,0.0,Pre,9,Right,0.0,5.0,5.08,IDC,Negative,0.0,1,ER-/HER2-,40.0,2.0,1,47.50517391105089,1
65.06,Breast Conserving,Breast Cancer,Breast Invasive Ductal Carcinoma,High,0.0,LumB,3.0,Positive,Positive,3.0,Gain,Positive,Ductal/NST,1.0,Post,5,Right,4.0,6.0,6.0,IDC,Positive,1.0,1,ER+/HER2- High Prolif,23.0,2.0,1,80.40729226620638,1
71.36,Breast Conserving,Breast Cancer,Breast Invasive Ductal Carcinoma,Moderate,0.0,LumA,3.0,Positive,Positive,2.0,Neutral,Negative,Ductal/NST,1.0,Post,3,Left,0.0,6.0,3.06,IDC,Positive,1.0,1,ER+/HER2- High Prolif,30.0,2.0,1,37.93572682804485,1
78.55,Mastectomy,Breast Cancer,Breast Invasive Ductal Carcinoma,High,0.0,LumB,3.0,Positive,Positive,2.0,Gain,Negative,Ductal/NST,1.0,Post,9,Left,4.0,5.0,5.07,IDC,Negative,1.0,1,ER+/HER2- High Prolif,35.0,2.0,1,20.193239435735702,1
62.7,Mastectomy,Breast Cancer,Breast Invasive Ductal Carcinoma,Moderate,1.0,claudin-low,3.0,Negative,Negative,3.0,Neutral,Negative,Ductal/NST,0.0,Post,4ER-,Left,7.0,2.0,6.06,IDC,Negative,1.0,1,ER-/HER2-,30.0,3.0,1,25.919009966350117,1
55.53,Mastectomy,Breast Cancer,Breast Invasive Ductal Carcinoma,High,0.0,Basal,3.0,Negative,Negative,3.0,Neutral,Negative,Ductal/NST,0.0,Post,10,Right,0.0,4.0,4.06,IDC,Negative,0.0,1,ER-/HER2-,30.0,2.0,1,25.828950607439424,1
57.2,Breast Conserving,Breast Cancer,Breast Invasive Ductal Carcinoma,High,0.0,LumA,3.0,Positive,Positive,2.0,Gain,Negative,Ductal/NST,1.0,Post,4ER+,Right,0.0,8.0,3.03,IDC,Negative,1.0,1,ER+/HER2- Low Prolif,15.0,1.0,1,28.40549089932779,1
68.49,Mastectomy,Breast Cancer,Breast Invasive Ductal Carcinoma,High,0.0,LumB,3.0,Positive,Positive,3.0,Gain,Negative,Ductal/NST,1.0,Post,9,Right,2.0,4.0,2.06,IDC,Positive,0.0,1,ER+/HER2- High Prolif,30.0,2.0,1,26.993334646136294,1
65.14,Breast Conserving,Breast Cancer,Breast Invasive Ductal Carcinoma,Moderate,0.0,LumA,3.0,Positive,Positive,2.0,Neutral,Negative,Ductal/NST,1.0,Post,7,Left,0.0,3.0,3.04,IDC,Positive,1.0,1,ER+/HER2- High Prolif,20.0,1.0,0,81.09736123437807,0
58.0,Mastectomy,Breast Cancer,Breast Invasive Ductal Carcinoma,Low,0.0,Normal,3.0,Positive,Positive,2.0,Neutral,Negative,Ductal/NST,0.0,Post,4ER+,Left,0.0,5.0,3.002,IDC,Positive,0.0,1,ER+/HER2- Low Prolif,1.0,1.0,0,66.085249706953,0
78.64,Breast Conserving,Breast Cancer,Breast Invasive Ductal Carcinoma,Low,0.0,LumB,3.0,Positive,Positive,3.0,Loss,Negative,Ductal/NST,1.0,Post,2,Left,0.0,3.0,4.044,IDC,Positive,1.0,1,ER+/HER2- High Prolif,22.0,2.0,0,89.15230555117954,0
68.13,Mastectomy,Breast Cancer,Breast Invasive Ductal Carcinoma,Moderate,0.0,LumA,3.0,Positive,Positive,2.0,Neutral,Negative,Ductal/NST,1.0,Post,4ER+,Left,1.0,4.0,4.0680000000000005,IDC,Positive,1.0,1,ER+/HER2- Low Prolif,34.0,3.0,0,75.40659406323047,0
71.31,Breast Conserving,Breast Cancer,Breast Invasive Ductal Carcinoma,High,0.0,LumA,3.0,Positive,Positive,2.0,Neutral,Negative,Ductal/NST,1.0,Post,7,Right,0.0,6.0,3.04,IDC,Positive,1.0,1,ER+/HER2- Low Prolif,20.0,1.0,1,81.21447243874718,1
58.4,Breast Conserving,Breast Cancer,Breast Mixed Ductal and Lobular Carcinoma,Moderate,0.0,LumB,3.0,Positive,Positive,3.0,Neutral,Negative,Mixed,1.0,Post,1,Right,0.0,7.0,4.06,MDLC,Negative,1.0,1,ER+/HER2- High Prolif,30.0,2.0,0,77.09237411771537,0
65.43,Mastectomy,Breast Cancer,Breast Invasive Ductal Carcinoma,High,0.0,LumA,3.0,Positive,Positive,3.0,Neutral,Negative,Ductal/NST,1.0,Post,6,Right,11.0,5.0,6.07,IDC,Negative,1.0,1,ER+/HER2- High Prolif,35.0,2.0,1,31.64304911510764,1
74.92,Breast Conserving,Breast Cancer,Breast Invasive Ductal Carcinoma,Low,0.0,LumA,3.0,Positive,Positive,2.0,Neutral,Negative,Ductal/NST,1.0,Post,8,Right,0.0,5.0,4.08,IDC,Positive,1.0,1,ER+/HER2- Low Prolif,40.0,2.0,0,78.43739789557719,0
51.98,Breast Conserving,Breast Cancer,Breast Mixed Ductal and Lobular Carcinoma,Moderate,1.0,claudin-low,3.0,Negative,Negative,3.0,Neutral,Negative,Mixed,1.0,Post,3,Right,1.0,7.0,5.052,MDLC,Negative,1.0,1,ER-/HER2-,26.0,2.0,1,49.33206659897723,1
68.75,Breast Conserving,Breast Cancer,Breast Invasive Ductal Carcinoma,Moderate,0.0,Normal,3.0,Negative,Positive,3.0,Gain,Negative,Ductal/NST,1.0,Post,4ER-,Left,0.0,7.0,4.03,IDC,Negative,1.0,1,ER-/HER2-,15.0,1.0,1,108.85314826984927,1
60.72,Mastectomy,Breast Cancer,Breast Invasive Ductal Carcinoma,High,0.0,LumB,3.0,Positive,Positive,3.0,Neutral,Negative,Ductal/NST,1.0,Post,9,Left,0.0,6.0,4.05,IDC,Negative,0.0,1,ER+/HER2- High Prolif,25.0,2.0,0,108.1815538699598,0
82.94,Mastectomy,Breast Cancer,Breast Invasive Ductal Carcinoma,High,0.0,LumB,3.0,Positive,Positive,2.0,Neutral,Negative,Ductal/NST,1.0,Post,8,Left,1.0,6.0,4.11,IDC,Positive,0.0,1,ER+/HER2- High Prolif,55.0,2.0,0,92.34967660051527,0
67.57,Mastectomy,Breast Cancer,Breast Invasive Ductal Carcinoma,High,0.0,Basal,3.0,Negative,Negative,3.0,Neutral,Negative,Ductal/NST,1.0,Post,10,Right,0.0,9.0,4.05,IDC,Negative,0.0,1,ER-/HER2-,25.0,2.0,0,78.67846194936021,0
74.76,Mastectomy,Breast Cancer,Breast Invasive Ductal Carcinoma,Low,0.0,Normal,3.0,Positive,Positive,2.0,Neutral,Negative,Ductal/NST,0.0,Post,3,Left,0.0,11.0,3.032,IDC,Positive,0.0,1,ER+/HER2- Low Prolif,16.0,1.0,0,96.6200269986551,0
68.7,Mastectomy,Breast Cancer,Breast Mixed Ductal and Lobular Carcinoma,Moderate,0.0,LumA,5.0,Positive,Positive,2.0,Neutral,Negative,Mixed,1.0,Post,3,Left,0.0,4.0,3.03,MDLC,Negative,0.0,1,ER+/HER2- Low Prolif,15.0,2.0,0,102.96904045339161,0
86.61,Mastectomy,Breast Cancer,Breast Invasive Lobular Carcinoma,Moderate,0.0,LumA,5.0,Positive,Positive,1.0,Neutral,Negative,Lobular,1.0,Post,3,Left,0.0,10.0,2.032,ILC,Positive,0.0,1,ER+/HER2- Low Prolif,16.0,1.0,1,63.187857148390215,1
70.65,Mastectomy,Breast Cancer,Breast Invasive Lobular Carcinoma,High,0.0,Her2,5.0,Positive,Positive,2.0,Neutral,Negative,Lobular,1.0,Post,3,Right,0.0,20.0,3.05,ILC,Negative,0.0,1,ER+/HER2- High Prolif,25.0,2.0,1,84.09623576027093,1
80.33,Mastectomy,Breast Cancer,Breast Invasive Lobular Carcinoma,High,0.0,LumB,5.0,Positive,Positive,3.0,Neutral,Negative,Lobular,0.0,Post,9,Left,0.0,8.0,4.05,ILC,Positive,0.0,1,ER+/HER2- High Prolif,25.0,2.0,1,30.610546089776022,1
70.28,Mastectomy,Breast Cancer,Breast Invasive Ductal Carcinoma,High,0.0,LumB,5.0,Positive,Positive,3.0,Neutral,Negative,Ductal/NST,1.0,Post,10,Left,0.0,7.0,4.03,IDC,Negative,0.0,1,ER+/HER2- High Prolif,15.0,2.0,0,76.35744004401202,0
59.22,Mastectomy,Breast Cancer,Breast Invasive Ductal Carcinoma,High,0.0,LumB,5.0,Positive,Positive,3.0,Gain,Negative,Ductal/NST,0.0,Post,1,Left,0.0,7.0,1.05,IDC,Negative,0.0,1,ER+/HER2- High Prolif,25.0,2.0,0,84.81294609152108,0
67.46,Mastectomy,Breast Cancer,Breast Invasive Lobular Carcinoma,Moderate,0.0,LumA,5.0,Positive,Positive,2.0,Neutral,Negative,Lobular,0.0,Post,8,Left,0.0,8.0,3.0660000000000003,ILC,Positive,0.0,1,ER+/HER2- High Prolif,33.0,2.0,0,67.31316560021685,0
44.48,Mastectomy,Breast Cancer,Breast Invasive Lobular Carcinoma,Low,0.0,Normal,5.0,Negative,Positive,1.0,Neutral,Negative,Lobular,0.0,Pre,4ER-,Right,0.0,2.0,2.114,ILC,Positive,0.0,1,ER+/HER2- Low Prolif,57.0,2.0,0,70.86896097208081,0
87.32,Breast Conserving,Breast Cancer,Breast Invasive Ductal Carcinoma,Moderate,0.0,LumA,5.0,Positive,Positive,2.0,Neutral,Negative,Ductal/NST,0.0,Post,4ER+,Right,0.0,4.0,3.0460000000000003,IDC,Positive,0.0,1,ER+/HER2- Low Prolif,23.0,2.0,0,100.86707123789897,0
72.19,Mastectomy,Breast Cancer,Breast Invasive Ductal Carcinoma,Moderate,0.0,LumA,5.0,Positive,Positive,1.0,Neutral,Negative,Ductal/NST,1.0,Post,3,Left,0.0,5.0,2.06,IDC,Positive,0.0,1,ER+/HER2- Low Prolif,30.0,2.0,1,32.767214031336444,1
65.03,Mastectomy,Breast Cancer,Breast Invasive Ductal Carcinoma,Low,0.0,LumA,5.0,Positive,Positive,2.0,Neutral,Negative,Ductal/NST,0.0,Post,8,Right,0.0,5.0,3.05,IDC,Positive,0.0,1,ER+/HER2- Low Prolif,25.0,2.0,0,70.88630086173762,0
67.0,Mastectomy,Breast Cancer,Breast Invasive Ductal Carcinoma,High,0.0,Normal,5.0,Positive,Positive,2.0,Neutral,Negative,Ductal/NST,0.0,Post,4ER+,Left,0.0,9.0,3.14,IDC,Negative,0.0,1,ER+/HER2- Low Prolif,70.0,2.0,1,16.413810556779715,1
75.63,Mastectomy,Breast Cancer,Breast Invasive Ductal Carcinoma,Low,0.0,LumB,5.0,Positive,Positive,2.0,Gain,Positive,Ductal/NST,0.0,Post,1,Left,0.0,5.0,3.04,IDC,Negative,0.0,1,HER2+,20.0,2.0,1,30.244986811793773,1
51.94,Mastectomy,Breast Cancer,Breast Invasive Lobular Carcinoma,High,0.0,LumA,5.0,Positive,Positive,2.0,Neutral,Negative,Lobular,0.0,Post,3,Right,0.0,4.0,3.0,ILC,Positive,0.0,1,ER+/HER2- Low Prolif,23.0,2.0,0,91.50980302002361,0
90.0,Mastectomy,Breast Cancer,Breast Invasive Ductal Carcinoma,High,0.0,LumB,5.0,Positive,Positive,2.0,Neutral,Negative,Ductal/NST,1.0,Post,8,Right,2.0,6.0,4.1,IDC,Positive,0.0,1,ER+/HER2- High Prolif,50.0,2.0,1,42.08775661545153,1
60.28,Mastectomy,Breast Cancer,Breast Invasive Lobular Carcinoma,Moderate,0.0,Normal,5.0,Positive,Positive,2.0,Neutral,Negative,Lobular,0.0,Post,8,Right,0.0,5.0,3.068,ILC,Negative,0.0,1,ER+/HER2- High Prolif,34.0,2.0,0,102.54277570334597,0
65.63,Mastectomy,Breast Cancer,Breast Invasive Ductal Carcinoma,Moderate,0.0,LumA,5.0,Positive,Positive,2.0,Neutral,Negative,Ductal/NST,0.0,Post,8,Right,2.0,3.0,4.04,IDC,Positive,0.0,1,ER+/HER2- Low Prolif,20.0,2.0,0,66.41261538568463,0
87.75,Mastectomy,Breast Cancer,Breast Invasive Ductal Carcinoma,Moderate,0.0,LumB,5.0,Positive,Positive,2.0,Neutral,Negative,Ductal/NST,0.0,Post,1,Right,0.0,10.0,3.05,IDC,Negative,0.0,1,ER+/HER2- High Prolif,25.0,2.0,1,31.117132301888656,1
63.35,Breast Conserving,Breast Cancer,Breast,High,0.0,LumA,5.0,Positive,Positive,3.0,Neutral,Negative,Other,1.0,Post,7,Left,6.0,13.0,6.02,BREAST,Positive,1.0,1,ER+/HER2- Low Prolif,10.0,2.0,0,94.03873317773422,0
66.76,Mastectomy,Breast Cancer,Breast Invasive Ductal Carcinoma,High,0.0,LumA,5.0,Positive,Positive,1.0,Neutral,Negative,Ductal/NST,1.0,Post,7,Left,0.0,6.0,2.04,IDC,Positive,0.0,1,ER+/HER2- Low Prolif,20.0,2.0,0,75.39376702208183,0
44.65,Mastectomy,Breast Cancer,Breast Invasive Ductal Carcinoma,Moderate,0.0,claudin-low,5.0,Negative,Negative,3.0,Gain,Positive,Ductal/NST,0.0,Pre,10,Left,0.0,7.0,4.04,IDC,Negative,0.0,1,ER-/HER2-,20.0,2.0,0,117.77561251425479,0
65.96,Mastectomy,Breast Cancer,Breast Invasive Ductal Carcinoma,High,0.0,Her2,5.0,Positive,Positive,3.0,Gain,Negative,Ductal/NST,1.0,Post,9,Right,1.0,5.0,5.07,IDC,Positive,0.0,1,ER+/HER2- High Prolif,35.0,2.0,1,21.579873645762007,1
70.12,Mastectomy,Breast Cancer,Breast Invasive Ductal Carcinoma,High,0.0,Normal,5.0,Positive,Positive,2.0,Neutral,Negative,Ductal/NST,0.0,Post,3,Right,0.0,9.0,3.06,IDC,Positive,0.0,1,ER+/HER2- Low Prolif,30.0,2.0,0,89.01273880319549,0
70.64,Mastectomy,Breast Cancer,Breast Invasive Ductal Carcinoma,Moderate,0.0,Her2,5.0,Positive,Positive,2.0,Neutral,Negative,Ductal/NST,0.0,Post,6,Right,0.0,6.0,3.06,IDC,Negative,0.0,1,ER+/HER2- High Prolif,30.0,2.0,0,108.35955298650948,0
72.94,Mastectomy,Breast Cancer,Breast,High,0.0,Her2,5.0,Positive,Positive,2.0,Neutral,Negative,Other,1.0,Post,9,Right,12.0,14.0,5.03,BREAST,Positive,0.0,1,ER+/HER2- High Prolif,15.0,2.0,1,25.02867407886489,1
58.84,Mastectomy,Breast Cancer,Breast Invasive Ductal Carcinoma,High,0.0,Her2,5.0,Positive,Positive,2.0,Gain,Positive,Ductal/NST,1.0,Post,9,Left,0.0,3.0,3.05,IDC,Positive,0.0,1,HER2+,25.0,2.0,0,93.0135925293757,0
62.29,Mastectomy,Breast Cancer,Breast Invasive Ductal Carcinoma,High,0.0,Her2,5.0,Positive,Positive,2.0,Gain,Positive,Ductal/NST,0.0,Post,5,Left,0.0,20.0,3.08,IDC,Positive,0.0,1,HER2+,40.0,2.0,0,62.60475197128915,0
51.07,Mastectomy,Breast Cancer,Breast Invasive Ductal Carcinoma,High,0.0,LumA,5.0,Positive,Positive,2.0,Neutral,Negative,Ductal/NST,0.0,Post,8,Right,0.0,3.0,3.04,IDC,Positive,0.0,1,ER+/HER2- Low Prolif,20.0,2.0,0,97.98908253564134,0
65.39,Mastectomy,Breast Cancer,Breast Invasive Ductal Carcinoma,Moderate,0.0,LumA,5.0,Positive,Positive,2.0,Neutral,Negative,Ductal/NST,1.0,Post,3,Right,1.0,5.0,4.072,IDC,Negative,0.0,1,ER+/HER2- Low Prolif,36.0,2.0,0,117.08420053239942,0
36.47,Mastectomy,Breast Cancer,Breast Invasive Ductal Carcinoma,Low,0.0,claudin-low,5.0,Negative,Negative,3.0,Neutral,Negative,Ductal/NST,0.0,Pre,4ER-,Left,0.0,6.0,4.03,IDC,Negative,0.0,1,ER-/HER2-,15.0,2.0,0,96.09670920877987,0
69.39,Mastectomy,Breast Cancer,Breast Invasive Ductal Carcinoma,Moderate,0.0,LumB,5.0,Positive,Positive,1.0,Neutral,Negative,Ductal/NST,1.0,Post,1,Left,2.0,4.0,3.052,IDC,Negative,0.0,1,ER+/HER2- High Prolif,26.0,2.0,0,109.1513315656074,0
33.08,Breast Conserving,Breast Cancer,Breast Invasive Ductal Carcinoma,High,1.0,claudin-low,5.0,Negative,Negative,3.0,Neutral,Negative,Medullary,0.0,Pre,10,Left,2.0,12.0,5.05,IDC,Negative,1.0,1,ER-/HER2-,25.0,2.0,0,113.05238780090447,0
41.79,Mastectomy,Breast Cancer,Breast Invasive Ductal Carcinoma,High,1.0,Basal,5.0,Negative,Negative,2.0,Neutral,Negative,Ductal/NST,0.0,Pre,10,Right,2.0,10.0,4.0360000000000005,IDC,Negative,0.0,1,ER-/HER2-,18.0,2.0,1,61.76410694753439,1
50.88,Mastectomy,Breast Cancer,Breast Invasive Ductal Carcinoma,High,1.0,Normal,5.0,Negative,Positive,2.0,Neutral,Negative,Ductal/NST,0.0,Post,7,Right,1.0,6.0,4.096,IDC,Positive,0.0,1,ER+/HER2- High Prolif,48.0,2.0,0,73.68478631693594,0
53.79,Mastectomy,Breast Cancer,Breast Invasive Ductal Carcinoma,High,0.0,LumB,5.0,Positive,Positive,3.0,Gain,Negative,Ductal/NST,0.0,Post,5,Left,0.0,12.0,4.06,IDC,Positive,0.0,1,ER+/HER2- High Prolif,30.0,2.0,1,34.28404158782559,1
31.6,Breast Conserving,Breast Cancer,Breast Invasive Ductal Carcinoma,High,0.0,claudin-low,5.0,Negative,Negative,3.0,Neutral,Negative,Medullary,0.0,Pre,10,Left,0.0,7.0,4.044,IDC,Negative,1.0,1,ER-/HER2-,22.0,2.0,0,72.7226903944936,0
58.9,Mastectomy,Breast Cancer,Breast Invasive Ductal Carcinoma,High,1.0,Normal,5.0,Negative,Negative,3.0,Gain,Positive,Ductal/NST,0.0,Post,5,Left,16.0,2.0,6.24,IDC,Negative,0.0,1,HER2+,120.0,2.0,1,51.34114499319215,1
76.69,Mastectomy,Breast Cancer,Breast Invasive Ductal Carcinoma,High,0.0,LumA,5.0,Positive,Positive,1.0,Neutral,Negative,Ductal/NST,1.0,Post,8,Right,1.0,10.0,3.096,IDC,Positive,0.0,1,ER+/HER2- Low Prolif,48.0,2.0,0,96.6588593310595,0
43.75,Mastectomy,Breast Cancer,Breast Invasive Ductal Carcinoma,Moderate,0.0,Basal,5.0,Negative,Negative,2.0,Neutral,Negative,Ductal/NST,0.0,Pre,4ER-,Right,0.0,5.0,3.0,IDC,Positive,0.0,1,ER+/HER2- High Prolif,23.0,2.0,0,84.66170818840229,0
75.55,Breast Conserving,Breast Cancer,Breast Invasive Ductal Carcinoma,Moderate,0.0,LumA,5.0,Positive,Positive,2.0,Neutral,Negative,Ductal/NST,1.0,Post,7,Right,5.0,5.0,5.04,IDC,Positive,1.0,1,ER+/HER2- Low Prolif,20.0,2.0,0,110.39167817200322,0
72.81,Mastectomy,Breast Cancer,Breast Invasive Ductal Carcinoma,High,0.0,LumA,5.0,Positive,Positive,2.0,Neutral,Negative,Ductal/NST,1.0,Post,7,Left,7.0,9.0,5.0680000000000005,IDC,Positive,0.0,1,ER+/HER2- High Prolif,34.0,2.0,1,66.36906525232455,1
84.04,Mastectomy,Breast Cancer,Breast Invasive Ductal Carcinoma,High,0.0,LumB,5.0,Positive,Positive,2.0,Neutral,Negative,Ductal/NST,0.0,Post,7,Left,0.0,3.0,3.05,IDC,Positive,0.0,1,ER+/HER2- High Prolif,25.0,2.0,0,114.00138740388067,0
70.92,Mastectomy,Breast Cancer,Breast Invasive Ductal Carcinoma,Low,0.0,NC,5.0,Positive,Positive,2.0,Neutral,Negative,Ductal/NST,0.0,Post,7,Left,0.0,6.0,3.032,IDC,Positive,0.0,1,ER+/HER2- High Prolif,16.0,2.0,0,81.2052827581631,0
68.91,Breast Conserving,Breast Cancer,Breast Invasive Ductal Carcinoma,Moderate,0.0,LumB,5.0,Positive,Positive,2.0,Neutral,Negative,Ductal/NST,1.0,Post,9,Right,0.0,5.0,3.0,IDC,Negative,1.0,1,ER+/HER2- High Prolif,23.0,2.0,0,74.21223353846892,0
79.04,Mastectomy,Breast Cancer,Breast Invasive Ductal Carcinoma,High,0.0,LumB,5.0,Positive,Positive,3.0,Neutral,Negative,Medullary,1.0,Post,4ER+,Right,5.0,4.0,6.06,IDC,Positive,1.0,1,ER+/HER2- High Prolif,30.0,3.0,1,86.56264149197145,1
46.47,Mastectomy,Breast Cancer,Breast Invasive Ductal Carcinoma,Low,1.0,Normal,5.0,Negative,Positive,2.0,Neutral,Positive,Ductal/NST,0.0,Pre,7,Right,8.0,15.0,5.14,IDC,Negative,0.0,1,ER+/HER2- Low Prolif,70.0,2.0,1,16.245711102838683,1
73.03,Mastectomy,Breast Cancer,Breast Invasive Ductal Carcinoma,High,0.0,LumA,5.0,Positive,Positive,2.0,Neutral,Negative,Ductal/NST,1.0,Post,8,Left,0.0,11.0,3.042,IDC,Positive,0.0,1,ER+/HER2- Low Prolif,21.0,2.0,0,106.83153091463171,0
80.59,Breast Conserving,Breast Cancer,Breast Mixed Ductal and Lobular Carcinoma,Moderate,0.0,Normal,5.0,Positive,Positive,2.0,Neutral,Negative,Mixed,0.0,Post,3,Right,0.0,6.0,3.042,MDLC,Negative,0.0,1,ER+/HER2- Low Prolif,21.0,2.0,1,98.3363230821766,1
68.59,Breast Conserving,Breast Cancer,Breast Invasive Ductal Carcinoma,High,0.0,LumA,5.0,Positive,Positive,2.0,Neutral,Negative,Ductal/NST,1.0,Post,8,Right,1.0,6.0,4.016,IDC,Negative,1.0,1,ER+/HER2- High Prolif,8.0,2.0,0,76.48836213288817,0
28.29,Mastectomy,Breast Cancer,Breast Invasive Ductal Carcinoma,High,1.0,Basal,5.0,Negative,Negative,3.0,Neutral,Negative,Ductal/NST,0.0,Pre,10,Left,1.0,6.0,5.16,IDC,Negative,0.0,1,ER+/HER2- High Prolif,80.0,2.0,1,79.81324206501804,1
53.45,Breast Conserving,Breast Cancer,Breast Invasive Ductal Carcinoma,High,1.0,Her2,5.0,Negative,Negative,2.0,Gain,Positive,Ductal/NST,0.0,Post,5,Left,2.0,4.0,4.06,IDC,Negative,1.0,1,ER+/HER2- High Prolif,30.0,3.0,1,20.829975450478166,1
82.51,Mastectomy,Breast Cancer,Breast Invasive Ductal Carcinoma,High,0.0,Normal,5.0,Positive,Positive,2.0,Neutral,Negative,Ductal/NST,0.0,Post,7,Left,0.0,10.0,3.07,IDC,Positive,0.0,1,ER+/HER2- High Prolif,35.0,2.0,1,106.34649140353194,1
66.28,Mastectomy,Breast Cancer,Breast Mixed Ductal and Lobular Carcinoma,Low,0.0,Normal,5.0,Positive,Positive,2.0,Neutral,Negative,Mixed,1.0,Post,3,Left,0.0,4.0,3.0,MDLC,Negative,0.0,1,ER+/HER2- Low Prolif,23.0,2.0,0,109.35685911082071,0
78.93,Mastectomy,Breast Cancer,Breast Mixed Ductal and Lobular Carcinoma,Moderate,0.0,Her2,5.0,Positive,Positive,1.0,Neutral,Positive,Mixed,0.0,Post,7,Left,0.0,6.0,2.026,MDLC,Positive,0.0,1,ER+/HER2- High Prolif,13.0,2.0,0,85.42429521892576,0
71.38,Mastectomy,Breast Cancer,Breast Invasive Lobular Carcinoma,Moderate,0.0,Normal,5.0,Positive,Positive,3.0,Neutral,Negative,Lobular,1.0,Post,3,Left,0.0,13.0,4.0,ILC,Positive,0.0,1,ER+/HER2- Low Prolif,23.0,2.0,0,100.05299395748823,0
38.01,Mastectomy,Breast Cancer,Breast Invasive Ductal Carcinoma,High,0.0,LumA,5.0,Positive,Positive,2.0,Loss,Negative,Ductal/NST,1.0,Pre,4ER+,Right,0.0,2.0,3.036,IDC,Positive,0.0,1,ER+/HER2- Low Prolif,18.0,1.0,0,65.7321188300801,0
39.41,Mastectomy,Breast Cancer,Breast Invasive Ductal Carcinoma,High,1.0,Her2,5.0,Negative,Positive,2.0,Gain,Positive,Ductal/NST,0.0,Pre,5,Left,2.0,4.0,4.04,IDC,Negative,0.0,1,HER2+,20.0,2.0,0,97.43155948059439,0
66.13,Mastectomy,Breast Cancer,Breast Invasive Ductal Carcinoma,High,0.0,Her2,5.0,Negative,Positive,2.0,Gain,Positive,Ductal/NST,0.0,Post,5,Right,0.0,11.0,3.06,IDC,Positive,0.0,1,HER2+,30.0,2.0,0,87.10606072423374,0
41.11,Breast Conserving,Breast Cancer,Breast Invasive Ductal Carcinoma,Low,0.0,LumA,5.0,Positive,Positive,2.0,Neutral,Negative,Ductal/NST,0.0,Pre,3,Right,0.0,8.0,3.03,IDC,Positive,1.0,1,ER+/HER2- Low Prolif,15.0,1.0,0,95.19650779052844,0
54.74,Mastectomy,Breast Cancer,Breast Invasive Ductal Carcinoma,Moderate,1.0,Basal,5.0,Negative,Positive,2.0,Loss,Negative,Ductal/NST,0.0,Post,4ER-,Left,3.0,7.0,4.07,IDC,Positive,0.0,1,ER-/HER2-,35.0,2.0,0,70.0808524646918,0
76.99,Mastectomy,Breast Cancer,Breast Invasive Ductal Carcinoma,High,0.0,LumA,5.0,Positive,Positive,3.0,Neutral,Negative,Ductal/NST,1.0,Post,3,Right,15.0,7.0,6.03,IDC,Positive,0.0,1,ER+/HER2- High Prolif,15.0,2.0,1,111.45421925743582,1
63.27,Mastectomy,Breast Cancer,Breast Invasive Ductal Carcinoma,Moderate,0.0,Normal,5.0,Positive,Positive,2.0,Neutral,Negative,Ductal/NST,1.0,Post,4ER+,Left,0.0,7.0,3.03,IDC,Positive,0.0,1,ER+/HER2- Low Prolif,15.0,2.0,0,104.21242469665093,0
57.27,Mastectomy,Breast Cancer,Breast Invasive Ductal Carcinoma,High,0.0,Her2,5.0,Positive,Negative,2.0,Gain,Positive,Ductal/NST,0.0,Post,5,Left,0.0,10.0,3.122,IDC,Negative,0.0,1,HER2+,61.0,2.0,0,111.76782465259372,0
74.6,Mastectomy,Breast Cancer,Breast Invasive Lobular Carcinoma,High,0.0,LumA,5.0,Positive,Positive,2.0,Neutral,Negative,Lobular,0.0,Post,3,Right,0.0,7.0,3.0780000000000003,ILC,Negative,0.0,1,ER+/HER2- High Prolif,39.0,2.0,1,18.596419664325285,1
69.38,Mastectomy,Breast Cancer,Breast Invasive Ductal Carcinoma,High,0.0,LumB,5.0,Positive,Positive,2.0,Neutral,Negative,Ductal/NST,1.0,Post,9,Right,1.0,7.0,4.03,IDC,Positive,0.0,1,ER+/HER2- High Prolif,15.0,2.0,1,41.902785999898,1
85.85,Mastectomy,Breast Cancer,Breast Mixed Ductal and Lobular Carcinoma,Moderate,0.0,LumB,5.0,Positive,Positive,3.0,Neutral,Negative,Mixed,1.0,Post,3,Left,4.0,6.0,6.074,MDLC,Negative,0.0,1,ER+/HER2- Low Prolif,37.0,2.0,1,99.06973821765062,1
79.84,Mastectomy,Breast Cancer,Breast Invasive Lobular Carcinoma,High,0.0,LumB,5.0,Positive,Positive,3.0,Neutral,Negative,Lobular,1.0,Post,8,Left,4.0,1.0,6.0,ILC,Negative,0.0,1,ER+/HER2- High Prolif,23.0,2.0,1,92.8120465614351,1
60.6,Breast Conserving,Breast Cancer,Breast Invasive Ductal Carcinoma,Moderate,0.0,claudin-low,5.0,Negative,Negative,3.0,Neutral,Negative,Ductal/NST,0.0,Post,9,Right,0.0,6.0,4.092,IDC,Negative,1.0,1,ER-/HER2-,46.0,2.0,0,73.00438800544654,0
64.55,Mastectomy,Breast Cancer,Breast Invasive Ductal Carcinoma,High,0.0,claudin-low,5.0,Positive,Negative,2.0,Neutral,Negative,Medullary,0.0,Post,10,Left,0.0,1.0,3.04,IDC,Negative,0.0,1,ER-/HER2-,20.0,2.0,0,65.74287333120971,0
60.41,Mastectomy,Breast Cancer,Breast Mixed Ductal and Lobular Carcinoma,High,0.0,LumB,5.0,Positive,Positive,2.0,Loss,Negative,Mixed,1.0,Post,7,Left,3.0,3.0,4.09,MDLC,Negative,0.0,1,ER+/HER2- High Prolif,45.0,2.0,1,31.928270090488752,1
51.04,Mastectomy,Breast Cancer,Breast Invasive Ductal Carcinoma,High,0.0,Her2,5.0,Positive,Positive,3.0,Neutral,Negative,Ductal/NST,1.0,Post,4ER+,Left,3.0,7.0,5.012,IDC,Positive,0.0,1,ER+/HER2- High Prolif,6.0,2.0,1,34.609726920364714,1
76.01,Mastectomy,Breast Cancer,Breast Invasive Lobular Carcinoma,Low,0.0,claudin-low,5.0,Positive,Positive,1.0,Neutral,Negative,Lobular,1.0,Post,4ER+,Right,0.0,6.0,2.03,ILC,Positive,0.0,1,ER+/HER2- Low Prolif,15.0,2.0,0,61.41831516278018,0
70.9,Mastectomy,Breast Cancer,Breast Invasive Ductal Carcinoma,High,0.0,LumA,5.0,Positive,Positive,1.0,Gain,Negative,Ductal/NST,0.0,Post,7,Right,0.0,4.0,2.052,IDC,Positive,0.0,1,ER+/HER2- High Prolif,26.0,2.0,1,52.010987101469254,1
59.47,Mastectomy,Breast Cancer,Breast Invasive Ductal Carcinoma,High,0.0,LumB,5.0,Positive,Positive,2.0,Neutral,Negative,Ductal/NST,0.0,Post,4ER+,Left,0.0,7.0,3.042,IDC,Negative,0.0,1,ER+/HER2- High Prolif,21.0,2.0,1,64.3284824006303,1
60.62,Mastectomy,Breast Cancer,Breast Invasive Ductal Carcinoma,High,0.0,Basal,5.0,Positive,Negative,2.0,Neutral,Negative,Ductal/NST,0.0,Post,10,Right,0.0,13.0,3.034,IDC,Negative,0.0,1,ER-/HER2-,17.0,2.0,0,98.51829002659596,0
71.74,Mastectomy,Breast Cancer,Breast Invasive Ductal Carcinoma,Moderate,0.0,LumB,5.0,Positive,Positive,2.0,Neutral,Negative,Ductal/NST,0.0,Post,8,Right,0.0,4.0,3.05,IDC,Positive,0.0,1,ER+/HER2- High Prolif,25.0,2.0,0,96.42564216532685,0
49.5,Mastectomy,Breast Cancer,Breast Invasive Ductal Carcinoma,High,0.0,Her2,5.0,Positive,Negative,3.0,Gain,Positive,Ductal/NST,0.0,Pre,5,Left,0.0,4.0,4.05,IDC,Positive,0.0,1,HER2+,25.0,2.0,1,78.77151532527196,1
86.29,Mastectomy,Breast Cancer,Breast Invasive Ductal Carcinoma,Moderate,0.0,Basal,5.0,Positive,Positive,3.0,Gain,Positive,Ductal/NST,1.0,Post,5,Left,14.0,4.0,6.07,IDC,Negative,1.0,1,HER2+,35.0,2.0,1,51.84267307353542,1
46.23,Mastectomy,Breast Cancer,Breast Invasive Ductal Carcinoma,Moderate,1.0,Her2,5.0,Negative,Negative,2.0,Gain,Positive,Medullary,0.0,Pre,9,Right,1.0,4.0,4.0,IDC,Negative,0.0,1,HER2+,23.0,2.0,0,92.8018447628442,0
71.62,Mastectomy,Breast Cancer,Breast Mixed Ductal and Lobular Carcinoma,High,0.0,LumA,5.0,Positive,Positive,2.0,Neutral,Negative,Mixed,1.0,Post,8,Right,6.0,5.0,5.07,MDLC,Positive,0.0,1,ER+/HER2- High Prolif,35.0,2.0,1,61.95374934237997,1
77.45,Mastectomy,Breast Cancer,Breast Invasive Ductal Carcinoma,High,0.0,LumB,5.0,Positive,Positive,2.0,Neutral,Negative,Ductal/NST,1.0,Post,3,Left,5.0,8.0,5.026,IDC,Positive,0.0,1,ER+/HER2- High Prolif,13.0,2.0,0,73.91682576695852,0
75.02,Mastectomy,Breast Cancer,Breast Invasive Lobular Carcinoma,High,0.0,LumA,5.0,Positive,Positive,2.0,Neutral,Negative,Lobular,1.0,Post,8,Left,6.0,7.0,5.03,ILC,Negative,0.0,1,ER+/HER2- Low Prolif,15.0,2.0,0,83.45435975433088,0
64.95,Mastectomy,Breast Cancer,Breast Mixed Ductal and Lobular Carcinoma,High,0.0,LumA,5.0,Positive,Positive,2.0,Neutral,Negative,Mixed,0.0,Post,7,Left,0.0,8.0,3.04,MDLC,Positive,0.0,1,ER+/HER2- Low Prolif,20.0,2.0,0,95.66858011117039,0
39.17,Mastectomy,Breast Cancer,Breast Invasive Ductal Carcinoma,Moderate,0.0,Basal,5.0,Positive,Negative,3.0,Gain,Positive,Ductal/NST,0.0,Pre,4ER+,Left,0.0,7.0,4.05,IDC,Negative,0.0,1,ER-/HER2-,25.0,2.0,1,92.7268613184457,1
70.91,Mastectomy,Breast Cancer,Breast Invasive Ductal Carcinoma,High,0.0,LumA,5.0,Positive,Positive,2.0,Neutral,Negative,Ductal/NST,1.0,Post,3,Left,0.0,4.0,3.08,IDC,Positive,0.0,1,ER+/HER2- Low Prolif,40.0,2.0,0,89.80601153155017,0
38.58,Breast Conserving,Breast Cancer,Breast Invasive Ductal Carcinoma,Moderate,0.0,Basal,5.0,Negative,Negative,3.0,Neutral,Negative,Ductal/NST,0.0,Pre,10,Left,8.0,6.0,6.064,IDC,Negative,0.0,1,ER-/HER2-,32.0,2.0,1,15.961785912184574,1
59.08,Mastectomy,Breast Cancer,Breast Mixed Ductal and Lobular Carcinoma,High,0.0,LumA,5.0,Positive,Positive,1.0,Neutral,Negative,Mixed,0.0,Post,8,Right,0.0,6.0,2.066,MDLC,Positive,0.0,1,ER+/HER2- High Prolif,33.0,2.0,1,39.26318998915424,1
83.09,Mastectomy,Breast Cancer,Breast Invasive Ductal Carcinoma,High,0.0,LumA,5.0,Positive,Positive,1.0,Neutral,Negative,Ductal/NST,1.0,Post,8,Left,1.0,5.0,3.03,IDC,Positive,0.0,1,ER+/HER2- High Prolif,15.0,2.0,1,89.04175527553167,1
56.47,Breast Conserving,Breast Cancer,Breast Invasive Ductal Carcinoma,High,0.0,Her2,5.0,Positive,Negative,3.0,Gain,Positive,Ductal/NST,0.0,Post,1,Left,0.0,14.0,4.042,IDC,Negative,1.0,1,HER2+,21.0,2.0,0,119.26713121289323,0
66.24,Mastectomy,Breast Cancer,Breast Invasive Ductal Carcinoma,High,0.0,LumB,5.0,Positive,Positive,2.0,Neutral,Negative,Ductal/NST,0.0,Post,8,Left,0.0,8.0,3.036,IDC,Positive,0.0,1,ER+/HER2- High Prolif,18.0,1.0,1,108.68233847021753,1
35.02,Mastectomy,Breast Cancer,Breast Invasive Ductal Carcinoma,High,1.0,Her2,5.0,Positive,Positive,3.0,Neutral,Negative,Ductal/NST,1.0,Pre,2,Right,9.0,5.0,6.1,IDC,Positive,0.0,1,ER+/HER2- High Prolif,50.0,2.0,0,68.18638515340399,0
75.44,Mastectomy,Breast Cancer,Breast Mixed Ductal and Lobular Carcinoma,Low,0.0,LumA,5.0,Positive,Positive,1.0,Neutral,Negative,Mixed,0.0,Post,3,Right,0.0,6.0,2.032,MDLC,Positive,0.0,1,ER+/HER2- Low Prolif,16.0,2.0,0,101.70867324285562,0
70.35,Mastectomy,Breast Cancer,Breast Invasive Ductal Carcinoma,Low,0.0,claudin-low,5.0,Positive,Positive,3.0,Gain,Negative,Ductal/NST,1.0,Post,4ER+,Right,0.0,2.0,4.158,IDC,Positive,0.0,1,ER-/HER2-,79.0,2.0,1,67.26116374849194,1
56.25,Breast Conserving,Breast Cancer,Breast Mixed Ductal and Lobular Carcinoma,Moderate,0.0,LumB,5.0,Positive,Positive,2.0,Neutral,Negative,Mixed,1.0,Post,7,Right,0.0,4.0,3.0839999999999996,MDLC,Positive,1.0,1,ER+/HER2- High Prolif,42.0,2.0,0,84.25912608625752,0
79.24,Mastectomy,Breast Cancer,Breast Invasive Ductal Carcinoma,High,0.0,LumA,5.0,Positive,Positive,2.0,Neutral,Negative,Ductal/NST,1.0,Post,4ER+,Right,3.0,7.0,4.056,IDC,Negative,0.0,1,ER+/HER2- Low Prolif,28.0,2.0,1,69.46825640865409,1
78.45,Mastectomy,Breast Cancer,Breast Invasive Ductal Carcinoma,High,0.0,LumB,5.0,Positive,Positive,2.0,Neutral,Negative,Ductal/NST,1.0,Post,6,Left,2.0,7.0,4.07,IDC,Positive,0.0,1,ER+/HER2- High Prolif,35.0,2.0,1,23.574577224695815,1
44.51,Mastectomy,Breast Cancer,Breast Mixed Ductal and Lobular Carcinoma,High,1.0,Normal,5.0,Negative,Negative,2.0,Neutral,Negative,Mixed,0.0,Pre,4ER-,Left,9.0,8.0,5.05,MDLC,Positive,1.0,1,ER+/HER2- Low Prolif,25.0,2.0,1,60.3205356169331,1
66.01,Mastectomy,Breast Cancer,Breast Invasive Lobular Carcinoma,High,0.0,LumA,5.0,Positive,Positive,2.0,Neutral,Negative,Lobular,1.0,Post,3,Left,0.0,8.0,3.0460000000000003,ILC,Negative,0.0,1,ER+/HER2- Low Prolif,23.0,2.0,0,85.69197689553688,0
65.52,Mastectomy,Breast Cancer,Breast Invasive Ductal Carcinoma,High,0.0,LumA,5.0,Positive,Positive,3.0,Neutral,Negative,Ductal/NST,1.0,Post,9,Left,1.0,3.0,5.06,IDC,Negative,0.0,1,ER+/HER2- High Prolif,30.0,2.0,1,69.5226647771425,1
79.2,Breast Conserving,Breast Cancer,Breast Invasive Ductal Carcinoma,High,0.0,LumB,5.0,Positive,Positive,2.0,Neutral,Negative,Ductal/NST,0.0,Post,9,Left,0.0,5.0,3.02,IDC,Positive,1.0,1,ER+/HER2- High Prolif,10.0,1.0,0,103.05586593949057,0
41.08,Mastectomy,Breast Cancer,Breast Invasive Ductal Carcinoma,High,0.0,Normal,5.0,Positive,Positive,3.0,Neutral,Negative,Ductal/NST,1.0,Pre,4ER+,Left,0.0,4.0,4.046,IDC,Positive,0.0,1,ER+/HER2- Low Prolif,23.0,2.0,1,38.1868143925508,1
65.01,Mastectomy,Breast Cancer,Breast Invasive Ductal Carcinoma,High,0.0,LumA,1.0,Positive,Positive,3.0,Neutral,Negative,Ductal/NST,1.0,Post,8,Left,0.0,6.0,4.044,IDC,Positive,1.0,1,ER+/HER2- High Prolif,18.0,2.0,0,101.54616907946217,0
80.76,Mastectomy,Breast Cancer,Breast Invasive Ductal Carcinoma,High,0.0,LumA,5.0,Positive,Positive,2.0,Neutral,Negative,Ductal/NST,0.0,Post,8,Right,0.0,6.0,3.03,IDC,Negative,0.0,1,ER+/HER2- Low Prolif,15.0,2.0,1,41.07826894253314,1
56.93,Breast Conserving,Breast Cancer,Breast Invasive Ductal Carcinoma,High,0.0,Normal,5.0,Positive,Positive,2.0,Neutral,Negative,Ductal/NST,1.0,Post,3,Left,2.0,8.0,4.04,IDC,Negative,1.0,1,ER+/HER2- High Prolif,20.0,2.0,0,119.4753596221313,0
82.1,Mastectomy,Breast Cancer,Breast Invasive Ductal Carcinoma,High,0.0,LumA,5.0,Positive,Positive,2.0,Neutral,Negative,Ductal/NST,0.0,Post,8,Left,0.0,4.0,3.0460000000000003,IDC,Positive,0.0,1,ER+/HER2- Low Prolif,23.0,2.0,1,52.746689615299246,1
61.81,Breast Conserving,Breast Cancer,Breast,High,0.0,LumA,5.0,Positive,Positive,2.0,Neutral,Negative,Other,0.0,Post,7,Left,0.0,4.0,3.03,BREAST,Positive,1.0,1,ER+/HER2- Low Prolif,15.0,1.0,0,67.70365736724752,0
60.75,Mastectomy,Breast Cancer,Breast Invasive Ductal Carcinoma,High,0.0,LumA,5.0,Positive,Positive,2.0,Neutral,Negative,Ductal/NST,0.0,Post,7,Right,0.0,5.0,3.0439999999999996,IDC,Positive,0.0,1,ER+/HER2- High Prolif,22.0,2.0,0,66.24657896304998,0
74.43,Mastectomy,Breast Cancer,Breast Invasive Ductal Carcinoma,High,0.0,LumA,5.0,Positive,Positive,2.0,Neutral,Negative,Ductal/NST,1.0,Post,3,Left,1.0,2.0,4.04,IDC,Positive,0.0,1,ER+/HER2- Low Prolif,20.0,2.0,0,103.46032902772447,0
47.51,Mastectomy,Breast Cancer,Breast Invasive Mixed Mucinous Carcinoma,Moderate,1.0,LumB,5.0,Negative,Positive,1.0,Gain,Negative,Mucinous,1.0,Pre,9,Right,3.0,6.0,3.0,IMMC,Positive,0.0,1,ER+/HER2- High Prolif,23.0,2.0,0,94.70321502038455,0
49.67,Mastectomy,Breast Cancer,Breast Invasive Ductal Carcinoma,High,0.0,LumA,5.0,Positive,Positive,3.0,Gain,Negative,Ductal/NST,0.0,Pre,1,Left,0.0,7.0,4.044,IDC,Negative,0.0,1,ER+/HER2- Low Prolif,22.0,2.0,0,76.44963999358835,0
58.83,Breast Conserving,Breast Cancer,Breast Invasive Ductal Carcinoma,High,1.0,Basal,5.0,Negative,Negative,3.0,Neutral,Negative,Medullary,0.0,Post,10,Left,2.0,5.0,5.04,IDC,Negative,1.0,1,ER-/HER2-,20.0,2.0,0,64.7651621393392,0
66.94,Mastectomy,Breast Cancer,Breast Invasive Ductal Carcinoma,High,1.0,Her2,5.0,Negative,Negative,3.0,Gain,Positive,Ductal/NST,0.0,Post,5,Left,31.0,4.0,6.02,IDC,Positive,1.0,1,ER-/HER2-,10.0,2.0,1,14.167689359994448,1
73.37,Mastectomy,Breast Cancer,Breast Mixed Ductal and Lobular Carcinoma,Moderate,0.0,Normal,5.0,Positive,Positive,2.0,Neutral,Negative,Mixed,1.0,Post,8,Left,0.0,5.0,3.074,MDLC,Positive,0.0,1,ER+/HER2- High Prolif,37.0,2.0,1,46.78454988298326,1
37.33,Mastectomy,Breast Cancer,Breast Invasive Ductal Carcinoma,Moderate,0.0,claudin-low,5.0,Negative,Negative,3.0,Neutral,Negative,Ductal/NST,0.0,Pre,4ER-,Left,3.0,5.0,5.04,IDC,Positive,0.0,1,ER-/HER2-,20.0,2.0,0,65.13949497578584,0
75.33,Mastectomy,Breast Cancer,Breast Invasive Ductal Carcinoma,High,0.0,LumA,5.0,Positive,Positive,1.0,Neutral,Negative,Ductal/NST,0.0,Post,8,Right,0.0,5.0,2.03,IDC,Positive,0.0,1,ER+/HER2- Low Prolif,15.0,1.0,1,34.836384755626824,1
52.95,Mastectomy,Breast Cancer,Breast Invasive Ductal Carcinoma,High,0.0,LumA,5.0,Positive,Positive,2.0,Neutral,Negative,Ductal/NST,1.0,Post,3,Left,0.0,5.0,5.042,IDC,Positive,0.0,1,ER+/HER2- High Prolif,21.0,2.0,1,47.369714035214784,1
77.96,Mastectomy,Breast Cancer,Breast Invasive Ductal Carcinoma,High,0.0,Normal,5.0,Positive,Positive,3.0,Loss,Negative,Ductal/NST,0.0,Post,3,Left,0.0,7.0,4.04,IDC,Positive,0.0,1,ER+/HER2- Low Prolif,20.0,2.0,1,24.93431023647913,1
71.22,Mastectomy,Breast Cancer,Breast Mixed Ductal and Lobular Carcinoma,High,0.0,LumA,5.0,Positive,Positive,2.0,Neutral,Negative,Mixed,1.0,Post,3,Left,4.0,11.0,5.06,MDLC,Positive,0.0,1,ER+/HER2- Low Prolif,30.0,2.0,1,108.17694631990865,1
70.65,Breast Conserving,Breast Cancer,Breast Mixed Ductal and Lobular Carcinoma,High,0.0,LumB,5.0,Positive,Positive,1.0,Neutral,Negative,Mixed,0.0,Post,8,Left,0.0,9.0,2.04,MDLC,Positive,1.0,1,ER+/HER2- Low Prolif,20.0,1.0,0,113.6514524798471,0
66.35,Mastectomy,Breast Cancer,Breast Mixed Ductal and Lobular Carcinoma,Moderate,0.0,Normal,5.0,Positive,Positive,2.0,Neutral,Negative,Mixed,0.0,Post,4ER+,Left,0.0,4.0,3.0,MDLC,Positive,0.0,1,ER+/HER2- Low Prolif,23.0,2.0,0,71.51203948312457,0
75.62,Mastectomy,Breast Cancer,Breast Invasive Ductal Carcinoma,High,0.0,Basal,5.0,Negative,Negative,3.0,Gain,Negative,Ductal/NST,0.0,Post,10,Right,0.0,4.0,4.04,IDC,Negative,0.0,1,ER-/HER2-,20.0,1.0,1,76.10798498383726,1
84.87,Mastectomy,Breast Cancer,Breast Mixed Ductal and Lobular Carcinoma,High,0.0,LumA,5.0,Positive,Positive,2.0,Neutral,Negative,Mixed,0.0,Post,7,Left,0.0,6.0,3.0580000000000003,MDLC,Positive,0.0,1,ER+/HER2- Low Prolif,29.0,2.0,0,79.40229372693125,0
52.84,Breast Conserving,Breast Cancer,Breast Mixed Ductal and Lobular Carcinoma,High,1.0,Normal,5.0,Positive,Positive,2.0,Neutral,Negative,Mixed,0.0,Post,8,Right,6.0,5.0,5.04,MDLC,Positive,1.0,1,ER+/HER2- High Prolif,20.0,2.0,0,73.59938413361928,0
41.29,Breast Conserving,Breast Cancer,Breast Invasive Ductal Carcinoma,High,1.0,Basal,5.0,Negative,Negative,3.0,Neutral,Negative,Ductal/NST,0.0,Pre,10,Left,8.0,15.0,6.11,IDC,Negative,1.0,1,ER-/HER2-,55.0,2.0,0,81.29977834991624,0
47.01,Breast Conserving,Breast Cancer,Breast Invasive Ductal Carcinoma,High,0.0,Basal,5.0,Negative,Negative,3.0,Neutral,Negative,Ductal/NST,0.0,Pre,10,Right,0.0,5.0,4.04,IDC,Negative,0.0,1,ER-/HER2-,20.0,2.0,0,64.1654305647656,0
58.39,Mastectomy,Breast Cancer,Breast Invasive Ductal Carcinoma,High,1.0,Her2,5.0,Negative,Negative,3.0,Gain,Positive,Ductal/NST,0.0,Post,5,Left,2.0,9.0,5.06,IDC,Negative,0.0,1,HER2+,30.0,2.0,1,85.34305046760488,1
51.22,Mastectomy,Breast Cancer,Breast Invasive Ductal Carcinoma,High,1.0,Basal,5.0,Negative,Negative,3.0,Neutral,Negative,Ductal/NST,1.0,Post,10,Left,1.0,8.0,5.11,IDC,Negative,1.0,1,ER-/HER2-,55.0,2.0,0,91.14358745449623,0
48.59,Mastectomy,Breast Cancer,Breast Invasive Ductal Carcinoma,High,1.0,Basal,5.0,Negative,Negative,3.0,Loss,Negative,Ductal/NST,0.0,Pre,10,Right,1.0,6.0,5.06,IDC,Negative,1.0,1,ER+/HER2- High Prolif,30.0,2.0,1,97.23049376959254,1
62.9,Breast Conserving,Breast Cancer,Breast Invasive Lobular Carcinoma,High,0.0,LumA,5.0,Positive,Positive,1.0,Neutral,Negative,Lobular,0.0,Post,8,Left,0.0,7.0,2.022,ILC,Positive,1.0,1,ER+/HER2- Low Prolif,11.0,2.0,0,64.0567538155329,0
78.69,Mastectomy,Breast Cancer,Breast Invasive Mixed Mucinous Carcinoma,Moderate,0.0,LumB,5.0,Positive,Positive,2.0,Neutral,Negative,Mucinous,1.0,Post,2,Left,0.0,4.0,3.142,IMMC,Positive,0.0,1,ER+/HER2- Low Prolif,71.0,2.0,1,65.83175748433818,1
67.33,Breast Conserving,Breast Cancer,Breast Invasive Ductal Carcinoma,High,0.0,LumA,5.0,Positive,Positive,1.0,Neutral,Negative,Ductal/NST,0.0,Post,3,Right,0.0,5.0,2.028,IDC,Positive,1.0,1,ER+/HER2- Low Prolif,14.0,2.0,0,108.0213904693417,0
64.4,Breast Conserving,Breast Cancer,Breast Invasive Ductal Carcinoma,High,0.0,LumA,5.0,Positive,Positive,2.0,Loss,Negative,Ductal/NST,0.0,Post,7,Right,0.0,11.0,3.05,IDC,Negative,0.0,1,ER+/HER2- High Prolif,25.0,2.0,0,74.02272491462598,0
36.93,Breast Conserving,Breast Cancer,Breast Invasive Ductal Carcinoma,Low,1.0,claudin-low,5.0,Negative,Negative,3.0,Neutral,Negative,Ductal/NST,0.0,Pre,10,Right,3.0,6.0,5.0,IDC,Negative,1.0,1,ER+/HER2- High Prolif,23.0,2.0,1,21.38739111344176,1
43.08,Mastectomy,Breast Cancer,Breast Invasive Ductal Carcinoma,High,1.0,LumA,5.0,Negative,Positive,2.0,Neutral,Negative,Tubular/ cribriform,0.0,Pre,3,Right,1.0,9.0,4.032,IDC,Positive,0.0,1,ER+/HER2- High Prolif,16.0,2.0,0,92.40071487627064,0
53.68,Mastectomy,Breast Cancer,Breast Invasive Ductal Carcinoma,High,1.0,Basal,5.0,Negative,Negative,3.0,Neutral,Negative,Ductal/NST,0.0,Post,10,Left,1.0,6.0,5.088,IDC,Negative,1.0,1,ER+/HER2- High Prolif,44.0,2.0,1,70.00750651640315,1
75.1,Breast Conserving,Breast Cancer,Breast Invasive Ductal Carcinoma,High,0.0,LumB,5.0,Positive,Positive,2.0,Neutral,Negative,Ductal/NST,1.0,Post,6,Left,7.0,6.0,5.01,IDC,Positive,0.0,1,ER+/HER2- High Prolif,5.0,2.0,1,75.37884074625495,1
73.07,Mastectomy,Breast Cancer,Breast Invasive Lobular Carcinoma,Low,0.0,LumA,5.0,Positive,Positive,3.0,Neutral,Negative,Lobular,1.0,Post,7,Left,1.0,10.0,5.05,ILC,Positive,0.0,1,ER+/HER2- High Prolif,25.0,2.0,1,92.50746321190763,1
67.81,Breast Conserving,Breast Cancer,Breast,Moderate,0.0,LumB,5.0,Positive,Positive,2.0,Loss,Negative,Other,1.0,Post,9,Right,0.0,3.0,3.06,BREAST,Positive,1.0,1,ER+/HER2- High Prolif,30.0,2.0,1,58.61923099280538,1
85.17,Mastectomy,Breast Cancer,Breast Invasive Ductal Carcinoma,Moderate,0.0,LumA,5.0,Positive,Positive,2.0,Neutral,Negative,Ductal/NST,0.0,Post,3,Left,0.0,4.0,3.04,IDC,Positive,0.0,1,ER+/HER2- High Prolif,20.0,2.0,1,25.778672701920886,1
58.08,Mastectomy,Breast Cancer,Breast Invasive Ductal Carcinoma,Moderate,1.0,LumB,5.0,Negative,Positive,3.0,Loss,Negative,Ductal/NST,0.0,Post,1,Right,1.0,5.0,5.07,IDC,Positive,1.0,1,ER+/HER2- High Prolif,35.0,2.0,1,42.64779782626224,1
74.33,Breast Conserving,Breast Cancer,Breast Invasive Ductal Carcinoma,High,0.0,LumB,5.0,Positive,Positive,3.0,Neutral,Negative,Ductal/NST,1.0,Post,6,Left,0.0,5.0,4.046,IDC,Positive,1.0,1,ER+/HER2- High Prolif,23.0,2.0,1,51.21288801105259,1
52.55,Breast Conserving,Breast Cancer,Breast Invasive Ductal Carcinoma,High,0.0,LumA,5.0,Positive,Positive,2.0,Gain,Negative,Ductal/NST,1.0,Post,8,Right,0.0,6.0,3.06,IDC,Negative,1.0,1,ER+/HER2- High Prolif,30.0,2.0,0,112.8047452536875,0
62.92,Mastectomy,Breast Cancer,Breast Invasive Ductal Carcinoma,High,0.0,LumB,5.0,Positive,Positive,2.0,Neutral,Negative,Ductal/NST,1.0,Post,3,Left,1.0,6.0,4.03,IDC,Positive,0.0,1,ER+/HER2- High Prolif,15.0,2.0,1,81.75906206381293,1
67.78,Mastectomy,Breast Cancer,Breast Invasive Ductal Carcinoma,High,0.0,LumB,5.0,Positive,Positive,3.0,Neutral,Negative,Ductal/NST,1.0,Post,9,Left,5.0,4.0,6.053999999999999,IDC,Negative,1.0,1,ER+/HER2- High Prolif,27.0,2.0,0,99.05264214283164,0
52.85,Mastectomy,Breast Cancer,Breast Invasive Ductal Carcinoma,High,1.0,claudin-low,5.0,Negative,Negative,3.0,Gain,Negative,Medullary,0.0,Post,10,Left,3.0,9.0,5.06,IDC,Negative,1.0,1,ER-/HER2-,30.0,2.0,1,73.64405690424249,1
78.22,Breast Conserving,Breast Cancer,Breast Invasive Ductal Carcinoma,High,0.0,LumB,5.0,Positive,Positive,3.0,Gain,Negative,Ductal/NST,1.0,Post,1,Left,0.0,5.0,4.058,IDC,Positive,1.0,1,ER+/HER2- High Prolif,29.0,2.0,1,50.458446396967396,1
81.75,Breast Conserving,Breast Cancer,Breast Invasive Ductal Carcinoma,High,0.0,LumA,5.0,Positive,Positive,2.0,Neutral,Negative,Ductal/NST,1.0,Post,8,Right,9.0,7.0,5.046,IDC,Positive,1.0,1,ER+/HER2- Low Prolif,23.0,2.0,0,91.97746719308012,0
85.02,Mastectomy,Breast Cancer,Breast Invasive Ductal Carcinoma,High,0.0,LumB,5.0,Positive,Positive,3.0,Neutral,Negative,Ductal/NST,1.0,Post,9,Right,0.0,7.0,4.078,IDC,Negative,0.0,1,ER+/HER2- High Prolif,39.0,2.0,0,79.46002518692254,0
68.57,Breast Conserving,Breast Cancer,Breast Invasive Mixed Mucinous Carcinoma,High,0.0,Her2,5.0,Positive,Positive,2.0,Gain,Positive,Mucinous,0.0,Post,1,Left,0.0,5.0,3.028,IMMC,Negative,0.0,1,HER2+,14.0,2.0,0,79.98011478349187,0
86.9,Mastectomy,Breast Cancer,Breast Invasive Ductal Carcinoma,Moderate,0.0,LumB,5.0,Positive,Positive,3.0,Gain,Negative,Ductal/NST,1.0,Post,2,Right,3.0,7.0,5.106,IDC,Positive,0.0,1,ER+/HER2- High Prolif,53.0,2.0,1,118.5436468696418,1
81.37,Mastectomy,Breast Cancer,Breast Invasive Ductal Carcinoma,High,0.0,Her2,5.0,Positive,Negative,3.0,Neutral,Negative,Ductal/NST,0.0,Post,10,Right,0.0,14.0,4.07,IDC,Negative,0.0,1,ER-/HER2-,35.0,2.0,1,77.42368049054382,1
57.9,Breast Conserving,Breast Cancer,Breast Invasive Lobular Carcinoma,High,1.0,Normal,5.0,Negative,Positive,2.0,Neutral,Negative,Lobular,1.0,Post,3,Right,6.0,2.0,5.124,ILC,Positive,1.0,1,ER+/HER2- Low Prolif,62.0,2.0,0,100.1692173118914,0
80.93,Breast Conserving,Breast Cancer,Breast Mixed Ductal and Lobular Carcinoma,High,0.0,LumB,5.0,Positive,Positive,2.0,Neutral,Negative,Mixed,1.0,Post,4ER+,Left,9.0,11.0,5.05,MDLC,Negative,1.0,1,ER+/HER2- High Prolif,25.0,2.0,1,37.6204935074874,1
76.56,Mastectomy,Breast Cancer,Breast Invasive Mixed Mucinous Carcinoma,High,0.0,LumB,5.0,Positive,Positive,1.0,Neutral,Negative,Mucinous,1.0,Post,7,Left,10.0,6.0,4.12,IMMC,Negative,1.0,1,ER+/HER2- High Prolif,60.0,2.0,1,22.992507043003606,1
75.89,Mastectomy,Breast Cancer,Breast Invasive Ductal Carcinoma,High,0.0,LumA,5.0,Positive,Positive,1.0,Neutral,Negative,Ductal/NST,1.0,Post,2,Right,0.0,2.0,2.06,IDC,Positive,0.0,1,ER+/HER2- High Prolif,30.0,2.0,0,119.64836167327005,0
68.48,Breast Conserving,Breast Cancer,Breast Invasive Ductal Carcinoma,High,0.0,LumB,5.0,Negative,Positive,3.0,Neutral,Negative,Ductal/NST,1.0,Post,9,Right,0.0,7.0,4.046,IDC,Positive,0.0,1,ER+/HER2- High Prolif,23.0,2.0,1,28.508787031907858,1
36.81,Mastectomy,Breast Cancer,Breast Invasive Ductal Carcinoma,High,1.0,Her2,5.0,Negative,Negative,2.0,Gain,Positive,Ductal/NST,1.0,Pre,4ER-,Right,2.0,4.0,4.04,IDC,Negative,1.0,1,HER2+,20.0,2.0,0,99.71035139096271,0
60.12,Mastectomy,Breast Cancer,Breast Invasive Ductal Carcinoma,High,0.0,Her2,5.0,Negative,Positive,3.0,Gain,Positive,Ductal/NST,1.0,Post,9,Right,0.0,6.0,4.042,IDC,Positive,0.0,1,HER2+,21.0,2.0,0,93.46700504220149,0
63.22,Mastectomy,Breast Cancer,Breast Invasive Ductal Carcinoma,Moderate,1.0,Basal,5.0,Negative,Negative,3.0,Neutral,Negative,Ductal/NST,0.0,Post,2,Right,18.0,2.0,6.05,IDC,Negative,1.0,1,ER-/HER2-,25.0,2.0,1,38.56343466552688,1
58.25,Mastectomy,Breast Cancer,Breast Invasive Ductal Carcinoma,High,1.0,Basal,5.0,Negative,Negative,3.0,Gain,Positive,Ductal/NST,0.0,Post,5,Right,14.0,7.0,6.11,IDC,Negative,1.0,1,HER2+,55.0,2.0,1,29.353588312032013,1
82.0,Mastectomy,Breast Cancer,Breast Invasive Ductal Carcinoma,Moderate,0.0,LumB,5.0,Positive,Positive,2.0,Neutral,Negative,Ductal/NST,0.0,Post,1,Right,0.0,9.0,3.12,IDC,Negative,0.0,1,ER+/HER2- High Prolif,60.0,2.0,0,103.83903061435477,0
63.2,Breast Conserving,Breast Cancer,Breast Invasive Mixed Mucinous Carcinoma,High,0.0,LumB,5.0,Positive,Positive,2.0,Neutral,Negative,Mucinous,0.0,Post,8,Right,0.0,3.0,3.0439999999999996,IMMC,Positive,1.0,1,ER+/HER2- High Prolif,22.0,2.0,0,87.91233673702308,0
57.77,Mastectomy,Breast Cancer,Breast Invasive Lobular Carcinoma,High,0.0,Her2,5.0,Positive,Negative,2.0,Gain,Positive,Lobular,0.0,Post,5,Right,0.0,4.0,3.05,ILC,Negative,0.0,1,HER2+,25.0,2.0,1,32.14923859754102,1
73.42,Mastectomy,Breast Cancer,Breast Invasive Ductal Carcinoma,High,0.0,Her2,5.0,Positive,Positive,2.0,Neutral,Negative,Ductal/NST,0.0,Post,6,Left,0.0,8.0,3.0439999999999996,IDC,Negative,0.0,1,ER+/HER2- High Prolif,22.0,2.0,1,42.790278218935484,1
60.77,Mastectomy,Breast Cancer,Breast Invasive Ductal Carcinoma,Moderate,1.0,Basal,5.0,Negative,Negative,3.0,Gain,Positive,Ductal/NST,0.0,Post,5,Right,7.0,7.0,6.05,IDC,Negative,1.0,1,HER2+,25.0,2.0,1,30.724348291833522,1
50.44,Mastectomy,Breast Cancer,Breast Invasive Ductal Carcinoma,Low,0.0,Normal,4.0,Positive,Positive,2.0,Neutral,Negative,Ductal/NST,1.0,Post,3,Right,2.0,5.0,4.053999999999999,IDC,Positive,0.0,1,ER+/HER2- Low Prolif,27.0,2.0,1,108.85066585965392,1
69.94,Mastectomy,Breast Cancer,Breast Invasive Ductal Carcinoma,High,0.0,claudin-low,4.0,Negative,Negative,3.0,Neutral,Negative,Ductal/NST,0.0,Post,4ER-,Right,0.0,2.0,4.048,IDC,Negative,0.0,1,ER-/HER2-,24.0,2.0,1,20.665244531457358,1
68.28,Breast Conserving,Breast Cancer,Breast Invasive Ductal Carcinoma,High,1.0,Basal,4.0,Negative,Negative,3.0,Neutral,Negative,Ductal/NST,0.0,Post,10,Right,2.0,3.0,5.053999999999999,IDC,Negative,1.0,1,ER-/HER2-,27.0,2.0,1,68.64723007358751,1
68.9,Mastectomy,Breast Cancer,Breast Mixed Ductal and Lobular Carcinoma,Moderate,0.0,LumB,4.0,Positive,Positive,3.0,Gain,Negative,Mixed,1.0,Post,9,Left,0.0,3.0,4.08,MDLC,Positive,1.0,1,ER+/HER2- High Prolif,40.0,2.0,1,56.32285731488344,1
60.96,Breast Conserving,Breast Cancer,Breast Invasive Ductal Carcinoma,High,1.0,Basal,4.0,Negative,Negative,3.0,Neutral,Negative,Ductal/NST,0.0,Post,10,Left,0.0,5.0,4.04,IDC,Negative,1.0,1,ER-/HER2-,20.0,2.0,1,118.0968906261295,1
36.63,Breast Conserving,Breast Cancer,Breast Mixed Ductal and Lobular Carcinoma,High,1.0,claudin-low,4.0,Negative,Negative,3.0,Neutral,Negative,Mixed,0.0,Pre,10,Right,1.0,5.0,5.053999999999999,MDLC,Negative,1.0,1,ER-/HER2-,27.0,2.0,0,63.60854055604711,0
72.12,Mastectomy,Breast Cancer,Breast Invasive Ductal Carcinoma,Moderate,1.0,Her2,4.0,Negative,Positive,2.0,Neutral,Negative,Ductal/NST,0.0,Post,9,Right,3.0,5.0,4.08,IDC,Negative,1.0,1,ER+/HER2- High Prolif,40.0,2.0,1,24.100201434149653,1
68.44,Mastectomy,Breast Cancer,Breast Invasive Ductal Carcinoma,Moderate,0.0,LumB,4.0,Positive,Positive,2.0,Neutral,Negative,Ductal/NST,1.0,Post,3,Left,0.0,8.0,3.042,IDC,Positive,0.0,1,ER+/HER2- Low Prolif,21.0,2.0,1,54.9684046969401,1
44.47,Mastectomy,Breast Cancer,Breast Invasive Ductal Carcinoma,Moderate,1.0,Her2,4.0,Negative,Negative,3.0,Gain,Positive,Ductal/NST,0.0,Pre,5,Left,2.0,10.0,5.053999999999999,IDC,Negative,0.0,1,HER2+,27.0,2.0,1,116.70280679373984,1
66.66,Mastectomy,Breast Cancer,Breast Invasive Ductal Carcinoma,High,1.0,claudin-low,4.0,Negative,Negative,3.0,Neutral,Negative,Ductal/NST,0.0,Post,10,Right,2.0,6.0,5.08,IDC,Negative,1.0,1,ER-/HER2-,40.0,2.0,1,105.47476959654986,1
35.27,Breast Conserving,Breast Cancer,Breast Invasive Ductal Carcinoma,Moderate,0.0,LumB,4.0,Positive,Positive,2.0,Gain,Negative,Ductal/NST,1.0,Pre,3,Left,1.0,6.0,4.052,IDC,Positive,1.0,1,ER+/HER2- Low Prolif,26.0,2.0,1,100.24378366252223,1
60.56,Mastectomy,Breast Cancer,Breast Invasive Ductal Carcinoma,Moderate,1.0,Her2,4.0,Negative,Negative,3.0,Gain,Positive,Ductal/NST,0.0,Post,5,Right,12.0,6.0,6.03,IDC,Negative,1.0,1,HER2+,15.0,2.0,1,39.8535053208535,1
74.21,Mastectomy,Breast Cancer,Breast,Low,0.0,Basal,4.0,Positive,Negative,2.0,Neutral,Negative,Other,1.0,Post,4ER+,Right,1.0,5.0,4.1,BREAST,Negative,1.0,1,ER-/HER2-,50.0,2.0,1,30.45585943812711,1
45.3,Mastectomy,Breast Cancer,Breast Invasive Ductal Carcinoma,Moderate,1.0,Her2,4.0,Negative,Negative,3.0,Gain,Positive,Ductal/NST,0.0,Pre,5,Right,13.0,4.0,6.1,IDC,Negative,1.0,1,HER2+,50.0,2.0,1,84.21346775183855,1
54.48,Mastectomy,Breast Cancer,Breast Invasive Ductal Carcinoma,High,1.0,Basal,4.0,Negative,Negative,3.0,Neutral,Negative,Ductal/NST,0.0,Post,10,Left,2.0,4.0,5.0360000000000005,IDC,Negative,1.0,1,ER-/HER2-,18.0,2.0,0,93.73780895267458,0
78.19,Mastectomy,Breast Cancer,Breast Mixed Ductal and Lobular Carcinoma,Moderate,0.0,Basal,4.0,Positive,Negative,2.0,Neutral,Negative,Mixed,1.0,Post,4ER+,Left,1.0,2.0,4.124,MDLC,Negative,0.0,1,ER-/HER2-,62.0,2.0,1,112.37260682577927,1
79.48,Mastectomy,Breast Cancer,Breast Invasive Lobular Carcinoma,Moderate,0.0,LumA,4.0,Positive,Positive,3.0,Neutral,Negative,Lobular,1.0,Post,3,Right,0.0,16.0,1.05,ILC,Positive,0.0,1,ER+/HER2- Low Prolif,25.0,2.0,1,72.13039244550441,1
61.39,Breast Conserving,Breast Cancer,Breast Invasive Ductal Carcinoma,High,0.0,Her2,4.0,Negative,Negative,2.0,Neutral,Negative,Ductal/NST,1.0,Post,4ER-,Right,0.0,3.0,3.04,IDC,Negative,1.0,1,ER-/HER2-,20.0,2.0,1,73.73417046274918,1
76.02,Breast Conserving,Breast Cancer,Breast Invasive Ductal Carcinoma,Moderate,0.0,Her2,4.0,Positive,Positive,2.0,Gain,Positive,Ductal/NST,1.0,Post,6,Left,0.0,8.0,3.0460000000000003,IDC,Negative,1.0,1,ER+/HER2- High Prolif,23.0,2.0,0,117.45751707032281,0
64.99,Breast Conserving,Breast Cancer,Breast Invasive Ductal Carcinoma,Moderate,1.0,Her2,4.0,Positive,Positive,2.0,Gain,Positive,Ductal/NST,1.0,Post,5,Right,1.0,5.0,4.045,IDC,Positive,1.0,1,ER+/HER2- High Prolif,22.5,2.0,1,42.23774211531069,1
63.44,Breast Conserving,Breast Cancer,Breast Invasive Ductal Carcinoma,High,0.0,Her2,4.0,Positive,Positive,2.0,Neutral,Negative,Ductal/NST,1.0,Post,6,Left,0.0,4.0,3.04,IDC,Negative,1.0,1,ER+/HER2- High Prolif,20.0,2.0,1,95.10523678472919,1
45.64,Breast Conserving,Breast Cancer,Breast Invasive Ductal Carcinoma,High,0.0,LumA,4.0,Positive,Positive,3.0,Neutral,Negative,Ductal/NST,0.0,Pre,4ER+,Left,0.0,6.0,4.029,IDC,Positive,1.0,1,ER+/HER2- High Prolif,14.5,2.0,0,70.51817654145958,0
73.74,Mastectomy,Breast Cancer,Breast Invasive Lobular Carcinoma,Low,1.0,claudin-low,4.0,Positive,Negative,3.0,Neutral,Negative,Lobular,1.0,Post,10,Left,2.0,5.0,5.0256,ILC,Positive,0.0,1,ER-/HER2-,12.8,2.0,1,32.20072484421252,1
54.87,Mastectomy,Breast Cancer,Breast Invasive Ductal Carcinoma,Low,0.0,Basal,4.0,Negative,Negative,3.0,Neutral,Negative,Ductal/NST,0.0,Post,10,Left,0.0,6.0,4.052,IDC,Negative,0.0,1,ER+/HER2- High Prolif,26.0,2.0,1,46.95735753165832,1
72.81,Mastectomy,Breast Cancer,Breast Invasive Ductal Carcinoma,High,1.0,Normal,4.0,Negative,Negative,2.0,Neutral,Negative,Ductal/NST,1.0,Post,4ER-,Left,2.0,8.0,4.044,IDC,Negative,0.0,1,ER+/HER2- Low Prolif,22.0,2.0,1,57.947135370573015,1
45.81,Mastectomy,Breast Cancer,Breast Invasive Ductal Carcinoma,Moderate,0.0,Normal,4.0,Positive,Positive,3.0,Neutral,Negative,Ductal/NST,1.0,Pre,3,Left,4.0,7.0,3.054,IDC,Positive,0.0,1,ER+/HER2- Low Prolif,27.0,2.0,0,101.40029344923994,0
69.25,Mastectomy,Breast Cancer,Breast Invasive Lobular Carcinoma,High,0.0,LumA,4.0,Positive,Positive,1.0,Loss,Negative,Lobular,1.0,Post,3,Left,6.0,4.0,4.1,ILC,Negative,1.0,1,ER+/HER2- Low Prolif,50.0,2.0,1,66.82192089792115,1
61.6,Breast Conserving,Breast Cancer,Breast Invasive Ductal Carcinoma,Moderate,0.0,Normal,4.0,Positive,Positive,2.0,Neutral,Negative,Ductal/NST,1.0,Post,4ER+,Left,0.0,4.0,3.04,IDC,Negative,1.0,1,ER+/HER2- Low Prolif,20.0,2.0,1,38.18025110082866,1
71.24,Mastectomy,Breast Cancer,Breast Mixed Ductal and Lobular Carcinoma,Moderate,0.0,LumB,4.0,Positive,Positive,2.0,Gain,Negative,Mixed,1.0,Post,1,Left,14.0,8.0,5.13,MDLC,Positive,1.0,1,ER+/HER2- High Prolif,65.0,2.0,1,24.402377071833982,1
54.69,Mastectomy,Breast Cancer,Breast Invasive Ductal Carcinoma,High,1.0,Basal,4.0,Negative,Negative,3.0,Gain,Positive,Ductal/NST,0.0,Post,5,Left,13.0,5.0,6.04,IDC,Negative,0.0,1,HER2+,20.0,2.0,0,72.05602131954339,0
56.13,Mastectomy,Breast Cancer,Breast Invasive Ductal Carcinoma,Moderate,0.0,LumA,4.0,Positive,Positive,2.0,Neutral,Negative,Ductal/NST,1.0,Post,7,Left,0.0,6.0,3.0439999999999996,IDC,Positive,0.0,1,ER+/HER2- Low Prolif,22.0,2.0,0,92.14966106838487,0
74.8,Mastectomy,Breast Cancer,Breast Invasive Ductal Carcinoma,Moderate,0.0,claudin-low,4.0,Negative,Negative,3.0,Neutral,Negative,Ductal/NST,1.0,Post,10,Left,0.0,6.0,4.1,IDC,Negative,1.0,1,ER-/HER2-,50.0,2.0,1,77.94696458369631,1
69.12,Breast Conserving,Breast Cancer,Breast Invasive Ductal Carcinoma,Moderate,0.0,claudin-low,4.0,Negative,Negative,3.0,Neutral,Negative,Ductal/NST,1.0,Post,10,Right,0.0,6.0,4.056,IDC,Negative,1.0,1,ER-/HER2-,28.0,2.0,0,65.80058697880318,0
70.52,Breast Conserving,Breast Cancer,Breast Mixed Ductal and Lobular Carcinoma,High,0.0,LumB,4.0,Positive,Positive,2.0,Neutral,Negative,Mixed,1.0,Post,9,Left,2.0,2.0,4.0360000000000005,MDLC,Positive,1.0,1,ER+/HER2- High Prolif,18.0,2.0,0,87.02225617549111,0
66.61,Breast Conserving,Breast Cancer,Breast Invasive Ductal Carcinoma,High,1.0,Basal,4.0,Negative,Negative,3.0,Neutral,Negative,Ductal/NST,1.0,Post,10,Left,3.0,6.0,5.0280000000000005,IDC,Negative,1.0,1,ER+/HER2- High Prolif,14.0,2.0,1,43.17209974994762,1
72.05,Mastectomy,Breast Cancer,Breast Invasive Ductal Carcinoma,Moderate,0.0,Her2,4.0,Positive,Positive,3.0,Gain,Positive,Ductal/NST,1.0,Post,5,Left,2.0,9.0,5.05,IDC,Negative,0.0,1,HER2+,25.0,2.0,0,105.36979973371476,0
55.67,Breast Conserving,Breast Cancer,Breast Mixed Ductal and Lobular Carcinoma,High,0.0,Her2,4.0,Negative,Positive,1.0,Neutral,Negative,Mixed,1.0,Post,1,Left,0.0,10.0,2.04,MDLC,Positive,1.0,1,ER+/HER2- High Prolif,20.0,2.0,0,80.85429145433892,0
76.25,Mastectomy,Breast Cancer,Breast Invasive Ductal Carcinoma,Moderate,1.0,LumA,4.0,Positive,Positive,1.0,Neutral,Negative,Ductal/NST,1.0,Post,3,Right,2.0,3.0,3.0338,IDC,Positive,0.0,1,ER+/HER2- Low Prolif,16.9,2.0,0,99.89470346923308,0
48.27,Breast Conserving,Breast Cancer,Breast Invasive Ductal Carcinoma,High,0.0,LumA,4.0,Positive,Positive,2.0,Neutral,Negative,Ductal/NST,1.0,Pre,3,Left,1.0,6.0,4.025,IDC,Positive,1.0,1,ER+/HER2- High Prolif,12.5,2.0,0,107.72699764738375,0
60.09,Mastectomy,Breast Cancer,Breast Invasive Ductal Carcinoma,High,1.0,LumB,4.0,Positive,Positive,3.0,Neutral,Negative,Ductal/NST,1.0,Post,8,Left,2.0,10.0,2.0806,IDC,Negative,0.0,1,ER+/HER2- High Prolif,40.3,2.0,1,74.77372791364212,1
80.31,Mastectomy,Breast Cancer,Breast Invasive Ductal Carcinoma,High,0.0,LumB,4.0,Positive,Positive,2.0,Neutral,Negative,Ductal/NST,1.0,Post,9,Right,2.0,5.0,4.0760000000000005,IDC,Positive,1.0,1,ER+/HER2- High Prolif,38.0,2.0,0,115.63066916876716,0
70.56,Breast Conserving,Breast Cancer,Breast Invasive Ductal Carcinoma,High,0.0,LumB,4.0,Positive,Positive,3.0,Neutral,Negative,Ductal/NST,1.0,Post,8,Left,2.0,3.0,5.056,IDC,Positive,1.0,1,ER+/HER2- High Prolif,28.0,2.0,0,74.07852491132721,0
49.16,Breast Conserving,Breast Cancer,Breast Invasive Lobular Carcinoma,Low,0.0,LumA,4.0,Positive,Positive,2.0,Neutral,Negative,Lobular,1.0,Pre,3,Right,0.0,5.0,3.031,ILC,Positive,1.0,1,ER+/HER2- Low Prolif,15.5,2.0,0,83.95895494855849,0
73.16,Mastectomy,Breast Cancer,Breast Mixed Ductal and Lobular Carcinoma,Moderate,0.0,LumB,4.0,Positive,Positive,1.0,Neutral,Negative,Mixed,1.0,Post,3,Left,1.0,6.0,3.04,MDLC,Positive,0.0,1,ER+/HER2- High Prolif,20.0,2.0,1,28.67117324961385,1
59.93,Breast Conserving,Breast Cancer,Breast Invasive Ductal Carcinoma,Moderate,0.0,claudin-low,4.0,Positive,Positive,3.0,Neutral,Negative,Ductal/NST,1.0,Post,6,Right,2.0,3.0,5.038,IDC,Negative,1.0,1,ER-/HER2-,19.0,2.0,0,69.14496079982504,0
80.13,Mastectomy,Breast Cancer,Breast Invasive Ductal Carcinoma,Low,0.0,LumA,4.0,Positive,Positive,1.0,Neutral,Negative,Ductal/NST,1.0,Post,2,Right,18.0,7.0,4.058,IDC,Positive,0.0,1,ER+/HER2- Low Prolif,29.0,2.0,1,63.96313100032029,1
67.85,Mastectomy,Breast Cancer,Breast Invasive Ductal Carcinoma,Moderate,0.0,LumA,4.0,Positive,Positive,3.0,Neutral,Negative,Ductal/NST,1.0,Post,8,Left,3.0,11.0,5.06,IDC,Negative,0.0,1,ER+/HER2- High Prolif,30.0,2.0,1,69.51965871557127,1
52.12,Mastectomy,Breast Cancer,Breast Invasive Ductal Carcinoma,Moderate,0.0,Basal,4.0,Positive,Positive,3.0,Neutral,Negative,Ductal/NST,1.0,Post,1,Left,5.0,3.0,6.1,IDC,Positive,0.0,1,ER+/HER2- High Prolif,50.0,2.0,1,17.596941976822105,1
40.74,Mastectomy,Breast Cancer,Breast Invasive Ductal Carcinoma,Low,1.0,LumB,4.0,Positive,Positive,3.0,Neutral,Negative,Ductal/NST,0.0,Pre,2,Left,0.0,2.0,4.08,IDC,Positive,0.0,1,ER+/HER2- High Prolif,40.0,2.0,1,48.35326204494342,1
66.04,Mastectomy,Breast Cancer,Breast Invasive Ductal Carcinoma,Moderate,0.0,LumA,4.0,Positive,Positive,1.0,Neutral,Negative,Ductal/NST,1.0,Post,7,Left,0.0,6.0,2.02,IDC,Positive,0.0,1,ER+/HER2- Low Prolif,10.0,2.0,0,119.54901012950252,0
55.57,Breast Conserving,Breast Cancer,Breast Invasive Ductal Carcinoma,High,0.0,Basal,4.0,Negative,Negative,3.0,Neutral,Negative,Ductal/NST,1.0,Post,10,Left,0.0,8.0,4.032,IDC,Negative,1.0,1,ER-/HER2-,16.0,2.0,0,115.62005807545772,0
80.56,Mastectomy,Breast Cancer,Breast Invasive Ductal Carcinoma,High,0.0,Her2,4.0,Positive,Positive,3.0,Gain,Positive,Ductal/NST,1.0,Post,5,Left,0.0,5.0,4.14,IDC,Negative,1.0,1,HER2+,70.0,2.0,0,92.39742781683357,0
77.17,Mastectomy,Breast Cancer,Breast Invasive Ductal Carcinoma,High,0.0,LumB,4.0,Positive,Positive,2.0,Neutral,Negative,Ductal/NST,1.0,Post,8,Left,1.0,11.0,4.08,IDC,Negative,0.0,1,ER+/HER2- High Prolif,40.0,2.0,1,26.51678510940922,1
70.15,Mastectomy,Breast Cancer,Breast Invasive Ductal Carcinoma,Moderate,0.0,LumA,4.0,Positive,Positive,2.0,Neutral,Negative,Ductal/NST,1.0,Post,8,Left,0.0,2.0,3.04,IDC,Positive,0.0,1,ER+/HER2- Low Prolif,20.0,2.0,0,110.52199766258528,0
54.53,Breast Conserving,Breast Cancer,Breast Invasive Ductal Carcinoma,High,1.0,Basal,4.0,Negative,Negative,3.0,Neutral,Negative,Ductal/NST,1.0,Post,10,Left,2.0,8.0,5.046,IDC,Negative,1.0,1,ER-/HER2-,23.0,2.0,0,91.25747863632253,0
49.02,Mastectomy,Breast Cancer,Breast Invasive Ductal Carcinoma,Low,1.0,claudin-low,4.0,Negative,Negative,3.0,Neutral,Negative,Ductal/NST,1.0,Pre,10,Left,4.0,3.0,6.0760000000000005,IDC,Negative,1.0,1,ER-/HER2-,38.0,2.0,1,18.844496811058917,1
83.39,Mastectomy,Breast Cancer,Breast Invasive Ductal Carcinoma,Moderate,0.0,Basal,4.0,Positive,Positive,3.0,Neutral,Negative,Ductal/NST,1.0,Post,4ER+,Left,1.0,5.0,5.06,IDC,Negative,0.0,1,ER+/HER2- High Prolif,30.0,2.0,1,118.91570509811409,1
56.97,Mastectomy,Breast Cancer,Breast Invasive Ductal Carcinoma,Moderate,0.0,LumA,4.0,Positive,Positive,1.0,Gain,Negative,Ductal/NST,1.0,Post,1,Left,0.0,7.0,2.072,IDC,Positive,0.0,1,ER+/HER2- Low Prolif,36.0,2.0,0,97.41514128016559,0
71.16,Mastectomy,Breast Cancer,Breast Invasive Ductal Carcinoma,High,0.0,LumA,4.0,Positive,Positive,2.0,Neutral,Negative,Ductal/NST,1.0,Post,7,Left,1.0,3.0,4.04,IDC,Positive,0.0,1,ER+/HER2- High Prolif,20.0,2.0,0,65.347465926961,0
52.43,Breast Conserving,Breast Cancer,Breast Invasive Ductal Carcinoma,Moderate,0.0,Normal,4.0,Positive,Positive,3.0,Neutral,Negative,Ductal/NST,1.0,Post,9,Left,0.0,2.0,3.0380000000000003,IDC,Positive,1.0,1,ER+/HER2- High Prolif,19.0,2.0,0,105.31622522980848,0
71.05,Mastectomy,Breast Cancer,Invasive Breast Carcinoma,High,0.0,LumA,4.0,Positive,Positive,2.0,Gain,Positive,Ductal/NST,1.0,Post,5,Left,0.0,5.0,3.042,BRCA,Positive,0.0,1,HER2+,21.0,2.0,1,46.81421525727008,1
72.28,Breast Conserving,Breast Cancer,Breast Invasive Ductal Carcinoma,High,0.0,LumB,4.0,Positive,Positive,3.0,Gain,Negative,Ductal/NST,1.0,Post,9,Left,3.0,5.0,5.062,IDC,Negative,1.0,1,ER+/HER2- High Prolif,31.0,2.0,1,99.46644015230056,1
58.04,Mastectomy,Breast Cancer,Breast Invasive Ductal Carcinoma,Moderate,0.0,LumB,4.0,Positive,Positive,3.0,Neutral,Negative,Ductal/NST,1.0,Post,8,Right,1.0,14.0,5.042,IDC,Negative,0.0,1,ER+/HER2- High Prolif,21.0,2.0,0,67.66280901811409,0
69.06,Mastectomy,Breast Cancer,Breast Invasive Ductal Carcinoma,Moderate,0.0,LumB,4.0,Positive,Positive,2.0,Neutral,Negative,Ductal/NST,1.0,Post,7,Left,0.0,2.0,3.0380000000000003,IDC,Positive,0.0,1,ER+/HER2- Low Prolif,19.0,2.0,0,109.5640578151517,0
71.41,Breast Conserving,Breast Cancer,Breast Invasive Lobular Carcinoma,High,0.0,LumB,4.0,Positive,Positive,3.0,Neutral,Negative,Lobular,1.0,Post,1,Right,2.0,8.0,5.0360000000000005,ILC,Negative,1.0,1,ER+/HER2- High Prolif,18.0,2.0,1,39.5011907144865,1
56.93,Breast Conserving,Breast Cancer,Breast Invasive Ductal Carcinoma,Low,1.0,Her2,4.0,Negative,Negative,3.0,Gain,Positive,Ductal/NST,1.0,Post,5,Left,16.0,7.0,6.0520000000000005,IDC,Negative,1.0,1,HER2+,26.0,2.0,1,85.60229400018436,1
64.24,Breast Conserving,Breast Cancer,Breast Invasive Ductal Carcinoma,Moderate,0.0,LumA,4.0,Positive,Positive,3.0,Neutral,Negative,Ductal/NST,1.0,Post,4ER+,Left,0.0,3.0,2.042,IDC,Negative,1.0,1,ER+/HER2- Low Prolif,21.0,2.0,0,106.92168526022316,0
68.16,Breast Conserving,Breast Cancer,Breast Invasive Ductal Carcinoma,High,0.0,LumB,4.0,Positive,Positive,3.0,Neutral,Negative,Ductal/NST,1.0,Post,8,Left,0.0,3.0,4.044,IDC,Positive,1.0,1,ER+/HER2- High Prolif,22.0,2.0,0,102.52468186457858,0
58.27,Mastectomy,Breast Cancer,Breast Invasive Ductal Carcinoma,Moderate,0.0,LumB,4.0,Positive,Positive,3.0,Neutral,Negative,Ductal/NST,1.0,Post,8,Right,5.0,8.0,6.12,IDC,Negative,0.0,1,ER+/HER2- High Prolif,60.0,2.0,1,94.10460886808615,1
78.16,Mastectomy,Breast Cancer,Breast Invasive Ductal Carcinoma,High,0.0,LumA,4.0,Positive,Positive,2.0,Neutral,Negative,Ductal/NST,1.0,Post,7,Left,0.0,8.0,3.0236,IDC,Positive,0.0,1,ER+/HER2- Low Prolif,11.8,2.0,0,62.169622831485725,0
55.52,Mastectomy,Breast Cancer,Breast Invasive Ductal Carcinoma,High,0.0,LumB,4.0,Positive,Positive,2.0,Neutral,Negative,Ductal/NST,1.0,Post,2,Right,0.0,2.0,3.026,IDC,Positive,0.0,1,ER+/HER2- High Prolif,13.0,2.0,0,78.18770135671971,0
61.38,Breast Conserving,Breast Cancer,Breast Invasive Ductal Carcinoma,High,0.0,Her2,4.0,Negative,Negative,3.0,Gain,Positive,Ductal/NST,1.0,Post,5,Left,0.0,1.0,4.0680000000000005,IDC,Negative,1.0,1,HER2+,34.0,2.0,0,75.78675419465057,0
59.34,Breast Conserving,Breast Cancer,Breast Invasive Ductal Carcinoma,High,0.0,LumB,4.0,Positive,Positive,3.0,Neutral,Negative,Ductal/NST,1.0,Post,8,Right,0.0,4.0,4.045,IDC,Positive,1.0,1,ER+/HER2- High Prolif,22.5,2.0,1,76.32898398564718,1
44.42,Breast Conserving,Breast Cancer,Breast Invasive Ductal Carcinoma,High,1.0,Basal,4.0,Negative,Negative,3.0,Neutral,Negative,Ductal/NST,0.0,Pre,10,Right,2.0,9.0,5.05,IDC,Negative,1.0,1,ER-/HER2-,25.0,2.0,0,81.60818444829114,0
76.98,Mastectomy,Breast Cancer,Breast Mixed Ductal and Lobular Carcinoma,High,0.0,LumB,4.0,Positive,Positive,3.0,Neutral,Negative,Mixed,1.0,Post,6,Right,0.0,6.0,4.06,MDLC,Positive,0.0,1,ER+/HER2- High Prolif,30.0,2.0,0,65.25856480583032,0
62.97,Mastectomy,Breast Cancer,Invasive Breast Carcinoma,Low,1.0,LumA,4.0,Positive,Positive,3.0,Neutral,Negative,Ductal/NST,1.0,Post,8,Left,0.0,5.0,6.26,BRCA,Positive,1.0,1,ER+/HER2- High Prolif,130.0,2.0,1,62.9302283634171,1
66.52,Mastectomy,Breast Cancer,Breast Invasive Ductal Carcinoma,Moderate,0.0,LumB,4.0,Positive,Positive,3.0,Neutral,Negative,Ductal/NST,1.0,Post,9,Left,14.0,5.0,6.1,IDC,Negative,1.0,1,ER+/HER2- High Prolif,50.0,2.0,1,56.478818727905,1
70.88,Mastectomy,Breast Cancer,Breast Invasive Ductal Carcinoma,High,0.0,LumB,4.0,Positive,Positive,3.0,Neutral,Negative,Ductal/NST,0.0,Post,3,Right,0.0,5.0,4.074,IDC,Negative,0.0,1,ER+/HER2- High Prolif,37.0,2.0,0,116.21746938186376,0
59.06,Mastectomy,Breast Cancer,Breast Invasive Ductal Carcinoma,High,0.0,Basal,4.0,Positive,Negative,3.0,Neutral,Negative,Ductal/NST,1.0,Post,10,Left,0.0,9.0,4.042,IDC,Negative,0.0,1,ER-/HER2-,21.0,2.0,0,93.22813444274257,0
62.13,Mastectomy,Breast Cancer,Breast Invasive Ductal Carcinoma,High,0.0,Her2,4.0,Positive,Positive,3.0,Gain,Negative,Ductal/NST,1.0,Post,9,Left,0.0,4.0,4.0360000000000005,IDC,Negative,0.0,1,ER+/HER2- High Prolif,18.0,2.0,0,78.33145863948141,0
74.11,Mastectomy,Breast Cancer,Breast Invasive Ductal Carcinoma,High,0.0,Her2,4.0,Positive,Positive,2.0,Neutral,Negative,Ductal/NST,1.0,Post,8,Right,0.0,12.0,3.05,IDC,Negative,0.0,1,ER+/HER2- High Prolif,25.0,2.0,0,83.818891024457,0
77.54,Mastectomy,Breast Cancer,Breast Invasive Ductal Carcinoma,High,0.0,Basal,4.0,Negative,Negative,3.0,Neutral,Negative,Ductal/NST,1.0,Post,10,Right,0.0,14.0,4.0652,IDC,Negative,0.0,1,ER-/HER2-,32.6,2.0,1,49.677772786643494,1
41.14,Breast Conserving,Breast Cancer,Breast Invasive Ductal Carcinoma,High,1.0,Basal,4.0,Negative,Negative,3.0,Neutral,Negative,Ductal/NST,0.0,Pre,10,Left,1.0,5.0,5.0344,IDC,Negative,1.0,1,ER-/HER2-,17.2,2.0,0,86.83215243029014,0
56.86,Mastectomy,Breast Cancer,Breast Invasive Ductal Carcinoma,High,0.0,LumB,4.0,Positive,Positive,2.0,Neutral,Negative,Ductal/NST,1.0,Post,8,Right,2.0,7.0,4.038,IDC,Positive,1.0,1,ER+/HER2- High Prolif,19.0,2.0,0,96.03566000163704,0
50.73,Mastectomy,Breast Cancer,Breast Invasive Ductal Carcinoma,High,1.0,claudin-low,4.0,Negative,Negative,3.0,Neutral,Negative,Ductal/NST,0.0,Post,4ER-,Left,16.0,6.0,6.058,IDC,Negative,0.0,1,ER-/HER2-,29.0,2.0,1,112.38914757876519,1
60.45,Breast Conserving,Breast Cancer,Breast Invasive Ductal Carcinoma,High,1.0,Basal,4.0,Negative,Negative,3.0,Neutral,Negative,Ductal/NST,1.0,Post,10,Left,0.0,3.0,4.0680000000000005,IDC,Negative,1.0,1,ER+/HER2- High Prolif,34.0,2.0,1,101.70689604107474,1
51.34,Breast Conserving,Breast Cancer,Breast Invasive Ductal Carcinoma,High,0.0,Her2,4.0,Positive,Positive,3.0,Gain,Negative,Ductal/NST,1.0,Post,9,Left,0.0,11.0,4.046,IDC,Positive,1.0,1,ER+/HER2- High Prolif,23.0,2.0,0,90.94076566178987,0
47.67,Breast Conserving,Breast Cancer,Breast Invasive Ductal Carcinoma,Low,0.0,LumA,4.0,Positive,Positive,2.0,Gain,Negative,Ductal/NST,0.0,Pre,6,Left,5.0,3.0,5.092,IDC,Positive,1.0,1,ER+/HER2- High Prolif,46.0,2.0,0,115.16351839286504,0
59.84,Breast Conserving,Breast Cancer,Breast Invasive Ductal Carcinoma,Moderate,0.0,LumA,4.0,Positive,Positive,1.0,Neutral,Negative,Ductal/NST,1.0,Post,3,Right,0.0,2.0,2.0276,IDC,Positive,1.0,1,ER+/HER2- Low Prolif,13.8,2.0,0,89.81780897434982,0
43.81,Mastectomy,Breast Cancer,Breast Invasive Ductal Carcinoma,Moderate,1.0,LumA,4.0,Negative,Positive,2.0,Neutral,Negative,Ductal/NST,1.0,Pre,3,Left,15.0,3.0,5.06,IDC,Positive,0.0,1,ER+/HER2- Low Prolif,30.0,2.0,1,116.22290635198335,1
49.13,Breast Conserving,Breast Cancer,Breast Invasive Ductal Carcinoma,High,0.0,LumA,4.0,Positive,Positive,1.0,Neutral,Negative,Ductal/NST,1.0,Pre,3,Left,2.0,5.0,3.0314,IDC,Positive,1.0,1,ER+/HER2- Low Prolif,15.7,2.0,0,119.52948088939876,0
28.78,Breast Conserving,Breast Cancer,Breast Invasive Ductal Carcinoma,High,1.0,Basal,4.0,Negative,Negative,3.0,Neutral,Negative,Ductal/NST,0.0,Pre,10,Left,1.0,7.0,5.364,IDC,Negative,1.0,1,ER-/HER2-,182.0,2.0,0,111.08549746470574,0
43.26,Mastectomy,Breast Cancer,Breast Invasive Ductal Carcinoma,High,0.0,Her2,4.0,Positive,Positive,2.0,Neutral,Negative,Ductal/NST,1.0,Pre,8,Left,0.0,5.0,3.17,IDC,Positive,1.0,1,ER+/HER2- Low Prolif,85.0,2.0,0,72.51063086144015,0
60.33,Mastectomy,Breast Cancer,Breast Invasive Ductal Carcinoma,Low,0.0,LumA,4.0,Positive,Positive,3.0,Neutral,Negative,Ductal/NST,1.0,Post,7,Right,0.0,9.0,4.05,IDC,Positive,0.0,1,ER+/HER2- Low Prolif,25.0,2.0,0,115.83571287863498,0
58.56,Breast Conserving,Breast Cancer,Breast Invasive Ductal Carcinoma,High,0.0,LumA,4.0,Positive,Positive,2.0,Neutral,Negative,Ductal/NST,1.0,Post,4ER+,Left,0.0,15.0,3.04,IDC,Negative,1.0,1,ER+/HER2- High Prolif,20.0,2.0,0,66.98198387312857,0
71.82,Breast Conserving,Breast Cancer,Breast Invasive Ductal Carcinoma,High,0.0,LumB,4.0,Positive,Positive,3.0,Neutral,Negative,Ductal/NST,1.0,Post,9,Right,3.0,7.0,5.062,IDC,Positive,1.0,1,ER+/HER2- High Prolif,31.0,2.0,0,109.04698250947149,0
62.7,Mastectomy,Breast Cancer,Breast Invasive Ductal Carcinoma,High,0.0,LumB,4.0,Positive,Positive,2.0,Neutral,Negative,Ductal/NST,1.0,Post,8,Right,3.0,3.0,4.0366,IDC,Positive,0.0,1,ER+/HER2- High Prolif,18.3,2.0,0,82.8373976085948,0
67.4,Mastectomy,Breast Cancer,Breast Invasive Lobular Carcinoma,High,0.0,LumA,4.0,Positive,Positive,2.0,Neutral,Negative,Lobular,1.0,Post,8,Right,0.0,5.0,3.0432,ILC,Negative,0.0,1,ER+/HER2- High Prolif,21.6,2.0,1,25.42410013643883,1
60.63,Breast Conserving,Breast Cancer,Breast Invasive Ductal Carcinoma,High,0.0,LumB,4.0,Positive,Positive,3.0,Neutral,Negative,Ductal/NST,1.0,Post,6,Right,0.0,6.0,4.04,IDC,Negative,1.0,1,ER+/HER2- High Prolif,20.0,2.0,0,112.67845922670418,0
50.51,Breast Conserving,Breast Cancer,Breast Invasive Ductal Carcinoma,High,0.0,LumA,4.0,Positive,Positive,2.0,Neutral,Negative,Ductal/NST,1.0,Post,8,Right,1.0,2.0,4.0569999999999995,IDC,Positive,1.0,1,ER+/HER2- High Prolif,28.5,2.0,0,112.08340140644702,0
63.09,Breast Conserving,Breast Cancer,Breast Invasive Ductal Carcinoma,High,0.0,LumB,4.0,Positive,Positive,3.0,Gain,Negative,Ductal/NST,1.0,Post,1,Left,1.0,6.0,5.042,IDC,Negative,1.0,1,ER+/HER2- High Prolif,21.0,2.0,0,108.35552400705727,0
58.26,Mastectomy,Breast Cancer,Breast Invasive Ductal Carcinoma,Moderate,1.0,Her2,4.0,Positive,Positive,3.0,Neutral,Negative,Ductal/NST,1.0,Post,9,Left,0.0,6.0,4.053999999999999,IDC,Negative,0.0,1,ER+/HER2- High Prolif,27.0,2.0,1,90.93368732199357,1
70.76,Breast Conserving,Breast Cancer,Breast Invasive Ductal Carcinoma,High,0.0,LumA,4.0,Positive,Positive,2.0,Neutral,Negative,Ductal/NST,1.0,Post,8,Left,8.0,9.0,5.0324,IDC,Positive,1.0,1,ER+/HER2- Low Prolif,16.2,2.0,0,107.40182617842368,0
49.35,Breast Conserving,Breast Cancer,Breast Invasive Ductal Carcinoma,Moderate,1.0,Normal,4.0,Negative,Negative,2.0,Gain,Positive,Ductal/NST,1.0,Pre,5,Left,0.0,7.0,3.0046,IDC,Negative,1.0,1,HER2+,2.3,2.0,0,78.28074834588244,0
68.45,Breast Conserving,Breast Cancer,Invasive Breast Carcinoma,High,0.0,LumB,4.0,Positive,Positive,3.0,Neutral,Negative,Ductal/NST,1.0,Post,7,Left,0.0,5.0,1.05,BRCA,Positive,1.0,1,ER+/HER2- Low Prolif,25.0,2.0,0,64.85515698307513,0
58.75,Breast Conserving,Breast Cancer,Breast Invasive Ductal Carcinoma,High,1.0,LumB,4.0,Positive,Positive,2.0,Loss,Negative,Ductal/NST,1.0,Post,1,Right,1.0,1.0,4.042,IDC,Negative,1.0,1,ER+/HER2- High Prolif,21.0,2.0,0,84.17881072590968,0
76.65,Mastectomy,Breast Cancer,Breast Invasive Ductal Carcinoma,Moderate,0.0,LumB,4.0,Positive,Positive,3.0,Gain,Negative,Ductal/NST,1.0,Post,6,Left,0.0,3.0,4.0304,IDC,Positive,0.0,1,ER+/HER2- High Prolif,15.2,2.0,1,113.34076933667208,1
63.71,Breast Conserving,Breast Cancer,Breast Invasive Ductal Carcinoma,High,1.0,LumB,4.0,Positive,Positive,2.0,Neutral,Negative,Ductal/NST,1.0,Post,2,Left,0.0,5.0,3.043,IDC,Negative,0.0,1,ER+/HER2- High Prolif,21.5,2.0,1,31.573171145891298,1
72.99,Mastectomy,Breast Cancer,Breast Invasive Lobular Carcinoma,Moderate,0.0,LumA,4.0,Positive,Positive,2.0,Neutral,Negative,Lobular,1.0,Post,8,Left,0.0,3.0,3.05,ILC,Positive,0.0,1,ER+/HER2- Low Prolif,25.0,2.0,1,19.18159687561197,1
67.99,Mastectomy,Breast Cancer,Breast Invasive Ductal Carcinoma,High,0.0,Her2,4.0,Positive,Positive,3.0,Neutral,Negative,Ductal/NST,1.0,Post,9,Right,4.0,5.0,6.15,IDC,Positive,1.0,1,ER+/HER2- High Prolif,75.0,2.0,1,92.04103012332638,1
70.58,Mastectomy,Breast Cancer,Breast Invasive Ductal Carcinoma,High,0.0,LumB,4.0,Positive,Positive,2.0,Neutral,Negative,Ductal/NST,1.0,Post,8,Right,1.0,7.0,4.04,IDC,Positive,0.0,1,ER+/HER2- High Prolif,20.0,2.0,0,70.41147089919052,0
67.89,Mastectomy,Breast Cancer,Breast Invasive Ductal Carcinoma,High,0.0,Basal,4.0,Positive,Positive,3.0,Neutral,Negative,Ductal/NST,1.0,Post,6,Left,0.0,4.0,4.08,IDC,Positive,0.0,1,ER+/HER2- High Prolif,40.0,2.0,1,74.04309622343048,1
81.14,Mastectomy,Breast Cancer,Breast Invasive Ductal Carcinoma,High,0.0,LumB,4.0,Positive,Positive,2.0,Neutral,Negative,Ductal/NST,1.0,Post,8,Left,1.0,4.0,4.04,IDC,Negative,0.0,1,ER+/HER2- High Prolif,20.0,2.0,1,102.91750788989339,1
71.69,Breast Conserving,Breast Cancer,Breast Invasive Ductal Carcinoma,Moderate,0.0,LumB,4.0,Positive,Positive,3.0,Neutral,Negative,Ductal/NST,1.0,Post,8,Left,0.0,7.0,4.046,IDC,Positive,1.0,1,ER+/HER2- High Prolif,23.0,2.0,1,27.095416675639264,1
62.07,Breast Conserving,Breast Cancer,Breast Invasive Ductal Carcinoma,High,0.0,claudin-low,4.0,Positive,Negative,2.0,Neutral,Negative,Ductal/NST,1.0,Post,3,Right,0.0,4.0,3.032,IDC,Positive,1.0,1,ER-/HER2-,16.0,2.0,0,101.69706533414771,0
38.17,Breast Conserving,Breast Cancer,Breast Invasive Ductal Carcinoma,Moderate,1.0,Basal,4.0,Negative,Negative,3.0,Neutral,Negative,Ductal/NST,1.0,Pre,10,Left,2.0,15.0,5.05,IDC,Negative,1.0,1,ER-/HER2-,25.0,2.0,0,80.76598359226713,0
43.28,Mastectomy,Breast Cancer,Breast Invasive Ductal Carcinoma,High,1.0,Her2,4.0,Negative,Negative,3.0,Gain,Positive,Ductal/NST,1.0,Pre,1,Right,1.0,4.0,2.06,IDC,Negative,1.0,1,ER-/HER2-,30.0,2.0,1,97.88886968086814,1
48.83,Mastectomy,Breast Cancer,Breast Invasive Ductal Carcinoma,High,1.0,Basal,4.0,Negative,Negative,3.0,Neutral,Negative,Ductal/NST,1.0,Pre,10,Left,9.0,4.0,6.0622,IDC,Negative,1.0,1,ER-/HER2-,31.1,2.0,1,33.77575056515641,1
62.26,Mastectomy,Breast Cancer,Breast Invasive Lobular Carcinoma,High,0.0,LumA,4.0,Positive,Positive,3.0,Gain,Negative,Lobular,1.0,Post,3,Left,0.0,3.0,4.0286,ILC,Positive,0.0,1,ER+/HER2- Low Prolif,14.3,2.0,1,29.67484182949609,1
60.15,Breast Conserving,Breast Cancer,Breast Invasive Ductal Carcinoma,Moderate,0.0,claudin-low,4.0,Positive,Positive,2.0,Neutral,Negative,Medullary,1.0,Post,4ER+,Left,2.0,6.0,4.031000000000001,IDC,Negative,1.0,1,ER+/HER2- Low Prolif,15.5,2.0,0,118.5366120515949,0
79.23,Mastectomy,Breast Cancer,Breast Invasive Lobular Carcinoma,Moderate,0.0,LumB,4.0,Positive,Positive,2.0,Neutral,Negative,Lobular,1.0,Post,4ER+,Left,0.0,1.0,3.04,ILC,Positive,0.0,1,ER+/HER2- Low Prolif,20.0,2.0,0,98.45832464071992,0
62.61,Breast Conserving,Breast Cancer,Breast Invasive Ductal Carcinoma,Low,0.0,LumA,4.0,Positive,Positive,3.0,Neutral,Negative,Ductal/NST,0.0,Post,3,Right,0.0,5.0,1.02,IDC,Positive,1.0,1,ER+/HER2- Low Prolif,10.0,2.0,1,29.74070617654724,1
57.87,Breast Conserving,Breast Cancer,Breast Invasive Lobular Carcinoma,Moderate,0.0,LumA,4.0,Positive,Positive,1.0,Neutral,Negative,Lobular,1.0,Post,3,Left,2.0,5.0,3.0252,ILC,Positive,1.0,1,ER+/HER2- Low Prolif,12.6,2.0,0,109.34883381806166,0
60.07,Mastectomy,Breast Cancer,Breast Invasive Ductal Carcinoma,High,0.0,LumA,4.0,Positive,Positive,1.0,Neutral,Negative,Ductal/NST,1.0,Post,8,Left,1.0,3.0,3.025,IDC,Positive,1.0,1,ER+/HER2- Low Prolif,12.5,2.0,0,67.9514803645109,0
70.97,Breast Conserving,Breast Cancer,Breast Invasive Ductal Carcinoma,Moderate,0.0,LumB,4.0,Positive,Positive,2.0,Neutral,Negative,Ductal/NST,1.0,Post,8,Left,0.0,8.0,3.0502,IDC,Positive,1.0,1,ER+/HER2- Low Prolif,25.1,2.0,0,111.72086893635735,0
49.61,Mastectomy,Breast Cancer,Breast Invasive Ductal Carcinoma,High,1.0,Basal,4.0,Negative,Negative,3.0,Gain,Negative,Ductal/NST,1.0,Pre,10,Left,3.0,5.0,5.0760000000000005,IDC,Negative,1.0,1,ER+/HER2- High Prolif,38.0,2.0,1,99.97406978498927,1
67.88,Mastectomy,Breast Cancer,Breast Invasive Ductal Carcinoma,High,1.0,LumB,4.0,Positive,Positive,3.0,Gain,Negative,Ductal/NST,1.0,Post,6,Left,3.0,4.0,5.0352,IDC,Negative,0.0,1,ER+/HER2- High Prolif,17.6,2.0,1,83.84129983518962,1
72.66,Mastectomy,Breast Cancer,Breast Invasive Ductal Carcinoma,Moderate,0.0,Normal,4.0,Positive,Positive,2.0,Neutral,Negative,Ductal/NST,1.0,Post,3,Left,0.0,2.0,3.034,IDC,Negative,0.0,1,ER+/HER2- High Prolif,17.0,2.0,1,68.49106587506489,1
58.92,Mastectomy,Breast Cancer,Breast Invasive Ductal Carcinoma,Low,0.0,Normal,4.0,Positive,Positive,2.0,Gain,Negative,Ductal/NST,1.0,Post,7,Left,6.0,7.0,5.07,IDC,Positive,0.0,1,ER+/HER2- Low Prolif,35.0,2.0,0,115.36543143080365,0
73.52,Mastectomy,Breast Cancer,Breast Mixed Ductal and Lobular Carcinoma,High,0.0,LumA,4.0,Positive,Positive,3.0,Neutral,Negative,Mixed,1.0,Post,8,Right,1.0,7.0,5.058,MDLC,Positive,0.0,1,ER+/HER2- High Prolif,29.0,2.0,1,50.75369228533827,1
51.45,Breast Conserving,Breast Cancer,Breast Invasive Ductal Carcinoma,Moderate,0.0,LumA,4.0,Positive,Positive,2.0,Neutral,Negative,Ductal/NST,1.0,Post,3,Left,0.0,8.0,3.03,IDC,Positive,1.0,1,ER+/HER2- High Prolif,15.0,2.0,0,89.22371512913615,0
68.41,Mastectomy,Breast Cancer,Breast Invasive Ductal Carcinoma,Moderate,0.0,LumA,4.0,Positive,Positive,3.0,Neutral,Negative,Ductal/NST,0.0,Post,4ER+,Left,0.0,8.0,1.0759999999999998,IDC,Positive,0.0,1,ER+/HER2- Low Prolif,38.0,2.0,0,96.37517626505864,0
58.37,Mastectomy,Breast Cancer,Breast Invasive Ductal Carcinoma,High,0.0,LumA,4.0,Positive,Positive,2.0,Neutral,Negative,Ductal/NST,0.0,Post,8,Right,0.0,4.0,3.00424,IDC,Positive,0.0,1,ER+/HER2- Low Prolif,2.12,2.0,0,105.88858805417972,0
74.76,Mastectomy,Breast Cancer,Breast Invasive Ductal Carcinoma,Moderate,0.0,Her2,4.0,Positive,Positive,2.0,Neutral,Negative,Ductal/NST,1.0,Post,8,Left,0.0,6.0,3.0426,IDC,Positive,0.0,1,ER+/HER2- Low Prolif,21.3,2.0,0,70.49031763562475,0
63.43,Breast Conserving,Breast Cancer,Breast Invasive Ductal Carcinoma,High,0.0,LumB,4.0,Positive,Positive,3.0,Neutral,Negative,Ductal/NST,1.0,Post,6,Left,0.0,4.0,4.016,IDC,Negative,1.0,1,ER+/HER2- High Prolif,8.0,2.0,0,90.15396458780654,0
62.45,Mastectomy,Breast Cancer,Breast,High,0.0,LumA,4.0,Positive,Positive,2.0,Gain,Negative,Other,1.0,Post,8,Left,2.0,12.0,4.04,BREAST,Positive,0.0,1,ER+/HER2- Low Prolif,20.0,2.0,0,83.91978166633879,0
51.46,Breast Conserving,Breast Cancer,Invasive Breast Carcinoma,Moderate,0.0,LumB,4.0,Positive,Positive,2.0,Gain,Negative,Ductal/NST,1.0,Post,8,Left,5.0,1.0,5.04464,BRCA,Positive,1.0,1,ER+/HER2- Low Prolif,22.32,2.0,0,68.78243952973494,0
77.37,Mastectomy,Breast Cancer,Breast Invasive Ductal Carcinoma,Moderate,0.0,NC,4.0,Positive,Positive,2.0,Gain,Negative,Ductal/NST,1.0,Post,9,Left,8.0,10.0,5.0360000000000005,IDC,Positive,0.0,1,ER+/HER2- High Prolif,18.0,2.0,1,106.7376584078157,1
71.11,Mastectomy,Breast Cancer,Breast Invasive Ductal Carcinoma,High,0.0,Her2,4.0,Positive,Positive,3.0,Neutral,Negative,Ductal/NST,1.0,Post,8,Left,0.0,7.0,4.053999999999999,IDC,Negative,0.0,1,ER+/HER2- High Prolif,27.0,2.0,1,54.38407160164462,1
47.85,Mastectomy,Breast Cancer,Breast Invasive Ductal Carcinoma,Moderate,0.0,LumB,4.0,Positive,Positive,2.0,Neutral,Negative,Ductal/NST,0.0,Pre,7,Left,1.0,9.0,4.046,IDC,Positive,0.0,1,ER+/HER2- Low Prolif,23.0,2.0,0,82.05206533749188,0
78.89,Mastectomy,Breast Cancer,Breast Invasive Ductal Carcinoma,Moderate,0.0,LumA,4.0,Positive,Positive,1.0,Neutral,Negative,Ductal/NST,1.0,Post,8,Left,0.0,5.0,2.0340000000000003,IDC,Negative,0.0,1,ER+/HER2- Low Prolif,17.0,2.0,0,64.09033856312962,0
54.81,Breast Conserving,Breast Cancer,Breast Invasive Ductal Carcinoma,Moderate,0.0,LumA,4.0,Positive,Positive,1.0,Neutral,Negative,Ductal/NST,0.0,Post,8,Right,1.0,10.0,3.0239999999999996,IDC,Positive,1.0,1,ER+/HER2- Low Prolif,12.0,2.0,0,61.54871441696922,0
75.13,Breast Conserving,Breast Cancer,Breast Invasive Ductal Carcinoma,Low,0.0,LumA,4.0,Positive,Positive,3.0,Gain,Negative,Ductal/NST,1.0,Post,8,Left,0.0,4.0,1.042,IDC,Positive,1.0,1,ER+/HER2- Low Prolif,21.0,2.0,1,100.19273946293032,1
48.45,Breast Conserving,Breast Cancer,Breast Invasive Ductal Carcinoma,Moderate,0.0,Her2,4.0,Negative,Negative,3.0,Gain,Positive,Ductal/NST,0.0,Pre,5,Left,0.0,10.0,4.0354,IDC,Negative,1.0,1,HER2+,17.7,2.0,1,59.42657012558359,1
54.66,Mastectomy,Breast Cancer,Breast Invasive Ductal Carcinoma,Moderate,0.0,Her2,4.0,Positive,Negative,3.0,Gain,Positive,Ductal/NST,1.0,Post,5,Left,5.0,1.0,6.03094,IDC,Negative,0.0,1,HER2+,15.47,2.0,1,52.70999837789002,1
74.8,Mastectomy,Breast Cancer,Breast Invasive Ductal Carcinoma,High,0.0,Her2,4.0,Positive,Negative,3.0,Gain,Negative,Ductal/NST,1.0,Post,4ER+,Left,5.0,9.0,6.07,IDC,Negative,0.0,1,ER-/HER2-,35.0,2.0,1,61.969416852317494,1
69.72,Mastectomy,Breast Cancer,Breast Invasive Ductal Carcinoma,High,0.0,LumB,4.0,Positive,Positive,2.0,Neutral,Negative,Ductal/NST,1.0,Post,3,Left,0.0,3.0,3.05,IDC,Negative,0.0,1,ER+/HER2- High Prolif,25.0,2.0,1,44.548810409727345,1
62.46,Mastectomy,Breast Cancer,Breast Invasive Ductal Carcinoma,Moderate,0.0,LumA,4.0,Positive,Positive,2.0,Neutral,Negative,Ductal/NST,1.0,Post,8,Left,2.0,8.0,4.046,IDC,Positive,0.0,1,ER+/HER2- High Prolif,23.0,2.0,0,68.10997734928937,0
50.92,Breast Conserving,Breast Cancer,Breast Invasive Ductal Carcinoma,High,1.0,Her2,4.0,Negative,Negative,2.0,Gain,Positive,Ductal/NST,1.0,Post,5,Left,17.0,4.0,5.08,IDC,Negative,1.0,1,HER2+,40.0,2.0,1,92.74181305903512,1
45.11,Breast Conserving,Breast Cancer,Breast Invasive Ductal Carcinoma,High,1.0,Basal,4.0,Negative,Negative,3.0,Neutral,Negative,Ductal/NST,1.0,Pre,10,Left,6.0,12.0,6.06,IDC,Negative,1.0,1,ER+/HER2- High Prolif,30.0,2.0,1,66.29380212998775,1
83.8,Breast Conserving,Breast Cancer,Breast Invasive Ductal Carcinoma,Moderate,0.0,Her2,4.0,Positive,Positive,3.0,Neutral,Negative,Ductal/NST,1.0,Post,9,Left,1.0,10.0,5.08,IDC,Negative,0.0,1,ER+/HER2- High Prolif,40.0,2.0,1,37.078971075856266,1
63.89,Breast Conserving,Breast Cancer,Breast Invasive Ductal Carcinoma,High,0.0,LumB,4.0,Positive,Positive,2.0,Gain,Negative,Ductal/NST,1.0,Post,9,Left,2.0,6.0,4.06,IDC,Positive,1.0,1,ER+/HER2- High Prolif,30.0,2.0,0,117.78690669535042,0
60.57,Breast Conserving,Breast Cancer,Breast Invasive Ductal Carcinoma,Moderate,0.0,Normal,4.0,Positive,Positive,3.0,Neutral,Negative,Ductal/NST,1.0,Post,4ER+,Left,11.0,3.0,6.07,IDC,Negative,1.0,1,ER+/HER2- Low Prolif,35.0,2.0,1,109.1540539136534,1
59.82,Breast Conserving,Breast Cancer,Breast Invasive Ductal Carcinoma,Moderate,0.0,LumB,4.0,Positive,Positive,1.0,Neutral,Negative,Ductal/NST,1.0,Post,9,Left,1.0,4.0,3.08,IDC,Positive,1.0,1,ER+/HER2- High Prolif,40.0,2.0,1,53.46025190830683,1
28.37,Mastectomy,Breast Cancer,Breast Invasive Ductal Carcinoma,Moderate,1.0,Basal,4.0,Negative,Negative,3.0,Gain,Negative,Ductal/NST,0.0,Pre,10,Left,3.0,7.0,5.041,IDC,Negative,1.0,1,ER+/HER2- High Prolif,20.5,2.0,0,92.97177215370101,0
34.64,Mastectomy,Breast Cancer,Breast Invasive Ductal Carcinoma,Moderate,0.0,LumA,4.0,Positive,Positive,3.0,Loss,Negative,Ductal/NST,1.0,Pre,8,Left,1.0,6.0,5.1,IDC,Positive,1.0,1,ER+/HER2- High Prolif,50.0,2.0,0,117.94932966919319,0
36.6,Breast Conserving,Breast Cancer,Breast Invasive Ductal Carcinoma,Moderate,1.0,Basal,4.0,Negative,Negative,3.0,Gain,Negative,Ductal/NST,1.0,Pre,10,Left,2.0,4.0,5.05,IDC,Negative,1.0,1,ER-/HER2-,25.0,2.0,1,70.70370900031077,1
50.84,Mastectomy,Breast Cancer,Breast Invasive Ductal Carcinoma,High,1.0,Basal,4.0,Negative,Negative,3.0,Neutral,Negative,Ductal/NST,0.0,Post,10,Left,1.0,8.0,5.032,IDC,Negative,0.0,1,ER-/HER2-,16.0,2.0,0,85.94987269980791,0
47.47,Breast Conserving,Breast Cancer,Breast Invasive Lobular Carcinoma,High,1.0,Her2,4.0,Negative,Negative,3.0,Gain,Positive,Lobular,0.0,Pre,5,Left,1.0,5.0,5.04,ILC,Negative,1.0,1,HER2+,20.0,2.0,0,78.70896798511558,0
30.02,Mastectomy,Breast Cancer,Breast Invasive Ductal Carcinoma,High,1.0,Her2,4.0,Negative,Negative,3.0,Gain,Positive,Ductal/NST,0.0,Pre,5,Right,3.0,8.0,5.04,IDC,Positive,0.0,1,HER2+,20.0,2.0,1,109.89898798417107,1
61.27,Breast Conserving,Breast Cancer,Breast Invasive Ductal Carcinoma,High,0.0,LumA,4.0,Positive,Positive,1.0,Neutral,Negative,Ductal/NST,1.0,Post,8,Left,4.0,9.0,4.04,IDC,Positive,1.0,1,ER+/HER2- Low Prolif,20.0,2.0,0,90.36851177041464,0
56.78,Mastectomy,Breast Cancer,Breast Invasive Ductal Carcinoma,High,0.0,LumA,4.0,Positive,Positive,2.0,Neutral,Negative,Ductal/NST,1.0,Post,8,Left,3.0,3.0,4.06,IDC,Positive,0.0,1,ER+/HER2- Low Prolif,30.0,2.0,0,86.3707013179746,0
67.89,Mastectomy,Breast Cancer,Breast Invasive Ductal Carcinoma,High,0.0,LumA,4.0,Positive,Positive,2.0,Neutral,Negative,Ductal/NST,1.0,Post,3,Left,1.0,3.0,4.03,IDC,Positive,0.0,1,ER+/HER2- Low Prolif,15.0,2.0,0,66.33988105570464,0
86.14,Mastectomy,Breast Cancer,Breast Invasive Ductal Carcinoma,High,0.0,Her2,4.0,Positive,Positive,2.0,Gain,Negative,Ductal/NST,1.0,Post,9,Left,3.0,4.0,4.1,IDC,Positive,0.0,1,HER2+,50.0,2.0,1,79.41770355871114,1
63.5,Mastectomy,Breast Cancer,Breast Invasive Ductal Carcinoma,High,0.0,LumA,4.0,Positive,Positive,2.0,Neutral,Negative,Ductal/NST,1.0,Post,7,Left,6.0,6.0,5.08,IDC,Positive,0.0,1,ER+/HER2- High Prolif,40.0,2.0,0,98.44957888141238,0
51.22,Mastectomy,Breast Cancer,Breast Invasive Ductal Carcinoma,Moderate,1.0,Her2,4.0,Positive,Negative,3.0,Gain,Positive,Ductal/NST,1.0,Post,5,Left,3.0,3.0,5.032,IDC,Negative,1.0,1,HER2+,16.0,2.0,1,24.62498839650332,1
54.42,Breast Conserving,Breast Cancer,Breast Invasive Lobular Carcinoma,Moderate,1.0,LumB,4.0,Positive,Positive,2.0,Loss,Negative,Lobular,1.0,Post,6,Left,33.0,10.0,5.06,ILC,Negative,1.0,1,ER+/HER2- High Prolif,30.0,2.0,1,113.50186935025532,1
61.23,Mastectomy,Breast Cancer,Breast Invasive Ductal Carcinoma,High,0.0,LumA,4.0,Positive,Positive,3.0,Neutral,Negative,Ductal/NST,1.0,Post,6,Right,1.0,5.0,5.03,IDC,Negative,0.0,1,ER+/HER2- Low Prolif,15.0,2.0,0,72.96229095057598,0
53.14,Breast Conserving,Breast Cancer,Breast Invasive Ductal Carcinoma,Moderate,0.0,claudin-low,4.0,Positive,Positive,2.0,Gain,Negative,Ductal/NST,1.0,Post,6,Left,3.0,1.0,4.04,IDC,Positive,1.0,1,ER+/HER2- Low Prolif,20.0,2.0,1,79.79246973171313,1
66.48,Mastectomy,Breast Cancer,Breast Invasive Ductal Carcinoma,High,0.0,LumB,4.0,Positive,Positive,3.0,Neutral,Negative,Ductal/NST,1.0,Post,3,Left,3.0,2.0,5.05,IDC,Negative,0.0,1,ER+/HER2- High Prolif,25.0,2.0,0,97.17527729386977,0
63.09,Mastectomy,Breast Cancer,Breast Invasive Ductal Carcinoma,Moderate,0.0,LumB,4.0,Positive,Positive,3.0,Gain,Positive,Ductal/NST,1.0,Post,5,Left,10.0,9.0,6.06,IDC,Positive,0.0,1,ER+/HER2- High Prolif,30.0,2.0,1,48.169806382965305,1
55.7,Breast Conserving,Breast Cancer,Breast Invasive Ductal Carcinoma,High,0.0,LumB,4.0,Positive,Positive,2.0,Neutral,Negative,Ductal/NST,1.0,Post,8,Left,8.0,2.0,5.06,IDC,Negative,1.0,1,ER+/HER2- High Prolif,30.0,2.0,1,27.041383847645825,1
51.87,Mastectomy,Breast Cancer,Breast Invasive Ductal Carcinoma,Moderate,0.0,Normal,4.0,Positive,Positive,2.0,Gain,Negative,Ductal/NST,1.0,Post,4ER+,Left,5.0,5.0,5.13,IDC,Positive,0.0,1,ER+/HER2- Low Prolif,65.0,2.0,0,99.01206554388921,0
53.87,Mastectomy,Breast Cancer,Breast Invasive Ductal Carcinoma,High,0.0,claudin-low,4.0,Positive,Negative,3.0,Gain,Positive,Ductal/NST,1.0,Post,1,Left,22.0,4.0,6.1,IDC,Negative,0.0,1,HER2+,50.0,2.0,1,97.75472044119196,1
52.9,Breast Conserving,Breast Cancer,Breast Invasive Ductal Carcinoma,High,0.0,LumB,4.0,Positive,Positive,2.0,Gain,Negative,Ductal/NST,1.0,Post,6,Left,1.0,3.0,4.03,IDC,Positive,1.0,1,ER+/HER2- High Prolif,15.0,2.0,1,78.96785764027946,1
56.9,Mastectomy,Breast Cancer,Breast Invasive Ductal Carcinoma,High,0.0,LumA,4.0,Positive,Positive,3.0,Neutral,Negative,Ductal/NST,1.0,Post,3,Left,1.0,5.0,5.09,IDC,Positive,0.0,1,ER+/HER2- Low Prolif,45.0,2.0,0,69.12149118771889,0
59.2,Mastectomy,Breast Cancer,Breast Invasive Ductal Carcinoma,High,0.0,LumB,4.0,Positive,Positive,2.0,Gain,Negative,Ductal/NST,1.0,Post,1,Left,1.0,2.0,4.03,IDC,Positive,0.0,1,ER+/HER2- High Prolif,15.0,2.0,1,69.61379793344273,1
43.1,Breast Conserving,Breast Cancer,Breast Invasive Lobular Carcinoma,High,0.0,LumA,4.0,Positive,Positive,3.0,Neutral,Negative,Lobular,1.0,Pre,3,Right,1.0,4.0,5.05,ILC,Positive,1.0,1,ER+/HER2- Low Prolif,25.0,2.0,0,63.680977626640086,0
42.88,Mastectomy,Breast Cancer,Breast Invasive Ductal Carcinoma,High,0.0,LumB,4.0,Positive,Positive,3.0,Gain,Positive,Ductal/NST,0.0,Pre,5,Left,1.0,6.0,5.04,IDC,Negative,1.0,1,ER+/HER2- High Prolif,20.0,2.0,1,108.54039896950343,1
62.9,Mastectomy,Breast Cancer,Breast Invasive Ductal Carcinoma,High,0.0,LumB,4.0,Positive,Positive,3.0,Neutral,Negative,Ductal/NST,1.0,Post,1,Left,45.0,4.0,6.05,IDC,Positive,1.0,1,ER+/HER2- High Prolif,25.0,2.0,0,106.84569516410639,0
61.16,Mastectomy,Breast Cancer,Breast Invasive Ductal Carcinoma,Moderate,0.0,LumB,4.0,Positive,Positive,2.0,Neutral,Negative,Ductal/NST,1.0,Post,1,Left,12.0,15.0,5.05,IDC,Positive,0.0,1,ER+/HER2- High Prolif,25.0,2.0,1,97.16849881224933,1
60.02,Breast Conserving,Breast Cancer,Breast Invasive Ductal Carcinoma,High,0.0,LumB,4.0,Positive,Positive,3.0,Neutral,Negative,Ductal/NST,1.0,Post,10,Left,1.0,3.0,5.04,IDC,Negative,1.0,1,ER+/HER2- High Prolif,20.0,2.0,0,87.5880254261592,0
